연도,시도,회사,용도,수요가수,공급량
2001,강원,강원,개별난방용,23822.0,35680.0
2001,강원,강원,냉난방용,43.0,552.0
2001,강원,강원,산업용,5.0,25.0
2001,강원,강원,수송용,0.0,0.0
2001,강원,강원,업무난방용,379.0,7667.0
2001,강원,강원,연료전지용,,
2001,강원,강원,열병합용,0.0,0.0
2001,강원,강원,일반용1,923.0,2081.0
2001,강원,강원,일반용2,0.0,0.0
2001,강원,강원,집단에너지용,,
2001,강원,강원,취사용,15391.0,952.0
2001,강원,참빛,개별난방용,9946.0,6716.0
2001,강원,참빛,냉난방용,3.0,89.0
2001,강원,참빛,산업용,0.0,0.0
2001,강원,참빛,수송용,0.0,0.0
2001,강원,참빛,업무난방용,0.0,307.0
2001,강원,참빛,연료전지용,,
2001,강원,참빛,열병합용,0.0,0.0
2001,강원,참빛,일반용1,15.0,94.0
2001,강원,참빛,일반용2,0.0,0.0
2001,강원,참빛,집단에너지용,,
2001,강원,참빛,취사용,0.0,879.0
2001,강원,참빛영동,개별난방용,10277.0,8150.0
2001,강원,참빛영동,냉난방용,4.0,9.0
2001,강원,참빛영동,산업용,0.0,0.0
2001,강원,참빛영동,수송용,0.0,0.0
2001,강원,참빛영동,업무난방용,22.0,402.0
2001,강원,참빛영동,연료전지용,,
2001,강원,참빛영동,열병합용,0.0,0.0
2001,강원,참빛영동,일반용1,57.0,512.0
2001,강원,참빛영동,일반용2,0.0,0.0
2001,강원,참빛영동,집단에너지용,,
2001,강원,참빛영동,취사용,1003.0,54.0
2001,강원,참빛원주,개별난방용,32008.0,32130.0
2001,강원,참빛원주,냉난방용,37.0,503.0
2001,강원,참빛원주,산업용,6.0,3198.0
2001,강원,참빛원주,수송용,0.0,0.0
2001,강원,참빛원주,업무난방용,139.0,2510.0
2001,강원,참빛원주,연료전지용,,
2001,강원,참빛원주,열병합용,0.0,0.0
2001,강원,참빛원주,일반용1,401.0,1502.0
2001,강원,참빛원주,일반용2,0.0,0.0
2001,강원,참빛원주,집단에너지용,,
2001,강원,참빛원주,취사용,7930.0,4835.0
2001,경기,극동,개별난방용,100189.0,126627.0
2001,경기,극동,냉난방용,40.0,1572.0
2001,경기,극동,산업용,12.0,6605.0
2001,경기,극동,수송용,0.0,0.0
2001,경기,극동,업무난방용,809.0,5146.0
2001,경기,극동,연료전지용,,
2001,경기,극동,열병합용,0.0,0.0
2001,경기,극동,일반용1,1048.0,3573.0
2001,경기,극동,일반용2,46.0,4892.0
2001,경기,극동,집단에너지용,,
2001,경기,극동,취사용,20101.0,15092.0
2001,경기,대한,개별난방용,245289.0,237114.0
2001,경기,대한,냉난방용,213.0,7611.0
2001,경기,대한,산업용,225.0,49308.0
2001,경기,대한,수송용,1.0,54.0
2001,경기,대한,업무난방용,1939.0,23243.0
2001,경기,대한,연료전지용,,
2001,경기,대한,열병합용,2.0,1250.0
2001,경기,대한,일반용1,7644.0,20971.0
2001,경기,대한,일반용2,162.0,13966.0
2001,경기,대한,집단에너지용,,
2001,경기,대한,취사용,115635.0,41744.0
2001,경기,삼천리,개별난방용,909510.0,861582.0
2001,경기,삼천리,냉난방용,531.0,19537.0
2001,경기,삼천리,산업용,906.0,675526.0
2001,경기,삼천리,수송용,4.0,2908.0
2001,경기,삼천리,업무난방용,4195.0,89751.0
2001,경기,삼천리,연료전지용,,
2001,경기,삼천리,열병합용,0.0,0.0
2001,경기,삼천리,일반용1,10582.0,36050.0
2001,경기,삼천리,일반용2,284.0,28871.0
2001,경기,삼천리,집단에너지용,,
2001,경기,삼천리,취사용,371576.0,155634.0
2001,경기,서울,개별난방용,124069.0,122055.0
2001,경기,서울,냉난방용,115.0,5365.0
2001,경기,서울,산업용,97.0,11107.0
2001,경기,서울,수송용,0.0,0.0
2001,경기,서울,업무난방용,1995.0,9563.0
2001,경기,서울,연료전지용,,
2001,경기,서울,열병합용,0.0,0.0
2001,경기,서울,일반용1,8342.0,12338.0
2001,경기,서울,일반용2,213.0,10610.0
2001,경기,서울,집단에너지용,,
2001,경기,서울,취사용,135384.0,26433.0
2001,경기,한진,개별난방용,81065.0,109513.0
2001,경기,한진,냉난방용,48.0,1196.0
2001,경기,한진,산업용,138.0,31667.0
2001,경기,한진,수송용,0.0,0.0
2001,경기,한진,업무난방용,983.0,8670.0
2001,경기,한진,연료전지용,,
2001,경기,한진,열병합용,0.0,0.0
2001,경기,한진,일반용1,1051.0,4633.0
2001,경기,한진,일반용2,52.0,3514.0
2001,경기,한진,집단에너지용,,
2001,경기,한진,취사용,27509.0,12806.0
2001,경남,경남,개별난방용,170101.0,112789.0
2001,경남,경남,냉난방용,171.0,6644.0
2001,경남,경남,산업용,386.0,162838.0
2001,경남,경남,수송용,0.0,0.0
2001,경남,경남,업무난방용,565.0,16508.0
2001,경남,경남,연료전지용,,
2001,경남,경남,열병합용,0.0,0.0
2001,경남,경남,일반용1,15880.0,15419.0
2001,경남,경남,일반용2,190.0,10409.0
2001,경남,경남,집단에너지용,,
2001,경남,경남,취사용,24124.0,22818.0
2001,경남,신아,개별난방용,12144.0,11487.0
2001,경남,신아,냉난방용,13.0,857.0
2001,경남,신아,산업용,33.0,19917.0
2001,경남,신아,수송용,0.0,0.0
2001,경남,신아,업무난방용,8.0,1114.0
2001,경남,신아,연료전지용,,
2001,경남,신아,열병합용,0.0,0.0
2001,경남,신아,일반용1,70.0,230.0
2001,경남,신아,일반용2,3.0,519.0
2001,경남,신아,집단에너지용,,
2001,경남,신아,취사용,7364.0,672.0
2001,경북,경북,개별난방용,9259.0,7735.0
2001,경북,경북,냉난방용,6.0,97.0
2001,경북,경북,산업용,0.0,0.0
2001,경북,경북,수송용,0.0,0.0
2001,경북,경북,업무난방용,4.0,252.0
2001,경북,경북,연료전지용,,
2001,경북,경북,열병합용,0.0,0.0
2001,경북,경북,일반용1,232.0,537.0
2001,경북,경북,일반용2,0.0,0.0
2001,경북,경북,집단에너지용,,
2001,경북,경북,취사용,7232.0,682.0
2001,경북,구미,개별난방용,59071.0,52221.0
2001,경북,구미,냉난방용,32.0,1086.0
2001,경북,구미,산업용,168.0,219469.0
2001,경북,구미,수송용,0.0,0.0
2001,경북,구미,업무난방용,209.0,5700.0
2001,경북,구미,연료전지용,,
2001,경북,구미,열병합용,0.0,0.0
2001,경북,구미,일반용1,1433.0,3113.0
2001,경북,구미,일반용2,45.0,2421.0
2001,경북,구미,집단에너지용,,
2001,경북,구미,취사용,12209.0,7755.0
2001,경북,서라벌,개별난방용,25647.0,17975.0
2001,경북,서라벌,냉난방용,10.0,597.0
2001,경북,서라벌,산업용,16.0,16553.0
2001,경북,서라벌,수송용,0.0,0.0
2001,경북,서라벌,업무난방용,10.0,1247.0
2001,경북,서라벌,연료전지용,,
2001,경북,서라벌,열병합용,0.0,0.0
2001,경북,서라벌,일반용1,202.0,176.0
2001,경북,서라벌,일반용2,34.0,6922.0
2001,경북,서라벌,집단에너지용,,
2001,경북,서라벌,취사용,6783.0,2753.0
2001,경북,포항,개별난방용,37756.0,36698.0
2001,경북,포항,냉난방용,42.0,1388.0
2001,경북,포항,산업용,78.0,143831.0
2001,경북,포항,수송용,0.0,0.0
2001,경북,포항,업무난방용,135.0,2690.0
2001,경북,포항,연료전지용,,
2001,경북,포항,열병합용,0.0,0.0
2001,경북,포항,일반용1,511.0,1284.0
2001,경북,포항,일반용2,32.0,2238.0
2001,경북,포항,집단에너지용,,
2001,경북,포항,취사용,16751.0,4381.0
2001,광주,해양,개별난방용,211653.0,149623.0
2001,광주,해양,냉난방용,246.0,10664.0
2001,광주,해양,산업용,270.0,57369.0
2001,광주,해양,수송용,1.0,570.0
2001,광주,해양,업무난방용,927.0,19714.0
2001,광주,해양,연료전지용,,
2001,광주,해양,열병합용,1.0,55.0
2001,광주,해양,일반용1,4145.0,9802.0
2001,광주,해양,일반용2,57.0,4484.0
2001,광주,해양,집단에너지용,,
2001,광주,해양,취사용,35343.0,32347.0
2001,대구,대구,개별난방용,244216.0,247470.0
2001,대구,대구,냉난방용,332.0,15828.0
2001,대구,대구,산업용,843.0,293529.0
2001,대구,대구,수송용,31.0,1873.0
2001,대구,대구,업무난방용,887.0,28859.0
2001,대구,대구,연료전지용,,
2001,대구,대구,열병합용,0.0,0.0
2001,대구,대구,일반용1,6633.0,11066.0
2001,대구,대구,일반용2,337.0,29026.0
2001,대구,대구,집단에너지용,,
2001,대구,대구,취사용,144959.0,44331.0
2001,대전,충남,개별난방용,150433.0,221143.0
2001,대전,충남,냉난방용,495.0,16407.0
2001,대전,충남,산업용,97.0,30677.0
2001,대전,충남,수송용,15.0,769.0
2001,대전,충남,업무난방용,742.0,51958.0
2001,대전,충남,연료전지용,,
2001,대전,충남,열병합용,1.0,188.0
2001,대전,충남,일반용1,4369.0,32168.0
2001,대전,충남,일반용2,124.0,8522.0
2001,대전,충남,집단에너지용,,
2001,대전,충남,취사용,119929.0,27307.0
2001,부산,부산,개별난방용,311924.0,288458.0
2001,부산,부산,냉난방용,550.0,28642.0
2001,부산,부산,산업용,466.0,226978.0
2001,부산,부산,수송용,1.0,675.0
2001,부산,부산,업무난방용,443.0,36175.0
2001,부산,부산,연료전지용,,
2001,부산,부산,열병합용,2.0,27634.0
2001,부산,부산,일반용1,6126.0,17101.0
2001,부산,부산,일반용2,395.0,40555.0
2001,부산,부산,집단에너지용,,
2001,부산,부산,취사용,162223.0,51928.0
2001,서울,강남,개별난방용,227952.0,218961.0
2001,서울,강남,냉난방용,143.0,3480.0
2001,서울,강남,산업용,186.0,22602.0
2001,서울,강남,수송용,0.0,0.0
2001,서울,강남,업무난방용,4901.0,23583.0
2001,서울,강남,연료전지용,,
2001,서울,강남,열병합용,0.0,0.0
2001,서울,강남,일반용1,3980.0,13143.0
2001,서울,강남,일반용2,103.0,7743.0
2001,서울,강남,집단에너지용,,
2001,서울,강남,취사용,39922.0,32556.0
2001,서울,극동,개별난방용,589212.0,624183.0
2001,서울,극동,냉난방용,784.0,35876.0
2001,서울,극동,산업용,57.0,14855.0
2001,서울,극동,수송용,0.0,0.0
2001,서울,극동,업무난방용,8771.0,145377.0
2001,서울,극동,연료전지용,,
2001,서울,극동,열병합용,6.0,163.0
2001,서울,극동,일반용1,14369.0,86385.0
2001,서울,극동,일반용2,447.0,34533.0
2001,서울,극동,집단에너지용,,
2001,서울,극동,취사용,82371.0,83172.0
2001,서울,대한,개별난방용,396388.0,403755.0
2001,서울,대한,냉난방용,1228.0,52404.0
2001,서울,대한,산업용,20.0,3479.0
2001,서울,대한,수송용,1.0,9.0
2001,서울,대한,업무난방용,10615.0,139919.0
2001,서울,대한,연료전지용,,
2001,서울,대한,열병합용,9.0,31504.0
2001,서울,대한,일반용1,16342.0,88029.0
2001,서울,대한,일반용2,283.0,24938.0
2001,서울,대한,집단에너지용,,
2001,서울,대한,취사용,183228.0,68185.0
2001,서울,서울,개별난방용,934616.0,957538.0
2001,서울,서울,냉난방용,815.0,26404.0
2001,서울,서울,산업용,102.0,87162.0
2001,서울,서울,수송용,9.0,2993.0
2001,서울,서울,업무난방용,17188.0,146886.0
2001,서울,서울,연료전지용,,
2001,서울,서울,열병합용,1.0,110500.0
2001,서울,서울,일반용1,28721.0,69530.0
2001,서울,서울,일반용2,812.0,33600.0
2001,서울,서울,집단에너지용,,
2001,서울,서울,취사용,209123.0,127416.0
2001,서울,한진,개별난방용,244292.0,310785.0
2001,서울,한진,냉난방용,158.0,4751.0
2001,서울,한진,산업용,161.0,2588.0
2001,서울,한진,수송용,1.0,81.0
2001,서울,한진,업무난방용,3056.0,39228.0
2001,서울,한진,연료전지용,,
2001,서울,한진,열병합용,1.0,99044.0
2001,서울,한진,일반용1,4440.0,17617.0
2001,서울,한진,일반용2,173.0,14397.0
2001,서울,한진,집단에너지용,,
2001,서울,한진,취사용,170465.0,47716.0
2001,울산,경동,개별난방용,167313.0,114781.0
2001,울산,경동,냉난방용,108.0,4033.0
2001,울산,경동,산업용,317.0,512079.0
2001,울산,경동,수송용,7.0,156.0
2001,울산,경동,업무난방용,553.0,10800.0
2001,울산,경동,연료전지용,,
2001,울산,경동,열병합용,0.0,0.0
2001,울산,경동,일반용1,2534.0,4985.0
2001,울산,경동,일반용2,111.0,8577.0
2001,울산,경동,집단에너지용,,
2001,울산,경동,취사용,19728.0,25201.0
2001,인천,삼천리,개별난방용,173412.0,193417.0
2001,인천,삼천리,냉난방용,140.0,4436.0
2001,인천,삼천리,산업용,426.0,287501.0
2001,인천,삼천리,수송용,7.0,321.0
2001,인천,삼천리,업무난방용,788.0,16614.0
2001,인천,삼천리,연료전지용,,
2001,인천,삼천리,열병합용,0.0,0.0
2001,인천,삼천리,일반용1,1580.0,7679.0
2001,인천,삼천리,일반용2,97.0,11173.0
2001,인천,삼천리,집단에너지용,,
2001,인천,삼천리,취사용,36092.0,25587.0
2001,인천,인천,개별난방용,350960.0,335888.0
2001,인천,인천,냉난방용,194.0,6874.0
2001,인천,인천,산업용,101.0,104893.0
2001,인천,인천,수송용,0.0,0.0
2001,인천,인천,업무난방용,3852.0,22488.0
2001,인천,인천,연료전지용,,
2001,인천,인천,열병합용,0.0,0.0
2001,인천,인천,일반용1,3065.0,12238.0
2001,인천,인천,일반용2,199.0,14436.0
2001,인천,인천,집단에너지용,,
2001,인천,인천,취사용,80943.0,50154.0
2001,전남,대화,개별난방용,24066.0,21682.0
2001,전남,대화,냉난방용,21.0,398.0
2001,전남,대화,산업용,4.0,1442.0
2001,전남,대화,수송용,0.0,0.0
2001,전남,대화,업무난방용,83.0,1087.0
2001,전남,대화,연료전지용,,
2001,전남,대화,열병합용,0.0,0.0
2001,전남,대화,일반용1,14.0,625.0
2001,전남,대화,일반용2,143.0,289.0
2001,전남,대화,집단에너지용,,
2001,전남,대화,취사용,11426.0,4406.0
2001,전남,목포,개별난방용,30062.0,18185.0
2001,전남,목포,냉난방용,27.0,989.0
2001,전남,목포,산업용,8.0,3135.0
2001,전남,목포,수송용,0.0,0.0
2001,전남,목포,업무난방용,48.0,1426.0
2001,전남,목포,연료전지용,,
2001,전남,목포,열병합용,0.0,0.0
2001,전남,목포,일반용1,183.0,516.0
2001,전남,목포,일반용2,19.0,798.0
2001,전남,목포,집단에너지용,,
2001,전남,목포,취사용,3614.0,4577.0
2001,전남,전남,개별난방용,50168.0,35228.0
2001,전남,전남,냉난방용,60.0,1818.0
2001,전남,전남,산업용,8.0,82855.0
2001,전남,전남,수송용,0.0,0.0
2001,전남,전남,업무난방용,463.0,3689.0
2001,전남,전남,연료전지용,,
2001,전남,전남,열병합용,0.0,0.0
2001,전남,전남,일반용1,608.0,1410.0
2001,전남,전남,일반용2,3.0,254.0
2001,전남,전남,집단에너지용,,
2001,전남,전남,취사용,12368.0,2025.0
2001,전북,군산,개별난방용,26020.0,16165.0
2001,전북,군산,냉난방용,0.0,773.0
2001,전북,군산,산업용,21.0,21426.0
2001,전북,군산,수송용,0.0,0.0
2001,전북,군산,업무난방용,158.0,1567.0
2001,전북,군산,연료전지용,,
2001,전북,군산,열병합용,0.0,0.0
2001,전북,군산,일반용1,229.0,2164.0
2001,전북,군산,일반용2,0.0,0.0
2001,전북,군산,집단에너지용,,
2001,전북,군산,취사용,7671.0,2776.0
2001,전북,익산,개별난방용,37381.0,20380.0
2001,전북,익산,냉난방용,24.0,546.0
2001,전북,익산,산업용,43.0,22853.0
2001,전북,익산,수송용,0.0,0.0
2001,전북,익산,업무난방용,277.0,3383.0
2001,전북,익산,연료전지용,,
2001,전북,익산,열병합용,0.0,0.0
2001,전북,익산,일반용1,312.0,949.0
2001,전북,익산,일반용2,34.0,1627.0
2001,전북,익산,집단에너지용,,
2001,전북,익산,취사용,5425.0,9406.0
2001,전북,전북,개별난방용,99280.0,81287.0
2001,전북,전북,냉난방용,112.0,3275.0
2001,전북,전북,산업용,114.0,31405.0
2001,전북,전북,수송용,5.0,58.0
2001,전북,전북,업무난방용,501.0,10455.0
2001,전북,전북,연료전지용,,
2001,전북,전북,열병합용,0.0,0.0
2001,전북,전북,일반용1,1900.0,8710.0
2001,전북,전북,일반용2,0.0,0.0
2001,전북,전북,집단에너지용,,
2001,전북,전북,취사용,11185.0,15175.0
2001,충남,중부,개별난방용,67507.0,61973.0
2001,충남,중부,냉난방용,31.0,1750.0
2001,충남,중부,산업용,79.0,140399.0
2001,충남,중부,수송용,0.0,0.0
2001,충남,중부,업무난방용,491.0,4685.0
2001,충남,중부,연료전지용,,
2001,충남,중부,열병합용,0.0,0.0
2001,충남,중부,일반용1,338.0,1105.0
2001,충남,중부,일반용2,72.0,4545.0
2001,충남,중부,집단에너지용,,
2001,충남,중부,취사용,18372.0,9742.0
2001,충남,한보,개별난방용,4795.0,2590.0
2001,충남,한보,냉난방용,1.0,0.0
2001,충남,한보,산업용,4.0,56004.0
2001,충남,한보,수송용,0.0,0.0
2001,충남,한보,업무난방용,17.0,112.0
2001,충남,한보,연료전지용,,
2001,충남,한보,열병합용,0.0,0.0
2001,충남,한보,일반용1,5.0,12.0
2001,충남,한보,일반용2,0.0,0.0
2001,충남,한보,집단에너지용,,
2001,충남,한보,취사용,0.0,390.0
2001,충북,참빛충북,개별난방용,10054.0,9904.0
2001,충북,참빛충북,냉난방용,3.0,89.0
2001,충북,참빛충북,산업용,0.0,0.0
2001,충북,참빛충북,수송용,0.0,0.0
2001,충북,참빛충북,업무난방용,6.0,311.0
2001,충북,참빛충북,연료전지용,,
2001,충북,참빛충북,열병합용,0.0,0.0
2001,충북,참빛충북,일반용1,37.0,296.0
2001,충북,참빛충북,일반용2,0.0,0.0
2001,충북,참빛충북,집단에너지용,,
2001,충북,참빛충북,취사용,5947.0,1083.0
2001,충북,청주,개별난방용,74730.0,83174.0
2001,충북,청주,냉난방용,80.0,2423.0
2001,충북,청주,산업용,61.0,85895.0
2001,충북,청주,수송용,0.0,0.0
2001,충북,청주,업무난방용,2426.0,8594.0
2001,충북,청주,연료전지용,,
2001,충북,청주,열병합용,0.0,0.0
2001,충북,청주,일반용1,1693.0,8134.0
2001,충북,청주,일반용2,0.0,0.0
2001,충북,청주,집단에너지용,,
2001,충북,청주,취사용,49655.0,4044.0
2002,강원,강원,개별난방용,37403.0,32902.0
2002,강원,강원,냉난방용,45.0,709.0
2002,강원,강원,산업용,5.0,18.0
2002,강원,강원,수송용,0.0,0.0
2002,강원,강원,업무난방용,426.0,9320.0
2002,강원,강원,연료전지용,,
2002,강원,강원,열병합용,0.0,0.0
2002,강원,강원,일반용1,1081.0,3574.0
2002,강원,강원,일반용2,0.0,0.0
2002,강원,강원,집단에너지용,,
2002,강원,강원,취사용,9147.0,1296.0
2002,강원,참빛,개별난방용,10798.0,7503.0
2002,강원,참빛,냉난방용,3.0,43.0
2002,강원,참빛,산업용,0.0,0.0
2002,강원,참빛,수송용,0.0,0.0
2002,강원,참빛,업무난방용,0.0,360.0
2002,강원,참빛,연료전지용,,
2002,강원,참빛,열병합용,0.0,0.0
2002,강원,참빛,일반용1,14.0,93.0
2002,강원,참빛,일반용2,0.0,0.0
2002,강원,참빛,집단에너지용,,
2002,강원,참빛,취사용,0.0,991.0
2002,강원,참빛영동,개별난방용,11305.0,9522.0
2002,강원,참빛영동,냉난방용,2.0,1.0
2002,강원,참빛영동,산업용,0.0,0.0
2002,강원,참빛영동,수송용,0.0,0.0
2002,강원,참빛영동,업무난방용,28.0,685.0
2002,강원,참빛영동,연료전지용,,
2002,강원,참빛영동,열병합용,0.0,0.0
2002,강원,참빛영동,일반용1,69.0,1051.0
2002,강원,참빛영동,일반용2,0.0,0.0
2002,강원,참빛영동,집단에너지용,,
2002,강원,참빛영동,취사용,995.0,75.0
2002,강원,참빛원주,개별난방용,38578.0,40367.0
2002,강원,참빛원주,냉난방용,31.0,441.0
2002,강원,참빛원주,산업용,8.0,3744.0
2002,강원,참빛원주,수송용,0.0,0.0
2002,강원,참빛원주,업무난방용,201.0,3126.0
2002,강원,참빛원주,연료전지용,,
2002,강원,참빛원주,열병합용,0.0,0.0
2002,강원,참빛원주,일반용1,396.0,1709.0
2002,강원,참빛원주,일반용2,7.0,663.0
2002,강원,참빛원주,집단에너지용,,
2002,강원,참빛원주,취사용,7915.0,692.0
2002,경기,극동,개별난방용,118748.0,141743.0
2002,경기,극동,냉난방용,47.0,1630.0
2002,경기,극동,산업용,15.0,7015.0
2002,경기,극동,수송용,0.0,0.0
2002,경기,극동,업무난방용,1043.0,6009.0
2002,경기,극동,연료전지용,,
2002,경기,극동,열병합용,0.0,0.0
2002,경기,극동,일반용1,1610.0,5764.0
2002,경기,극동,일반용2,55.0,5691.0
2002,경기,극동,집단에너지용,,
2002,경기,극동,취사용,17683.0,17876.0
2002,경기,대한,개별난방용,275213.0,264692.0
2002,경기,대한,냉난방용,249.0,7527.0
2002,경기,대한,산업용,245.0,53434.0
2002,경기,대한,수송용,4.0,8683.0
2002,경기,대한,업무난방용,2464.0,24955.0
2002,경기,대한,연료전지용,,
2002,경기,대한,열병합용,2.0,1331.0
2002,경기,대한,일반용1,11838.0,28131.0
2002,경기,대한,일반용2,179.0,16419.0
2002,경기,대한,집단에너지용,,
2002,경기,대한,취사용,113828.0,46120.0
2002,경기,삼천리,개별난방용,1045770.0,948375.0
2002,경기,삼천리,냉난방용,527.0,21596.0
2002,경기,삼천리,산업용,1013.0,712972.0
2002,경기,삼천리,수송용,14.0,13328.0
2002,경기,삼천리,업무난방용,5637.0,102871.0
2002,경기,삼천리,연료전지용,,
2002,경기,삼천리,열병합용,3.0,1892.0
2002,경기,삼천리,일반용1,12961.0,46217.0
2002,경기,삼천리,일반용2,388.0,39715.0
2002,경기,삼천리,집단에너지용,,
2002,경기,삼천리,취사용,397921.0,171345.0
2002,경기,서울,개별난방용,142149.0,141656.0
2002,경기,서울,냉난방용,127.0,5356.0
2002,경기,서울,산업용,122.0,15513.0
2002,경기,서울,수송용,0.0,0.0
2002,경기,서울,업무난방용,2612.0,10134.0
2002,경기,서울,연료전지용,,
2002,경기,서울,열병합용,0.0,0.0
2002,경기,서울,일반용1,8691.0,16667.0
2002,경기,서울,일반용2,233.0,13939.0
2002,경기,서울,집단에너지용,,
2002,경기,서울,취사용,140025.0,28886.0
2002,경기,한진,개별난방용,102019.0,123662.0
2002,경기,한진,냉난방용,55.0,1000.0
2002,경기,한진,산업용,157.0,28002.0
2002,경기,한진,수송용,0.0,0.0
2002,경기,한진,업무난방용,1250.0,9556.0
2002,경기,한진,연료전지용,,
2002,경기,한진,열병합용,0.0,0.0
2002,경기,한진,일반용1,1242.0,6342.0
2002,경기,한진,일반용2,65.0,5523.0
2002,경기,한진,집단에너지용,,
2002,경기,한진,취사용,27665.0,15291.0
2002,경남,경남,개별난방용,190566.0,133762.0
2002,경남,경남,냉난방용,180.0,6835.0
2002,경남,경남,산업용,430.0,183834.0
2002,경남,경남,수송용,2.0,3726.0
2002,경남,경남,업무난방용,644.0,17201.0
2002,경남,경남,연료전지용,,
2002,경남,경남,열병합용,2.0,2643.0
2002,경남,경남,일반용1,20538.0,20246.0
2002,경남,경남,일반용2,245.0,14755.0
2002,경남,경남,집단에너지용,,
2002,경남,경남,취사용,36385.0,29014.0
2002,경남,신아,개별난방용,18749.0,18502.0
2002,경남,신아,냉난방용,23.0,1341.0
2002,경남,신아,산업용,50.0,26358.0
2002,경남,신아,수송용,0.0,0.0
2002,경남,신아,업무난방용,8.0,2193.0
2002,경남,신아,연료전지용,,
2002,경남,신아,열병합용,0.0,0.0
2002,경남,신아,일반용1,199.0,907.0
2002,경남,신아,일반용2,13.0,1108.0
2002,경남,신아,집단에너지용,,
2002,경남,신아,취사용,8171.0,713.0
2002,경북,경북,개별난방용,10767.0,8640.0
2002,경북,경북,냉난방용,11.0,165.0
2002,경북,경북,산업용,5.0,2866.0
2002,경북,경북,수송용,0.0,0.0
2002,경북,경북,업무난방용,11.0,585.0
2002,경북,경북,연료전지용,,
2002,경북,경북,열병합용,0.0,0.0
2002,경북,경북,일반용1,333.0,787.0
2002,경북,경북,일반용2,0.0,0.0
2002,경북,경북,집단에너지용,,
2002,경북,경북,취사용,7344.0,1767.0
2002,경북,구미,개별난방용,71088.0,60680.0
2002,경북,구미,냉난방용,36.0,1044.0
2002,경북,구미,산업용,182.0,221818.0
2002,경북,구미,수송용,0.0,0.0
2002,경북,구미,업무난방용,242.0,5097.0
2002,경북,구미,연료전지용,,
2002,경북,구미,열병합용,0.0,0.0
2002,경북,구미,일반용1,1681.0,3418.0
2002,경북,구미,일반용2,67.0,3711.0
2002,경북,구미,집단에너지용,,
2002,경북,구미,취사용,8542.0,8890.0
2002,경북,서라벌,개별난방용,29609.0,22485.0
2002,경북,서라벌,냉난방용,10.0,634.0
2002,경북,서라벌,산업용,22.0,17380.0
2002,경북,서라벌,수송용,0.0,0.0
2002,경북,서라벌,업무난방용,18.0,1402.0
2002,경북,서라벌,연료전지용,,
2002,경북,서라벌,열병합용,0.0,0.0
2002,경북,서라벌,일반용1,275.0,422.0
2002,경북,서라벌,일반용2,42.0,6948.0
2002,경북,서라벌,집단에너지용,,
2002,경북,서라벌,취사용,6784.0,3387.0
2002,경북,포항,개별난방용,45906.0,42724.0
2002,경북,포항,냉난방용,0.0,1394.0
2002,경북,포항,산업용,87.0,178760.0
2002,경북,포항,수송용,0.0,0.0
2002,경북,포항,업무난방용,276.0,3957.0
2002,경북,포항,연료전지용,,
2002,경북,포항,열병합용,0.0,0.0
2002,경북,포항,일반용1,682.0,2182.0
2002,경북,포항,일반용2,41.0,3561.0
2002,경북,포항,집단에너지용,,
2002,경북,포항,취사용,17589.0,5545.0
2002,광주,해양,개별난방용,239041.0,168715.0
2002,광주,해양,냉난방용,278.0,10759.0
2002,광주,해양,산업용,302.0,62422.0
2002,광주,해양,수송용,11.0,4560.0
2002,광주,해양,업무난방용,1618.0,23287.0
2002,광주,해양,연료전지용,,
2002,광주,해양,열병합용,1.0,0.0
2002,광주,해양,일반용1,6584.0,13092.0
2002,광주,해양,일반용2,77.0,6895.0
2002,광주,해양,집단에너지용,,
2002,광주,해양,취사용,34323.0,37240.0
2002,대구,대구,개별난방용,302728.0,277966.0
2002,대구,대구,냉난방용,375.0,15794.0
2002,대구,대구,산업용,901.0,290606.0
2002,대구,대구,수송용,30.0,8283.0
2002,대구,대구,업무난방용,1321.0,30201.0
2002,대구,대구,연료전지용,,
2002,대구,대구,열병합용,0.0,0.0
2002,대구,대구,일반용1,7461.0,13098.0
2002,대구,대구,일반용2,431.0,40198.0
2002,대구,대구,집단에너지용,,
2002,대구,대구,취사용,139223.0,50458.0
2002,대전,충남,개별난방용,171375.0,234115.0
2002,대전,충남,냉난방용,475.0,14005.0
2002,대전,충남,산업용,212.0,32384.0
2002,대전,충남,수송용,15.0,4987.0
2002,대전,충남,업무난방용,3549.0,55192.0
2002,대전,충남,연료전지용,,
2002,대전,충남,열병합용,3.0,1157.0
2002,대전,충남,일반용1,4974.0,36448.0
2002,대전,충남,일반용2,133.0,9837.0
2002,대전,충남,집단에너지용,,
2002,대전,충남,취사용,124942.0,30736.0
2002,부산,부산,개별난방용,342076.0,317933.0
2002,부산,부산,냉난방용,587.0,29548.0
2002,부산,부산,산업용,544.0,262037.0
2002,부산,부산,수송용,1.0,1846.0
2002,부산,부산,업무난방용,543.0,43050.0
2002,부산,부산,연료전지용,,
2002,부산,부산,열병합용,2.0,27354.0
2002,부산,부산,일반용1,7409.0,31779.0
2002,부산,부산,일반용2,452.0,33669.0
2002,부산,부산,집단에너지용,,
2002,부산,부산,취사용,167948.0,54762.0
2002,서울,강남,개별난방용,241212.0,223539.0
2002,서울,강남,냉난방용,173.0,4087.0
2002,서울,강남,산업용,182.0,22034.0
2002,서울,강남,수송용,0.0,0.0
2002,서울,강남,업무난방용,5604.0,23428.0
2002,서울,강남,연료전지용,,
2002,서울,강남,열병합용,0.0,0.0
2002,서울,강남,일반용1,4456.0,14987.0
2002,서울,강남,일반용2,105.0,9968.0
2002,서울,강남,집단에너지용,,
2002,서울,강남,취사용,39595.0,34443.0
2002,서울,극동,개별난방용,622736.0,642625.0
2002,서울,극동,냉난방용,854.0,35609.0
2002,서울,극동,산업용,66.0,15490.0
2002,서울,극동,수송용,1.0,2646.0
2002,서울,극동,업무난방용,9915.0,137619.0
2002,서울,극동,연료전지용,,
2002,서울,극동,열병합용,5.0,89.0
2002,서울,극동,일반용1,19140.0,100132.0
2002,서울,극동,일반용2,464.0,41542.0
2002,서울,극동,집단에너지용,,
2002,서울,극동,취사용,82483.0,90461.0
2002,서울,대한,개별난방용,415850.0,410279.0
2002,서울,대한,냉난방용,1301.0,48416.0
2002,서울,대한,산업용,24.0,3905.0
2002,서울,대한,수송용,3.0,2054.0
2002,서울,대한,업무난방용,13524.0,141145.0
2002,서울,대한,연료전지용,,
2002,서울,대한,열병합용,10.0,42915.0
2002,서울,대한,일반용1,20847.0,100175.0
2002,서울,대한,일반용2,315.0,28942.0
2002,서울,대한,집단에너지용,,
2002,서울,대한,취사용,180486.0,71513.0
2002,서울,서울,개별난방용,964828.0,973808.0
2002,서울,서울,냉난방용,923.0,27117.0
2002,서울,서울,산업용,165.0,87266.0
2002,서울,서울,수송용,20.0,13194.0
2002,서울,서울,업무난방용,22363.0,142063.0
2002,서울,서울,연료전지용,,
2002,서울,서울,열병합용,1.0,112710.0
2002,서울,서울,일반용1,30893.0,88375.0
2002,서울,서울,일반용2,806.0,39476.0
2002,서울,서울,집단에너지용,,
2002,서울,서울,취사용,201054.0,134673.0
2002,서울,한진,개별난방용,275507.0,327185.0
2002,서울,한진,냉난방용,186.0,4508.0
2002,서울,한진,산업용,164.0,2526.0
2002,서울,한진,수송용,2.0,1984.0
2002,서울,한진,업무난방용,3630.0,37400.0
2002,서울,한진,연료전지용,,
2002,서울,한진,열병합용,1.0,98823.0
2002,서울,한진,일반용1,5090.0,22893.0
2002,서울,한진,일반용2,193.0,17672.0
2002,서울,한진,집단에너지용,,
2002,서울,한진,취사용,169942.0,51518.0
2002,울산,경동,개별난방용,193000.0,135877.0
2002,울산,경동,냉난방용,125.0,4479.0
2002,울산,경동,산업용,346.0,594797.0
2002,울산,경동,수송용,8.0,4035.0
2002,울산,경동,업무난방용,740.0,14113.0
2002,울산,경동,연료전지용,,
2002,울산,경동,열병합용,0.0,0.0
2002,울산,경동,일반용1,3315.0,7590.0
2002,울산,경동,일반용2,149.0,11698.0
2002,울산,경동,집단에너지용,,
2002,울산,경동,취사용,17909.0,28389.0
2002,인천,삼천리,개별난방용,202762.0,208373.0
2002,인천,삼천리,냉난방용,139.0,3897.0
2002,인천,삼천리,산업용,455.0,345627.0
2002,인천,삼천리,수송용,13.0,3646.0
2002,인천,삼천리,업무난방용,954.0,17373.0
2002,인천,삼천리,연료전지용,,
2002,인천,삼천리,열병합용,0.0,0.0
2002,인천,삼천리,일반용1,1766.0,8736.0
2002,인천,삼천리,일반용2,104.0,13338.0
2002,인천,삼천리,집단에너지용,,
2002,인천,삼천리,취사용,30588.0,28556.0
2002,인천,인천,개별난방용,391676.0,347443.0
2002,인천,인천,냉난방용,217.0,6828.0
2002,인천,인천,산업용,116.0,111054.0
2002,인천,인천,수송용,11.0,489.0
2002,인천,인천,업무난방용,7342.0,23786.0
2002,인천,인천,연료전지용,,
2002,인천,인천,열병합용,1.0,86.0
2002,인천,인천,일반용1,3902.0,16375.0
2002,인천,인천,일반용2,221.0,17165.0
2002,인천,인천,집단에너지용,,
2002,인천,인천,취사용,81636.0,55429.0
2002,전남,대화,개별난방용,26827.0,24900.0
2002,전남,대화,냉난방용,27.0,605.0
2002,전남,대화,산업용,10.0,4410.0
2002,전남,대화,수송용,0.0,0.0
2002,전남,대화,업무난방용,83.0,1234.0
2002,전남,대화,연료전지용,,
2002,전남,대화,열병합용,0.0,0.0
2002,전남,대화,일반용1,26.0,1188.0
2002,전남,대화,일반용2,173.0,437.0
2002,전남,대화,집단에너지용,,
2002,전남,대화,취사용,11222.0,5279.0
2002,전남,목포,개별난방용,33248.0,20681.0
2002,전남,목포,냉난방용,30.0,1168.0
2002,전남,목포,산업용,8.0,2723.0
2002,전남,목포,수송용,0.0,0.0
2002,전남,목포,업무난방용,71.0,1643.0
2002,전남,목포,연료전지용,,
2002,전남,목포,열병합용,0.0,0.0
2002,전남,목포,일반용1,210.0,780.0
2002,전남,목포,일반용2,36.0,673.0
2002,전남,목포,집단에너지용,,
2002,전남,목포,취사용,4218.0,5054.0
2002,전남,전남,개별난방용,57085.0,43183.0
2002,전남,전남,냉난방용,65.0,2035.0
2002,전남,전남,산업용,10.0,83363.0
2002,전남,전남,수송용,0.0,0.0
2002,전남,전남,업무난방용,491.0,3951.0
2002,전남,전남,연료전지용,,
2002,전남,전남,열병합용,0.0,0.0
2002,전남,전남,일반용1,32.0,1302.0
2002,전남,전남,일반용2,611.0,1732.0
2002,전남,전남,집단에너지용,,
2002,전남,전남,취사용,11750.0,1186.0
2002,전북,군산,개별난방용,34529.0,21070.0
2002,전북,군산,냉난방용,49.0,881.0
2002,전북,군산,산업용,23.0,25359.0
2002,전북,군산,수송용,0.0,0.0
2002,전북,군산,업무난방용,328.0,2054.0
2002,전북,군산,연료전지용,,
2002,전북,군산,열병합용,0.0,0.0
2002,전북,군산,일반용1,378.0,2595.0
2002,전북,군산,일반용2,0.0,0.0
2002,전북,군산,집단에너지용,,
2002,전북,군산,취사용,6642.0,3010.0
2002,전북,익산,개별난방용,41622.0,27499.0
2002,전북,익산,냉난방용,27.0,592.0
2002,전북,익산,산업용,45.0,25684.0
2002,전북,익산,수송용,0.0,0.0
2002,전북,익산,업무난방용,311.0,3465.0
2002,전북,익산,연료전지용,,
2002,전북,익산,열병합용,0.0,0.0
2002,전북,익산,일반용1,268.0,1226.0
2002,전북,익산,일반용2,142.0,1632.0
2002,전북,익산,집단에너지용,,
2002,전북,익산,취사용,5478.0,5993.0
2002,전북,전북,개별난방용,108856.0,84877.0
2002,전북,전북,냉난방용,118.0,3157.0
2002,전북,전북,산업용,119.0,38498.0
2002,전북,전북,수송용,5.0,2452.0
2002,전북,전북,업무난방용,559.0,9556.0
2002,전북,전북,연료전지용,,
2002,전북,전북,열병합용,0.0,0.0
2002,전북,전북,일반용1,1474.0,9955.0
2002,전북,전북,일반용2,0.0,0.0
2002,전북,전북,집단에너지용,,
2002,전북,전북,취사용,12253.0,16245.0
2002,충남,중부,개별난방용,83112.0,73506.0
2002,충남,중부,냉난방용,39.0,2019.0
2002,충남,중부,산업용,107.0,173117.0
2002,충남,중부,수송용,0.0,0.0
2002,충남,중부,업무난방용,673.0,6365.0
2002,충남,중부,연료전지용,,
2002,충남,중부,열병합용,0.0,0.0
2002,충남,중부,일반용1,494.0,1778.0
2002,충남,중부,일반용2,153.0,7906.0
2002,충남,중부,집단에너지용,,
2002,충남,중부,취사용,18447.0,11966.0
2002,충남,한보,개별난방용,7688.0,5223.0
2002,충남,한보,냉난방용,2.0,106.0
2002,충남,한보,산업용,6.0,64055.0
2002,충남,한보,수송용,0.0,0.0
2002,충남,한보,업무난방용,43.0,297.0
2002,충남,한보,연료전지용,,
2002,충남,한보,열병합용,0.0,0.0
2002,충남,한보,일반용1,16.0,42.0
2002,충남,한보,일반용2,0.0,0.0
2002,충남,한보,집단에너지용,,
2002,충남,한보,취사용,0.0,846.0
2002,충북,참빛충북,개별난방용,10880.0,10648.0
2002,충북,참빛충북,냉난방용,5.0,134.0
2002,충북,참빛충북,산업용,0.0,0.0
2002,충북,참빛충북,수송용,0.0,0.0
2002,충북,참빛충북,업무난방용,7.0,523.0
2002,충북,참빛충북,연료전지용,,
2002,충북,참빛충북,열병합용,0.0,0.0
2002,충북,참빛충북,일반용1,51.0,566.0
2002,충북,참빛충북,일반용2,0.0,0.0
2002,충북,참빛충북,집단에너지용,,
2002,충북,참빛충북,취사용,5926.0,1119.0
2002,충북,청주,개별난방용,87873.0,91486.0
2002,충북,청주,냉난방용,92.0,2235.0
2002,충북,청주,산업용,74.0,95413.0
2002,충북,청주,수송용,0.0,0.0
2002,충북,청주,업무난방용,2731.0,9523.0
2002,충북,청주,연료전지용,,
2002,충북,청주,열병합용,0.0,0.0
2002,충북,청주,일반용1,2771.0,10527.0
2002,충북,청주,일반용2,0.0,0.0
2002,충북,청주,집단에너지용,,
2002,충북,청주,취사용,53037.0,4058.0
2003,강원,강원,개별난방용,39309.0,41749.0
2003,강원,강원,냉난방용,55.0,740.0
2003,강원,강원,산업용,2.0,17.0
2003,강원,강원,수송용,0.0,0.0
2003,강원,강원,업무난방용,440.0,7760.0
2003,강원,강원,연료전지용,,
2003,강원,강원,열병합용,0.0,0.0
2003,강원,강원,일반용1,987.0,2705.0
2003,강원,강원,일반용2,0.0,0.0
2003,강원,강원,집단에너지용,,
2003,강원,강원,취사용,9029.0,1328.0
2003,강원,참빛,개별난방용,10831.0,7587.0
2003,강원,참빛,냉난방용,0.0,43.0
2003,강원,참빛,산업용,0.0,0.0
2003,강원,참빛,수송용,0.0,0.0
2003,강원,참빛,업무난방용,7.0,663.0
2003,강원,참빛,연료전지용,,
2003,강원,참빛,열병합용,0.0,0.0
2003,강원,참빛,일반용1,33.0,300.0
2003,강원,참빛,일반용2,0.0,0.0
2003,강원,참빛,집단에너지용,,
2003,강원,참빛,취사용,464.0,1068.0
2003,강원,참빛영동,개별난방용,13061.0,10967.0
2003,강원,참빛영동,냉난방용,8.0,15.0
2003,강원,참빛영동,산업용,0.0,0.0
2003,강원,참빛영동,수송용,0.0,0.0
2003,강원,참빛영동,업무난방용,27.0,754.0
2003,강원,참빛영동,연료전지용,,
2003,강원,참빛영동,열병합용,0.0,0.0
2003,강원,참빛영동,일반용1,98.0,1281.0
2003,강원,참빛영동,일반용2,0.0,0.0
2003,강원,참빛영동,집단에너지용,,
2003,강원,참빛영동,취사용,1231.0,77.0
2003,강원,참빛원주,개별난방용,44303.0,44934.0
2003,강원,참빛원주,냉난방용,31.0,523.0
2003,강원,참빛원주,산업용,14.0,11952.0
2003,강원,참빛원주,수송용,0.0,0.0
2003,강원,참빛원주,업무난방용,255.0,4514.0
2003,강원,참빛원주,연료전지용,,
2003,강원,참빛원주,열병합용,0.0,0.0
2003,강원,참빛원주,일반용1,496.0,1849.0
2003,강원,참빛원주,일반용2,14.0,802.0
2003,강원,참빛원주,집단에너지용,,
2003,강원,참빛원주,취사용,7678.0,632.0
2003,경기,극동,개별난방용,124891.0,148229.0
2003,경기,극동,냉난방용,58.0,1871.0
2003,경기,극동,산업용,186.0,7042.0
2003,경기,극동,수송용,1.0,3680.0
2003,경기,극동,업무난방용,1117.0,6303.0
2003,경기,극동,연료전지용,,
2003,경기,극동,열병합용,0.0,0.0
2003,경기,극동,일반용1,2063.0,7650.0
2003,경기,극동,일반용2,59.0,6581.0
2003,경기,극동,집단에너지용,,
2003,경기,극동,취사용,18759.0,19789.0
2003,경기,대한,개별난방용,295351.0,273768.0
2003,경기,대한,냉난방용,297.0,7682.0
2003,경기,대한,산업용,271.0,54986.0
2003,경기,대한,수송용,6.0,14455.0
2003,경기,대한,업무난방용,3252.0,28022.0
2003,경기,대한,연료전지용,,
2003,경기,대한,열병합용,1.0,712.0
2003,경기,대한,일반용1,14500.0,32791.0
2003,경기,대한,일반용2,187.0,18107.0
2003,경기,대한,집단에너지용,,
2003,경기,대한,취사용,115833.0,48861.0
2003,경기,삼천리,개별난방용,1141697.0,1013357.0
2003,경기,삼천리,냉난방용,620.0,22518.0
2003,경기,삼천리,산업용,1178.0,736600.0
2003,경기,삼천리,수송용,25.0,18999.0
2003,경기,삼천리,업무난방용,8098.0,110056.0
2003,경기,삼천리,연료전지용,,
2003,경기,삼천리,열병합용,7.0,6505.0
2003,경기,삼천리,일반용1,16058.0,57959.0
2003,경기,삼천리,일반용2,541.0,54845.0
2003,경기,삼천리,집단에너지용,,
2003,경기,삼천리,취사용,427261.0,185347.0
2003,경기,서울,개별난방용,154638.0,151823.0
2003,경기,서울,냉난방용,165.0,5515.0
2003,경기,서울,산업용,127.0,19116.0
2003,경기,서울,수송용,1.0,2701.0
2003,경기,서울,업무난방용,5545.0,11637.0
2003,경기,서울,연료전지용,,
2003,경기,서울,열병합용,0.0,0.0
2003,경기,서울,일반용1,13119.0,20449.0
2003,경기,서울,일반용2,271.0,17660.0
2003,경기,서울,집단에너지용,,
2003,경기,서울,취사용,145467.0,30894.0
2003,경기,한진,개별난방용,117081.0,137926.0
2003,경기,한진,냉난방용,67.0,1330.0
2003,경기,한진,산업용,189.0,33397.0
2003,경기,한진,수송용,0.0,0.0
2003,경기,한진,업무난방용,1797.0,10119.0
2003,경기,한진,연료전지용,,
2003,경기,한진,열병합용,0.0,0.0
2003,경기,한진,일반용1,1907.0,7971.0
2003,경기,한진,일반용2,106.0,6974.0
2003,경기,한진,집단에너지용,,
2003,경기,한진,취사용,27730.0,17916.0
2003,경남,경남,개별난방용,213639.0,145301.0
2003,경남,경남,냉난방용,194.0,6338.0
2003,경남,경남,산업용,486.0,209113.0
2003,경남,경남,수송용,10.0,6902.0
2003,경남,경남,업무난방용,686.0,17562.0
2003,경남,경남,연료전지용,,
2003,경남,경남,열병합용,4.0,6522.0
2003,경남,경남,일반용1,26312.0,22913.0
2003,경남,경남,일반용2,340.0,19841.0
2003,경남,경남,집단에너지용,,
2003,경남,경남,취사용,33955.0,32001.0
2003,경남,신아,개별난방용,22648.0,20946.0
2003,경남,신아,냉난방용,23.0,1187.0
2003,경남,신아,산업용,57.0,28416.0
2003,경남,신아,수송용,0.0,0.0
2003,경남,신아,업무난방용,17.0,2491.0
2003,경남,신아,연료전지용,,
2003,경남,신아,열병합용,0.0,0.0
2003,경남,신아,일반용1,290.0,1302.0
2003,경남,신아,일반용2,18.0,1840.0
2003,경남,신아,집단에너지용,,
2003,경남,신아,취사용,8188.0,703.0
2003,경북,경북,개별난방용,14686.0,11898.0
2003,경북,경북,냉난방용,16.0,159.0
2003,경북,경북,산업용,6.0,26159.0
2003,경북,경북,수송용,0.0,0.0
2003,경북,경북,업무난방용,20.0,446.0
2003,경북,경북,연료전지용,,
2003,경북,경북,열병합용,0.0,0.0
2003,경북,경북,일반용1,425.0,1197.0
2003,경북,경북,일반용2,0.0,0.0
2003,경북,경북,집단에너지용,,
2003,경북,경북,취사용,7283.0,851.0
2003,경북,구미,개별난방용,83070.0,70086.0
2003,경북,구미,냉난방용,41.0,1299.0
2003,경북,구미,산업용,207.0,232111.0
2003,경북,구미,수송용,0.0,0.0
2003,경북,구미,업무난방용,285.0,5710.0
2003,경북,구미,연료전지용,,
2003,경북,구미,열병합용,0.0,0.0
2003,경북,구미,일반용1,2067.0,4316.0
2003,경북,구미,일반용2,113.0,4795.0
2003,경북,구미,집단에너지용,,
2003,경북,구미,취사용,8802.0,10223.0
2003,경북,서라벌,개별난방용,32292.0,24784.0
2003,경북,서라벌,냉난방용,10.0,564.0
2003,경북,서라벌,산업용,29.0,18858.0
2003,경북,서라벌,수송용,0.0,0.0
2003,경북,서라벌,업무난방용,29.0,1483.0
2003,경북,서라벌,연료전지용,,
2003,경북,서라벌,열병합용,0.0,0.0
2003,경북,서라벌,일반용1,342.0,554.0
2003,경북,서라벌,일반용2,56.0,7768.0
2003,경북,서라벌,집단에너지용,,
2003,경북,서라벌,취사용,6423.0,3502.0
2003,경북,포항,개별난방용,52226.0,53882.0
2003,경북,포항,냉난방용,60.0,1325.0
2003,경북,포항,산업용,100.0,189200.0
2003,경북,포항,수송용,0.0,0.0
2003,경북,포항,업무난방용,331.0,4274.0
2003,경북,포항,연료전지용,,
2003,경북,포항,열병합용,0.0,0.0
2003,경북,포항,일반용1,929.0,2953.0
2003,경북,포항,일반용2,54.0,5200.0
2003,경북,포항,집단에너지용,,
2003,경북,포항,취사용,17200.0,1546.0
2003,광주,해양,개별난방용,253935.0,180266.0
2003,광주,해양,냉난방용,388.0,10684.0
2003,광주,해양,산업용,450.0,65416.0
2003,광주,해양,수송용,11.0,11572.0
2003,광주,해양,업무난방용,3975.0,25931.0
2003,광주,해양,연료전지용,,
2003,광주,해양,열병합용,1.0,522.0
2003,광주,해양,일반용1,12483.0,18088.0
2003,광주,해양,일반용2,106.0,10398.0
2003,광주,해양,집단에너지용,,
2003,광주,해양,취사용,39225.0,40692.0
2003,대구,대구,개별난방용,359641.0,308395.0
2003,대구,대구,냉난방용,440.0,15498.0
2003,대구,대구,산업용,964.0,272452.0
2003,대구,대구,수송용,30.0,18882.0
2003,대구,대구,업무난방용,1625.0,34439.0
2003,대구,대구,연료전지용,,
2003,대구,대구,열병합용,1.0,153.0
2003,대구,대구,일반용1,8615.0,18073.0
2003,대구,대구,일반용2,551.0,45242.0
2003,대구,대구,집단에너지용,,
2003,대구,대구,취사용,140756.0,56299.0
2003,대전,충남,개별난방용,318671.0,254310.0
2003,대전,충남,냉난방용,619.0,15931.0
2003,대전,충남,산업용,366.0,33486.0
2003,대전,충남,수송용,14.0,6398.0
2003,대전,충남,업무난방용,3811.0,48324.0
2003,대전,충남,연료전지용,,
2003,대전,충남,열병합용,5.0,1822.0
2003,대전,충남,일반용1,5729.0,50372.0
2003,대전,충남,일반용2,181.0,11364.0
2003,대전,충남,집단에너지용,,
2003,대전,충남,취사용,-95.0,33814.0
2003,부산,부산,개별난방용,411958.0,341646.0
2003,부산,부산,냉난방용,627.0,29565.0
2003,부산,부산,산업용,603.0,257932.0
2003,부산,부산,수송용,1.0,1956.0
2003,부산,부산,업무난방용,664.0,44495.0
2003,부산,부산,연료전지용,,
2003,부산,부산,열병합용,2.0,28666.0
2003,부산,부산,일반용1,9353.0,36910.0
2003,부산,부산,일반용2,501.0,42128.0
2003,부산,부산,집단에너지용,,
2003,부산,부산,취사용,152925.0,60146.0
2003,서울,강남,개별난방용,251045.0,224136.0
2003,서울,강남,냉난방용,194.0,4016.0
2003,서울,강남,산업용,168.0,18991.0
2003,서울,강남,수송용,0.0,0.0
2003,서울,강남,업무난방용,6262.0,23543.0
2003,서울,강남,연료전지용,,
2003,서울,강남,열병합용,0.0,0.0
2003,서울,강남,일반용1,5090.0,16566.0
2003,서울,강남,일반용2,112.0,11379.0
2003,서울,강남,집단에너지용,,
2003,서울,강남,취사용,38907.0,35771.0
2003,서울,극동,개별난방용,650854.0,637859.0
2003,서울,극동,냉난방용,967.0,37317.0
2003,서울,극동,산업용,696.0,16685.0
2003,서울,극동,수송용,2.0,3469.0
2003,서울,극동,업무난방용,12449.0,133954.0
2003,서울,극동,연료전지용,,
2003,서울,극동,열병합용,6.0,175.0
2003,서울,극동,일반용1,22647.0,107388.0
2003,서울,극동,일반용2,501.0,46604.0
2003,서울,극동,집단에너지용,,
2003,서울,극동,취사용,85502.0,98724.0
2003,서울,대한,개별난방용,417821.0,398631.0
2003,서울,대한,냉난방용,1445.0,48003.0
2003,서울,대한,산업용,25.0,4197.0
2003,서울,대한,수송용,9.0,3646.0
2003,서울,대한,업무난방용,17147.0,140173.0
2003,서울,대한,연료전지용,,
2003,서울,대한,열병합용,11.0,30474.0
2003,서울,대한,일반용1,23105.0,105662.0
2003,서울,대한,일반용2,336.0,31325.0
2003,서울,대한,집단에너지용,,
2003,서울,대한,취사용,178350.0,71998.0
2003,서울,서울,개별난방용,1020741.0,981039.0
2003,서울,서울,냉난방용,1067.0,27831.0
2003,서울,서울,산업용,170.0,87073.0
2003,서울,서울,수송용,22.0,21960.0
2003,서울,서울,업무난방용,31164.0,147004.0
2003,서울,서울,연료전지용,,
2003,서울,서울,열병합용,1.0,118129.0
2003,서울,서울,일반용1,36656.0,102452.0
2003,서울,서울,일반용2,893.0,44384.0
2003,서울,서울,집단에너지용,,
2003,서울,서울,취사용,202535.0,139776.0
2003,서울,한진,개별난방용,300164.0,340678.0
2003,서울,한진,냉난방용,233.0,5275.0
2003,서울,한진,산업용,181.0,1594.0
2003,서울,한진,수송용,2.0,3502.0
2003,서울,한진,업무난방용,5085.0,38557.0
2003,서울,한진,연료전지용,,
2003,서울,한진,열병합용,1.0,100629.0
2003,서울,한진,일반용1,6228.0,26174.0
2003,서울,한진,일반용2,211.0,19408.0
2003,서울,한진,집단에너지용,,
2003,서울,한진,취사용,167026.0,55046.0
2003,울산,경동,개별난방용,215007.0,156219.0
2003,울산,경동,냉난방용,150.0,4597.0
2003,울산,경동,산업용,382.0,620130.0
2003,울산,경동,수송용,9.0,4204.0
2003,울산,경동,업무난방용,895.0,14732.0
2003,울산,경동,연료전지용,,
2003,울산,경동,열병합용,1.0,1700.0
2003,울산,경동,일반용1,4288.0,10469.0
2003,울산,경동,일반용2,195.0,15676.0
2003,울산,경동,집단에너지용,,
2003,울산,경동,취사용,18066.0,29644.0
2003,인천,삼천리,개별난방용,222368.0,223007.0
2003,인천,삼천리,냉난방용,148.0,3927.0
2003,인천,삼천리,산업용,472.0,350197.0
2003,인천,삼천리,수송용,15.0,6436.0
2003,인천,삼천리,업무난방용,1207.0,19107.0
2003,인천,삼천리,연료전지용,,
2003,인천,삼천리,열병합용,0.0,0.0
2003,인천,삼천리,일반용1,2077.0,10586.0
2003,인천,삼천리,일반용2,116.0,15617.0
2003,인천,삼천리,집단에너지용,,
2003,인천,삼천리,취사용,29964.0,31202.0
2003,인천,인천,개별난방용,403372.0,350151.0
2003,인천,인천,냉난방용,243.0,6857.0
2003,인천,인천,산업용,125.0,123238.0
2003,인천,인천,수송용,21.0,4772.0
2003,인천,인천,업무난방용,12620.0,26657.0
2003,인천,인천,연료전지용,,
2003,인천,인천,열병합용,1.0,1750.0
2003,인천,인천,일반용1,4839.0,20412.0
2003,인천,인천,일반용2,233.0,22276.0
2003,인천,인천,집단에너지용,,
2003,인천,인천,취사용,81903.0,58128.0
2003,전남,대화,개별난방용,29311.0,25797.0
2003,전남,대화,냉난방용,30.0,573.0
2003,전남,대화,산업용,17.0,12560.0
2003,전남,대화,수송용,0.0,0.0
2003,전남,대화,업무난방용,102.0,1360.0
2003,전남,대화,연료전지용,,
2003,전남,대화,열병합용,0.0,0.0
2003,전남,대화,일반용1,211.0,654.0
2003,전남,대화,일반용2,30.0,1751.0
2003,전남,대화,집단에너지용,,
2003,전남,대화,취사용,9695.0,5542.0
2003,전남,목포,개별난방용,37016.0,22821.0
2003,전남,목포,냉난방용,41.0,1262.0
2003,전남,목포,산업용,10.0,1168.0
2003,전남,목포,수송용,0.0,0.0
2003,전남,목포,업무난방용,115.0,2081.0
2003,전남,목포,연료전지용,,
2003,전남,목포,열병합용,0.0,0.0
2003,전남,목포,일반용1,295.0,917.0
2003,전남,목포,일반용2,84.0,2627.0
2003,전남,목포,집단에너지용,,
2003,전남,목포,취사용,4205.0,5314.0
2003,전남,전남,개별난방용,61327.0,43880.0
2003,전남,전남,냉난방용,67.0,1699.0
2003,전남,전남,산업용,14.0,86448.0
2003,전남,전남,수송용,0.0,0.0
2003,전남,전남,업무난방용,613.0,3442.0
2003,전남,전남,연료전지용,,
2003,전남,전남,열병합용,0.0,0.0
2003,전남,전남,일반용1,691.0,1796.0
2003,전남,전남,일반용2,40.0,1195.0
2003,전남,전남,집단에너지용,,
2003,전남,전남,취사용,11925.0,1005.0
2003,전북,군산,개별난방용,36488.0,24792.0
2003,전북,군산,냉난방용,31.0,577.0
2003,전북,군산,산업용,23.0,26276.0
2003,전북,군산,수송용,1.0,9.0
2003,전북,군산,업무난방용,166.0,2247.0
2003,전북,군산,연료전지용,,
2003,전북,군산,열병합용,0.0,0.0
2003,전북,군산,일반용1,250.0,3167.0
2003,전북,군산,일반용2,0.0,0.0
2003,전북,군산,집단에너지용,,
2003,전북,군산,취사용,5045.0,3168.0
2003,전북,익산,개별난방용,44220.0,31825.0
2003,전북,익산,냉난방용,31.0,503.0
2003,전북,익산,산업용,48.0,24495.0
2003,전북,익산,수송용,0.0,0.0
2003,전북,익산,업무난방용,326.0,3845.0
2003,전북,익산,연료전지용,,
2003,전북,익산,열병합용,2.0,237.0
2003,전북,익산,일반용1,471.0,1623.0
2003,전북,익산,일반용2,61.0,2820.0
2003,전북,익산,집단에너지용,,
2003,전북,익산,취사용,5441.0,4405.0
2003,전북,전북,개별난방용,121703.0,97672.0
2003,전북,전북,냉난방용,124.0,3062.0
2003,전북,전북,산업용,126.0,38051.0
2003,전북,전북,수송용,5.0,4334.0
2003,전북,전북,업무난방용,626.0,10241.0
2003,전북,전북,연료전지용,,
2003,전북,전북,열병합용,0.0,0.0
2003,전북,전북,일반용1,1788.0,12625.0
2003,전북,전북,일반용2,0.0,0.0
2003,전북,전북,집단에너지용,,
2003,전북,전북,취사용,13092.0,11903.0
2003,충남,서해,개별난방용,10551.0,7222.0
2003,충남,서해,냉난방용,0.0,82.0
2003,충남,서해,산업용,9.0,76767.0
2003,충남,서해,수송용,0.0,0.0
2003,충남,서해,업무난방용,61.0,384.0
2003,충남,서해,연료전지용,,
2003,충남,서해,열병합용,0.0,0.0
2003,충남,서해,일반용1,39.0,532.0
2003,충남,서해,일반용2,0.0,0.0
2003,충남,서해,집단에너지용,,
2003,충남,서해,취사용,0.0,1151.0
2003,충남,중부,개별난방용,103774.0,86859.0
2003,충남,중부,냉난방용,76.0,2082.0
2003,충남,중부,산업용,131.0,190683.0
2003,충남,중부,수송용,3.0,780.0
2003,충남,중부,업무난방용,949.0,8298.0
2003,충남,중부,연료전지용,,
2003,충남,중부,열병합용,0.0,0.0
2003,충남,중부,일반용1,743.0,2495.0
2003,충남,중부,일반용2,303.0,11876.0
2003,충남,중부,집단에너지용,,
2003,충남,중부,취사용,17623.0,14946.0
2003,충북,참빛충북,개별난방용,12844.0,11650.0
2003,충북,참빛충북,냉난방용,5.0,358.0
2003,충북,참빛충북,산업용,0.0,0.0
2003,충북,참빛충북,수송용,0.0,0.0
2003,충북,참빛충북,업무난방용,8.0,595.0
2003,충북,참빛충북,연료전지용,,
2003,충북,참빛충북,열병합용,0.0,0.0
2003,충북,참빛충북,일반용1,59.0,714.0
2003,충북,참빛충북,일반용2,0.0,0.0
2003,충북,참빛충북,집단에너지용,,
2003,충북,참빛충북,취사용,5727.0,1151.0
2003,충북,청주,개별난방용,95346.0,99451.0
2003,충북,청주,냉난방용,109.0,2261.0
2003,충북,청주,산업용,93.0,103676.0
2003,충북,청주,수송용,0.0,0.0
2003,충북,청주,업무난방용,3370.0,10129.0
2003,충북,청주,연료전지용,,
2003,충북,청주,열병합용,0.0,0.0
2003,충북,청주,일반용1,3852.0,13354.0
2003,충북,청주,일반용2,0.0,0.0
2003,충북,청주,집단에너지용,,
2003,충북,청주,취사용,59498.0,4333.0
2004,강원,강원,개별난방용,49593.0,44135.0
2004,강원,강원,냉난방용,65.0,1018.0
2004,강원,강원,산업용,7.0,32.0
2004,강원,강원,수송용,16.0,157.0
2004,강원,강원,업무난방용,641.0,7822.0
2004,강원,강원,연료전지용,,
2004,강원,강원,열병합용,0.0,0.0
2004,강원,강원,일반용1,1411.0,4393.0
2004,강원,강원,일반용2,0.0,0.0
2004,강원,강원,집단에너지용,,
2004,강원,강원,취사용,6293.0,1104.0
2004,강원,참빛,개별난방용,11230.0,6673.0
2004,강원,참빛,냉난방용,7.0,43.0
2004,강원,참빛,산업용,0.0,0.0
2004,강원,참빛,수송용,0.0,0.0
2004,강원,참빛,업무난방용,0.0,826.0
2004,강원,참빛,연료전지용,,
2004,강원,참빛,열병합용,0.0,0.0
2004,강원,참빛,일반용1,64.0,558.0
2004,강원,참빛,일반용2,0.0,0.0
2004,강원,참빛,집단에너지용,,
2004,강원,참빛,취사용,464.0,1122.0
2004,강원,참빛영동,개별난방용,13559.0,10200.0
2004,강원,참빛영동,냉난방용,7.0,33.0
2004,강원,참빛영동,산업용,0.0,0.0
2004,강원,참빛영동,수송용,0.0,0.0
2004,강원,참빛영동,업무난방용,25.0,662.0
2004,강원,참빛영동,연료전지용,,
2004,강원,참빛영동,열병합용,0.0,0.0
2004,강원,참빛영동,일반용1,140.0,1060.0
2004,강원,참빛영동,일반용2,0.0,0.0
2004,강원,참빛영동,집단에너지용,,
2004,강원,참빛영동,취사용,1274.0,86.0
2004,강원,참빛원주,개별난방용,47913.0,46782.0
2004,강원,참빛원주,냉난방용,43.0,571.0
2004,강원,참빛원주,산업용,24.0,15409.0
2004,강원,참빛원주,수송용,0.0,0.0
2004,강원,참빛원주,업무난방용,287.0,4723.0
2004,강원,참빛원주,연료전지용,,
2004,강원,참빛원주,열병합용,0.0,0.0
2004,강원,참빛원주,일반용1,627.0,2634.0
2004,강원,참빛원주,일반용2,21.0,2122.0
2004,강원,참빛원주,집단에너지용,,
2004,강원,참빛원주,취사용,7318.0,587.0
2004,경기,극동,개별난방용,135211.0,150125.0
2004,경기,극동,냉난방용,63.0,1932.0
2004,경기,극동,산업용,198.0,6028.0
2004,경기,극동,수송용,1.0,5824.0
2004,경기,극동,업무난방용,1358.0,6713.0
2004,경기,극동,연료전지용,,
2004,경기,극동,열병합용,0.0,0.0
2004,경기,극동,일반용1,2619.0,8951.0
2004,경기,극동,일반용2,66.0,7899.0
2004,경기,극동,집단에너지용,,
2004,경기,극동,취사용,18086.0,20550.0
2004,경기,대한,개별난방용,309050.0,278542.0
2004,경기,대한,냉난방용,329.0,9444.0
2004,경기,대한,산업용,297.0,58194.0
2004,경기,대한,수송용,11.0,17432.0
2004,경기,대한,업무난방용,4420.0,31234.0
2004,경기,대한,연료전지용,,
2004,경기,대한,열병합용,1.0,1778.0
2004,경기,대한,일반용1,21456.0,37189.0
2004,경기,대한,일반용2,222.0,19942.0
2004,경기,대한,집단에너지용,,
2004,경기,대한,취사용,118115.0,50467.0
2004,경기,삼천리,개별난방용,1204944.0,1030544.0
2004,경기,삼천리,냉난방용,743.0,27235.0
2004,경기,삼천리,산업용,1310.0,754675.0
2004,경기,삼천리,수송용,31.0,27110.0
2004,경기,삼천리,업무난방용,10353.0,118812.0
2004,경기,삼천리,연료전지용,,
2004,경기,삼천리,열병합용,8.0,21733.0
2004,경기,삼천리,일반용1,19047.0,69810.0
2004,경기,삼천리,일반용2,624.0,69120.0
2004,경기,삼천리,집단에너지용,,
2004,경기,삼천리,취사용,468282.0,193663.0
2004,경기,서울,개별난방용,166003.0,154502.0
2004,경기,서울,냉난방용,187.0,7342.0
2004,경기,서울,산업용,135.0,19735.0
2004,경기,서울,수송용,3.0,7701.0
2004,경기,서울,업무난방용,8344.0,13458.0
2004,경기,서울,연료전지용,,
2004,경기,서울,열병합용,0.0,0.0
2004,경기,서울,일반용1,18811.0,24422.0
2004,경기,서울,일반용2,285.0,18216.0
2004,경기,서울,집단에너지용,,
2004,경기,서울,취사용,148198.0,32497.0
2004,경기,인천,개별난방용,0.0,0.0
2004,경기,인천,냉난방용,1.0,89.0
2004,경기,인천,산업용,2.0,202.0
2004,경기,인천,수송용,0.0,0.0
2004,경기,인천,업무난방용,4.0,148.0
2004,경기,인천,연료전지용,,
2004,경기,인천,열병합용,0.0,0.0
2004,경기,인천,일반용1,4.0,14.0
2004,경기,인천,일반용2,0.0,0.0
2004,경기,인천,집단에너지용,,
2004,경기,인천,취사용,0.0,0.0
2004,경기,한진,개별난방용,133208.0,146214.0
2004,경기,한진,냉난방용,82.0,1894.0
2004,경기,한진,산업용,269.0,45675.0
2004,경기,한진,수송용,1.0,2552.0
2004,경기,한진,업무난방용,2875.0,11769.0
2004,경기,한진,연료전지용,,
2004,경기,한진,열병합용,0.0,0.0
2004,경기,한진,일반용1,2277.0,9887.0
2004,경기,한진,일반용2,111.0,10603.0
2004,경기,한진,집단에너지용,,
2004,경기,한진,취사용,27746.0,19961.0
2004,경남,경남,개별난방용,230594.0,149344.0
2004,경남,경남,냉난방용,3.0,7676.0
2004,경남,경남,산업용,519.0,226648.0
2004,경남,경남,수송용,11.0,12198.0
2004,경남,경남,업무난방용,997.0,17711.0
2004,경남,경남,연료전지용,,
2004,경남,경남,열병합용,5.0,10152.0
2004,경남,경남,일반용1,29106.0,25609.0
2004,경남,경남,일반용2,400.0,24727.0
2004,경남,경남,집단에너지용,,
2004,경남,경남,취사용,48031.0,31625.0
2004,경남,경동,개별난방용,34363.0,20768.0
2004,경남,경동,냉난방용,16.0,272.0
2004,경남,경동,산업용,163.0,76870.0
2004,경남,경동,수송용,2.0,2381.0
2004,경남,경동,업무난방용,124.0,675.0
2004,경남,경동,연료전지용,,
2004,경남,경동,열병합용,1.0,4948.0
2004,경남,경동,일반용1,684.0,1295.0
2004,경남,경동,일반용2,32.0,2744.0
2004,경남,경동,집단에너지용,,
2004,경남,경동,취사용,7941.0,4966.0
2004,경남,신아,개별난방용,26544.0,22828.0
2004,경남,신아,냉난방용,29.0,1368.0
2004,경남,신아,산업용,61.0,30245.0
2004,경남,신아,수송용,7.0,213.0
2004,경남,신아,업무난방용,9.0,2863.0
2004,경남,신아,연료전지용,,
2004,경남,신아,열병합용,0.0,0.0
2004,경남,신아,일반용1,598.0,1521.0
2004,경남,신아,일반용2,28.0,2508.0
2004,경남,신아,집단에너지용,,
2004,경남,신아,취사용,8894.0,711.0
2004,경북,경북,개별난방용,16765.0,13940.0
2004,경북,경북,냉난방용,18.0,159.0
2004,경북,경북,산업용,13.0,28937.0
2004,경북,경북,수송용,0.0,0.0
2004,경북,경북,업무난방용,33.0,629.0
2004,경북,경북,연료전지용,,
2004,경북,경북,열병합용,0.0,0.0
2004,경북,경북,일반용1,524.0,1543.0
2004,경북,경북,일반용2,0.0,0.0
2004,경북,경북,집단에너지용,,
2004,경북,경북,취사용,7703.0,1012.0
2004,경북,구미,개별난방용,97500.0,76815.0
2004,경북,구미,냉난방용,46.0,1475.0
2004,경북,구미,산업용,226.0,235774.0
2004,경북,구미,수송용,0.0,0.0
2004,경북,구미,업무난방용,432.0,6636.0
2004,경북,구미,연료전지용,,
2004,경북,구미,열병합용,0.0,0.0
2004,경북,구미,일반용1,2754.0,5372.0
2004,경북,구미,일반용2,86.0,5592.0
2004,경북,구미,집단에너지용,,
2004,경북,구미,취사용,7275.0,11695.0
2004,경북,대구,개별난방용,46403.0,30964.0
2004,경북,대구,냉난방용,40.0,807.0
2004,경북,대구,산업용,63.0,26171.0
2004,경북,대구,수송용,0.0,0.0
2004,경북,대구,업무난방용,159.0,3384.0
2004,경북,대구,연료전지용,,
2004,경북,대구,열병합용,0.0,0.0
2004,경북,대구,일반용1,452.0,580.0
2004,경북,대구,일반용2,36.0,3162.0
2004,경북,대구,집단에너지용,,
2004,경북,대구,취사용,6746.0,5870.0
2004,경북,서라벌,개별난방용,35559.0,28252.0
2004,경북,서라벌,냉난방용,16.0,793.0
2004,경북,서라벌,산업용,30.0,20672.0
2004,경북,서라벌,수송용,0.0,0.0
2004,경북,서라벌,업무난방용,43.0,1909.0
2004,경북,서라벌,연료전지용,,
2004,경북,서라벌,열병합용,0.0,0.0
2004,경북,서라벌,일반용1,442.0,841.0
2004,경북,서라벌,일반용2,52.0,8034.0
2004,경북,서라벌,집단에너지용,,
2004,경북,서라벌,취사용,5491.0,472.0
2004,경북,포항,개별난방용,63162.0,54728.0
2004,경북,포항,냉난방용,71.0,1932.0
2004,경북,포항,산업용,111.0,207165.0
2004,경북,포항,수송용,0.0,0.0
2004,경북,포항,업무난방용,430.0,4412.0
2004,경북,포항,연료전지용,,
2004,경북,포항,열병합용,1.0,64.0
2004,경북,포항,일반용1,1200.0,4019.0
2004,경북,포항,일반용2,76.0,6053.0
2004,경북,포항,집단에너지용,,
2004,경북,포항,취사용,17169.0,1396.0
2004,광주,해양,개별난방용,255043.0,181623.0
2004,광주,해양,냉난방용,412.0,12441.0
2004,광주,해양,산업용,501.0,64030.0
2004,광주,해양,수송용,12.0,16706.0
2004,광주,해양,업무난방용,3434.0,27466.0
2004,광주,해양,연료전지용,,
2004,광주,해양,열병합용,1.0,79.0
2004,광주,해양,일반용1,13913.0,21154.0
2004,광주,해양,일반용2,141.0,14984.0
2004,광주,해양,집단에너지용,,
2004,광주,해양,취사용,42682.0,41608.0
2004,대구,대구,개별난방용,354611.0,289617.0
2004,대구,대구,냉난방용,470.0,18125.0
2004,대구,대구,산업용,945.0,241516.0
2004,대구,대구,수송용,30.0,27741.0
2004,대구,대구,업무난방용,1785.0,32825.0
2004,대구,대구,연료전지용,,
2004,대구,대구,열병합용,0.0,0.0
2004,대구,대구,일반용1,9416.0,20960.0
2004,대구,대구,일반용2,584.0,47512.0
2004,대구,대구,집단에너지용,,
2004,대구,대구,취사용,136967.0,55479.0
2004,대전,충남,개별난방용,235078.0,253936.0
2004,대전,충남,냉난방용,678.0,19796.0
2004,대전,충남,산업용,401.0,38658.0
2004,대전,충남,수송용,18.0,9123.0
2004,대전,충남,업무난방용,4354.0,61055.0
2004,대전,충남,연료전지용,,
2004,대전,충남,열병합용,10.0,3587.0
2004,대전,충남,일반용1,6873.0,42846.0
2004,대전,충남,일반용2,217.0,15016.0
2004,대전,충남,집단에너지용,,
2004,대전,충남,취사용,98507.0,36303.0
2004,부산,부산,개별난방용,455258.0,343261.0
2004,부산,부산,냉난방용,683.0,34784.0
2004,부산,부산,산업용,638.0,291718.0
2004,부산,부산,수송용,1.0,1992.0
2004,부산,부산,업무난방용,677.0,41108.0
2004,부산,부산,연료전지용,,
2004,부산,부산,열병합용,4.0,29655.0
2004,부산,부산,일반용1,11536.0,43942.0
2004,부산,부산,일반용2,552.0,48072.0
2004,부산,부산,집단에너지용,,
2004,부산,부산,취사용,165811.0,57326.0
2004,서울,강남,개별난방용,257452.0,226348.0
2004,서울,강남,냉난방용,206.0,4888.0
2004,서울,강남,산업용,164.0,17846.0
2004,서울,강남,수송용,2.0,3130.0
2004,서울,강남,업무난방용,8341.0,24464.0
2004,서울,강남,연료전지용,,
2004,서울,강남,열병합용,0.0,0.0
2004,서울,강남,일반용1,6124.0,18782.0
2004,서울,강남,일반용2,108.0,12927.0
2004,서울,강남,집단에너지용,,
2004,서울,강남,취사용,38435.0,36332.0
2004,서울,극동,개별난방용,683406.0,632275.0
2004,서울,극동,냉난방용,1136.0,43400.0
2004,서울,극동,산업용,864.0,16771.0
2004,서울,극동,수송용,3.0,6494.0
2004,서울,극동,업무난방용,20164.0,133934.0
2004,서울,극동,연료전지용,,
2004,서울,극동,열병합용,11.0,3295.0
2004,서울,극동,일반용1,25955.0,117131.0
2004,서울,극동,일반용2,525.0,47684.0
2004,서울,극동,집단에너지용,,
2004,서울,극동,취사용,74427.0,98856.0
2004,서울,대한,개별난방용,421376.0,385254.0
2004,서울,대한,냉난방용,1697.0,54598.0
2004,서울,대한,산업용,28.0,4541.0
2004,서울,대한,수송용,25.0,8869.0
2004,서울,대한,업무난방용,26789.0,148069.0
2004,서울,대한,연료전지용,,
2004,서울,대한,열병합용,12.0,28663.0
2004,서울,대한,일반용1,26267.0,114108.0
2004,서울,대한,일반용2,367.0,33958.0
2004,서울,대한,집단에너지용,,
2004,서울,대한,취사용,177096.0,70632.0
2004,서울,서울,개별난방용,1054694.0,970588.0
2004,서울,서울,냉난방용,1290.0,34343.0
2004,서울,서울,산업용,180.0,73022.0
2004,서울,서울,수송용,32.0,23277.0
2004,서울,서울,업무난방용,51253.0,152908.0
2004,서울,서울,연료전지용,,
2004,서울,서울,열병합용,1.0,119061.0
2004,서울,서울,일반용1,40516.0,118143.0
2004,서울,서울,일반용2,832.0,50172.0
2004,서울,서울,집단에너지용,,
2004,서울,서울,취사용,200375.0,143734.0
2004,서울,한진,개별난방용,322242.0,339479.0
2004,서울,한진,냉난방용,281.0,6001.0
2004,서울,한진,산업용,189.0,1932.0
2004,서울,한진,수송용,3.0,8800.0
2004,서울,한진,업무난방용,7438.0,40718.0
2004,서울,한진,연료전지용,,
2004,서울,한진,열병합용,1.0,98698.0
2004,서울,한진,일반용1,6625.0,29172.0
2004,서울,한진,일반용2,206.0,21411.0
2004,서울,한진,집단에너지용,,
2004,서울,한진,취사용,157210.0,57469.0
2004,울산,경동,개별난방용,207090.0,137801.0
2004,울산,경동,냉난방용,136.0,5340.0
2004,울산,경동,산업용,261.0,557923.0
2004,울산,경동,수송용,9.0,6861.0
2004,울산,경동,업무난방용,1050.0,12373.0
2004,울산,경동,연료전지용,,
2004,울산,경동,열병합용,1.0,66.0
2004,울산,경동,일반용1,4735.0,13731.0
2004,울산,경동,일반용2,223.0,19050.0
2004,울산,경동,집단에너지용,,
2004,울산,경동,취사용,10773.0,27227.0
2004,인천,삼천리,개별난방용,233010.0,225837.0
2004,인천,삼천리,냉난방용,165.0,4714.0
2004,인천,삼천리,산업용,478.0,342484.0
2004,인천,삼천리,수송용,17.0,11226.0
2004,인천,삼천리,업무난방용,1516.0,20069.0
2004,인천,삼천리,연료전지용,,
2004,인천,삼천리,열병합용,5.0,1833.0
2004,인천,삼천리,일반용1,2581.0,12167.0
2004,인천,삼천리,일반용2,119.0,16402.0
2004,인천,삼천리,집단에너지용,,
2004,인천,삼천리,취사용,29877.0,32488.0
2004,인천,인천,개별난방용,423539.0,336516.0
2004,인천,인천,냉난방용,286.0,7966.0
2004,인천,인천,산업용,137.0,131658.0
2004,인천,인천,수송용,31.0,10956.0
2004,인천,인천,업무난방용,15893.0,28880.0
2004,인천,인천,연료전지용,,
2004,인천,인천,열병합용,2.0,2262.0
2004,인천,인천,일반용1,5860.0,23794.0
2004,인천,인천,일반용2,281.0,25316.0
2004,인천,인천,집단에너지용,,
2004,인천,인천,취사용,84154.0,59008.0
2004,전남,대화,개별난방용,30010.0,24389.0
2004,전남,대화,냉난방용,32.0,668.0
2004,전남,대화,산업용,20.0,13350.0
2004,전남,대화,수송용,0.0,0.0
2004,전남,대화,업무난방용,122.0,1553.0
2004,전남,대화,연료전지용,,
2004,전남,대화,열병합용,0.0,0.0
2004,전남,대화,일반용1,241.0,754.0
2004,전남,대화,일반용2,41.0,2125.0
2004,전남,대화,집단에너지용,,
2004,전남,대화,취사용,9641.0,5630.0
2004,전남,목포,개별난방용,40083.0,23459.0
2004,전남,목포,냉난방용,51.0,1415.0
2004,전남,목포,산업용,8.0,908.0
2004,전남,목포,수송용,0.0,0.0
2004,전남,목포,업무난방용,132.0,2141.0
2004,전남,목포,연료전지용,,
2004,전남,목포,열병합용,0.0,0.0
2004,전남,목포,일반용1,377.0,1185.0
2004,전남,목포,일반용2,97.0,3417.0
2004,전남,목포,집단에너지용,,
2004,전남,목포,취사용,4111.0,5452.0
2004,전남,전남,개별난방용,64313.0,44984.0
2004,전남,전남,냉난방용,76.0,2288.0
2004,전남,전남,산업용,19.0,90245.0
2004,전남,전남,수송용,0.0,0.0
2004,전남,전남,업무난방용,600.0,3798.0
2004,전남,전남,연료전지용,,
2004,전남,전남,열병합용,0.0,0.0
2004,전남,전남,일반용1,804.0,1920.0
2004,전남,전남,일반용2,52.0,1560.0
2004,전남,전남,집단에너지용,,
2004,전남,전남,취사용,11725.0,989.0
2004,전남,해양,개별난방용,10980.0,5082.0
2004,전남,해양,냉난방용,4.0,591.0
2004,전남,해양,산업용,11.0,4670.0
2004,전남,해양,수송용,0.0,0.0
2004,전남,해양,업무난방용,20.0,649.0
2004,전남,해양,연료전지용,,
2004,전남,해양,열병합용,0.0,0.0
2004,전남,해양,일반용1,360.0,167.0
2004,전남,해양,일반용2,7.0,434.0
2004,전남,해양,집단에너지용,,
2004,전남,해양,취사용,0.0,1560.0
2004,전북,군산,개별난방용,36781.0,25427.0
2004,전북,군산,냉난방용,34.0,742.0
2004,전북,군산,산업용,24.0,35519.0
2004,전북,군산,수송용,1.0,302.0
2004,전북,군산,업무난방용,190.0,2528.0
2004,전북,군산,연료전지용,,
2004,전북,군산,열병합용,1.0,296.0
2004,전북,군산,일반용1,265.0,3341.0
2004,전북,군산,일반용2,0.0,0.0
2004,전북,군산,집단에너지용,,
2004,전북,군산,취사용,4906.0,3086.0
2004,전북,익산,개별난방용,50320.0,32467.0
2004,전북,익산,냉난방용,46.0,811.0
2004,전북,익산,산업용,49.0,24589.0
2004,전북,익산,수송용,3.0,66.0
2004,전북,익산,업무난방용,360.0,3730.0
2004,전북,익산,연료전지용,,
2004,전북,익산,열병합용,2.0,2740.0
2004,전북,익산,일반용1,555.0,1602.0
2004,전북,익산,일반용2,73.0,3589.0
2004,전북,익산,집단에너지용,,
2004,전북,익산,취사용,5435.0,4597.0
2004,전북,전북,개별난방용,135036.0,100877.0
2004,전북,전북,냉난방용,138.0,3713.0
2004,전북,전북,산업용,140.0,49668.0
2004,전북,전북,수송용,5.0,7245.0
2004,전북,전북,업무난방용,912.0,10249.0
2004,전북,전북,연료전지용,,
2004,전북,전북,열병합용,0.0,0.0
2004,전북,전북,일반용1,2214.0,15971.0
2004,전북,전북,일반용2,0.0,0.0
2004,전북,전북,집단에너지용,,
2004,전북,전북,취사용,13266.0,13001.0
2004,충남,서해,개별난방용,12904.0,9200.0
2004,충남,서해,냉난방용,5.0,142.0
2004,충남,서해,산업용,12.0,96152.0
2004,충남,서해,수송용,0.0,0.0
2004,충남,서해,업무난방용,84.0,527.0
2004,충남,서해,연료전지용,,
2004,충남,서해,열병합용,0.0,0.0
2004,충남,서해,일반용1,66.0,731.0
2004,충남,서해,일반용2,0.0,0.0
2004,충남,서해,집단에너지용,,
2004,충남,서해,취사용,0.0,1470.0
2004,충남,중부,개별난방용,124735.0,99516.0
2004,충남,중부,냉난방용,110.0,3063.0
2004,충남,중부,산업용,150.0,212850.0
2004,충남,중부,수송용,3.0,4515.0
2004,충남,중부,업무난방용,1190.0,10953.0
2004,충남,중부,연료전지용,,
2004,충남,중부,열병합용,1.0,17.0
2004,충남,중부,일반용1,964.0,3200.0
2004,충남,중부,일반용2,435.0,16075.0
2004,충남,중부,집단에너지용,,
2004,충남,중부,취사용,15469.0,17246.0
2004,충남,충남,개별난방용,5576.0,5937.0
2004,충남,충남,냉난방용,3.0,52.0
2004,충남,충남,산업용,0.0,0.0
2004,충남,충남,수송용,0.0,0.0
2004,충남,충남,업무난방용,39.0,280.0
2004,충남,충남,연료전지용,,
2004,충남,충남,열병합용,3.0,1014.0
2004,충남,충남,일반용1,95.0,520.0
2004,충남,충남,일반용2,7.0,544.0
2004,충남,충남,집단에너지용,,
2004,충남,충남,취사용,2479.0,1102.0
2004,충북,참빛충북,개별난방용,13292.0,12493.0
2004,충북,참빛충북,냉난방용,5.0,252.0
2004,충북,참빛충북,산업용,3.0,500.0
2004,충북,참빛충북,수송용,0.0,0.0
2004,충북,참빛충북,업무난방용,8.0,590.0
2004,충북,참빛충북,연료전지용,,
2004,충북,참빛충북,열병합용,0.0,0.0
2004,충북,참빛충북,일반용1,65.0,819.0
2004,충북,참빛충북,일반용2,0.0,0.0
2004,충북,참빛충북,집단에너지용,,
2004,충북,참빛충북,취사용,5791.0,1171.0
2004,충북,청주,개별난방용,103994.0,99253.0
2004,충북,청주,냉난방용,128.0,2913.0
2004,충북,청주,산업용,112.0,110398.0
2004,충북,청주,수송용,7.0,2657.0
2004,충북,청주,업무난방용,3898.0,10461.0
2004,충북,청주,연료전지용,,
2004,충북,청주,열병합용,0.0,0.0
2004,충북,청주,일반용1,4782.0,17851.0
2004,충북,청주,일반용2,0.0,0.0
2004,충북,청주,집단에너지용,,
2004,충북,청주,취사용,61709.0,4473.0
2005,강원,강원,개별난방용,47149.0,52481.0
2005,강원,강원,냉난방용,95.0,1412.0
2005,강원,강원,산업용,8.0,72.0
2005,강원,강원,수송용,1.0,715.0
2005,강원,강원,업무난방용,798.0,9254.0
2005,강원,강원,연료전지용,,
2005,강원,강원,열병합용,3.0,373.0
2005,강원,강원,일반용1,1650.0,4658.0
2005,강원,강원,일반용2,15.0,672.0
2005,강원,강원,집단에너지용,5.0,524.0
2005,강원,강원,취사용,14542.0,1151.0
2005,강원,참빛,개별난방용,11518.0,8201.0
2005,강원,참빛,냉난방용,8.0,113.0
2005,강원,참빛,산업용,0.0,0.0
2005,강원,참빛,수송용,0.0,0.0
2005,강원,참빛,업무난방용,48.0,980.0
2005,강원,참빛,연료전지용,,
2005,강원,참빛,열병합용,0.0,0.0
2005,강원,참빛,일반용1,65.0,941.0
2005,강원,참빛,일반용2,0.0,0.0
2005,강원,참빛,집단에너지용,0.0,0.0
2005,강원,참빛,취사용,555.0,185.0
2005,강원,참빛영동,개별난방용,14993.0,11730.0
2005,강원,참빛영동,냉난방용,9.0,104.0
2005,강원,참빛영동,산업용,0.0,0.0
2005,강원,참빛영동,수송용,0.0,0.0
2005,강원,참빛영동,업무난방용,33.0,1105.0
2005,강원,참빛영동,연료전지용,,
2005,강원,참빛영동,열병합용,0.0,0.0
2005,강원,참빛영동,일반용1,169.0,1339.0
2005,강원,참빛영동,일반용2,4.0,352.0
2005,강원,참빛영동,집단에너지용,0.0,0.0
2005,강원,참빛영동,취사용,1172.0,107.0
2005,강원,참빛원주,개별난방용,51980.0,51343.0
2005,강원,참빛원주,냉난방용,43.0,893.0
2005,강원,참빛원주,산업용,40.0,15939.0
2005,강원,참빛원주,수송용,1.0,706.0
2005,강원,참빛원주,업무난방용,387.0,5553.0
2005,강원,참빛원주,연료전지용,,
2005,강원,참빛원주,열병합용,1.0,223.0
2005,강원,참빛원주,일반용1,753.0,2834.0
2005,강원,참빛원주,일반용2,21.0,2928.0
2005,강원,참빛원주,집단에너지용,1.0,332.0
2005,강원,참빛원주,취사용,6900.0,567.0
2005,경기,대한,개별난방용,320208.0,300849.0
2005,경기,대한,냉난방용,361.0,11402.0
2005,경기,대한,산업용,306.0,58236.0
2005,경기,대한,수송용,3.0,20772.0
2005,경기,대한,업무난방용,5115.0,35106.0
2005,경기,대한,연료전지용,,
2005,경기,대한,열병합용,2.0,1777.0
2005,경기,대한,일반용1,27013.0,42542.0
2005,경기,대한,일반용2,256.0,21036.0
2005,경기,대한,집단에너지용,1.0,134.0
2005,경기,대한,취사용,119879.0,51599.0
2005,경기,삼천리,개별난방용,1283705.0,1100812.0
2005,경기,삼천리,냉난방용,833.0,28296.0
2005,경기,삼천리,산업용,1428.0,822962.0
2005,경기,삼천리,수송용,6.0,36955.0
2005,경기,삼천리,업무난방용,12726.0,145263.0
2005,경기,삼천리,연료전지용,,
2005,경기,삼천리,열병합용,11.0,4240.0
2005,경기,삼천리,일반용1,21870.0,85394.0
2005,경기,삼천리,일반용2,699.0,74815.0
2005,경기,삼천리,집단에너지용,7.0,51068.0
2005,경기,삼천리,취사용,496086.0,202538.0
2005,경기,서울,개별난방용,177186.0,171664.0
2005,경기,서울,냉난방용,225.0,8554.0
2005,경기,서울,산업용,165.0,25472.0
2005,경기,서울,수송용,3.0,15070.0
2005,경기,서울,업무난방용,12019.0,17597.0
2005,경기,서울,연료전지용,,
2005,경기,서울,열병합용,0.0,0.0
2005,경기,서울,일반용1,20096.0,28839.0
2005,경기,서울,일반용2,305.0,19682.0
2005,경기,서울,집단에너지용,0.0,0.0
2005,경기,서울,취사용,149850.0,33953.0
2005,경기,예스코,개별난방용,152169.0,166308.0
2005,경기,예스코,냉난방용,68.0,2117.0
2005,경기,예스코,산업용,206.0,5804.0
2005,경기,예스코,수송용,2.0,8105.0
2005,경기,예스코,업무난방용,1988.0,8706.0
2005,경기,예스코,연료전지용,,
2005,경기,예스코,열병합용,0.0,0.0
2005,경기,예스코,일반용1,3232.0,11278.0
2005,경기,예스코,일반용2,73.0,8081.0
2005,경기,예스코,집단에너지용,0.0,0.0
2005,경기,예스코,취사용,17248.0,21723.0
2005,경기,인천,개별난방용,0.0,0.0
2005,경기,인천,냉난방용,2.0,70.0
2005,경기,인천,산업용,3.0,447.0
2005,경기,인천,수송용,0.0,0.0
2005,경기,인천,업무난방용,5.0,143.0
2005,경기,인천,연료전지용,,
2005,경기,인천,열병합용,0.0,0.0
2005,경기,인천,일반용1,4.0,27.0
2005,경기,인천,일반용2,1.0,33.0
2005,경기,인천,집단에너지용,0.0,0.0
2005,경기,인천,취사용,0.0,0.0
2005,경기,한진,개별난방용,150538.0,166004.0
2005,경기,한진,냉난방용,92.0,2475.0
2005,경기,한진,산업용,295.0,59564.0
2005,경기,한진,수송용,1.0,2924.0
2005,경기,한진,업무난방용,3598.0,15187.0
2005,경기,한진,연료전지용,,
2005,경기,한진,열병합용,0.0,0.0
2005,경기,한진,일반용1,2723.0,11655.0
2005,경기,한진,일반용2,110.0,10658.0
2005,경기,한진,집단에너지용,0.0,0.0
2005,경기,한진,취사용,27602.0,22431.0
2005,경남,경남,개별난방용,257690.0,166272.0
2005,경남,경남,냉난방용,7.0,9446.0
2005,경남,경남,산업용,567.0,253008.0
2005,경남,경남,수송용,2.0,14167.0
2005,경남,경남,업무난방용,1125.0,24444.0
2005,경남,경남,연료전지용,,
2005,경남,경남,열병합용,4.0,2692.0
2005,경남,경남,일반용1,31617.0,29873.0
2005,경남,경남,일반용2,467.0,29743.0
2005,경남,경남,집단에너지용,1.0,15395.0
2005,경남,경남,취사용,54579.0,34573.0
2005,경남,경동,개별난방용,37834.0,23776.0
2005,경남,경동,냉난방용,17.0,448.0
2005,경남,경동,산업용,185.0,78594.0
2005,경남,경동,수송용,1.0,2817.0
2005,경남,경동,업무난방용,167.0,938.0
2005,경남,경동,연료전지용,,
2005,경남,경동,열병합용,0.0,0.0
2005,경남,경동,일반용1,889.0,1902.0
2005,경남,경동,일반용2,33.0,2893.0
2005,경남,경동,집단에너지용,2.0,8515.0
2005,경남,경동,취사용,11885.0,5424.0
2005,경남,지에스이,개별난방용,33736.0,24789.0
2005,경남,지에스이,냉난방용,32.0,1535.0
2005,경남,지에스이,산업용,73.0,30505.0
2005,경남,지에스이,수송용,2.0,2349.0
2005,경남,지에스이,업무난방용,22.0,3761.0
2005,경남,지에스이,연료전지용,,
2005,경남,지에스이,열병합용,3.0,1100.0
2005,경남,지에스이,일반용1,725.0,1953.0
2005,경남,지에스이,일반용2,37.0,3689.0
2005,경남,지에스이,집단에너지용,3.0,1275.0
2005,경남,지에스이,취사용,8894.0,759.0
2005,경북,경북,개별난방용,19124.0,15886.0
2005,경북,경북,냉난방용,25.0,541.0
2005,경북,경북,산업용,15.0,26308.0
2005,경북,경북,수송용,0.0,0.0
2005,경북,경북,업무난방용,39.0,1364.0
2005,경북,경북,연료전지용,,
2005,경북,경북,열병합용,0.0,0.0
2005,경북,경북,일반용1,642.0,1726.0
2005,경북,경북,일반용2,0.0,0.0
2005,경북,경북,집단에너지용,0.0,0.0
2005,경북,경북,취사용,7350.0,1167.0
2005,경북,구미,개별난방용,111621.0,89194.0
2005,경북,구미,냉난방용,49.0,1672.0
2005,경북,구미,산업용,260.0,237617.0
2005,경북,구미,수송용,0.0,0.0
2005,경북,구미,업무난방용,501.0,8863.0
2005,경북,구미,연료전지용,,
2005,경북,구미,열병합용,0.0,0.0
2005,경북,구미,일반용1,3239.0,7023.0
2005,경북,구미,일반용2,94.0,6558.0
2005,경북,구미,집단에너지용,0.0,0.0
2005,경북,구미,취사용,8262.0,14192.0
2005,경북,대구,개별난방용,54255.0,35153.0
2005,경북,대구,냉난방용,53.0,1343.0
2005,경북,대구,산업용,73.0,32169.0
2005,경북,대구,수송용,1.0,3950.0
2005,경북,대구,업무난방용,249.0,4614.0
2005,경북,대구,연료전지용,,
2005,경북,대구,열병합용,1.0,590.0
2005,경북,대구,일반용1,526.0,761.0
2005,경북,대구,일반용2,48.0,4007.0
2005,경북,대구,집단에너지용,1.0,540.0
2005,경북,대구,취사용,5553.0,6305.0
2005,경북,서라벌,개별난방용,39271.0,27940.0
2005,경북,서라벌,냉난방용,18.0,854.0
2005,경북,서라벌,산업용,35.0,23929.0
2005,경북,서라벌,수송용,0.0,0.0
2005,경북,서라벌,업무난방용,59.0,2364.0
2005,경북,서라벌,연료전지용,,
2005,경북,서라벌,열병합용,0.0,0.0
2005,경북,서라벌,일반용1,591.0,545.0
2005,경북,서라벌,일반용2,99.0,9250.0
2005,경북,서라벌,집단에너지용,0.0,0.0
2005,경북,서라벌,취사용,5491.0,4638.0
2005,경북,포항,개별난방용,74336.0,68184.0
2005,경북,포항,냉난방용,76.0,2278.0
2005,경북,포항,산업용,114.0,186908.0
2005,경북,포항,수송용,0.0,0.0
2005,경북,포항,업무난방용,534.0,5994.0
2005,경북,포항,연료전지용,,
2005,경북,포항,열병합용,3.0,1435.0
2005,경북,포항,일반용1,1430.0,5135.0
2005,경북,포항,일반용2,85.0,6946.0
2005,경북,포항,집단에너지용,2.0,1642.0
2005,경북,포항,취사용,15668.0,2821.0
2005,광주,해양,개별난방용,275775.0,205323.0
2005,광주,해양,냉난방용,443.0,19380.0
2005,광주,해양,산업용,527.0,75959.0
2005,광주,해양,수송용,3.0,22511.0
2005,광주,해양,업무난방용,4092.0,30014.0
2005,광주,해양,연료전지용,,
2005,광주,해양,열병합용,1.0,47.0
2005,광주,해양,일반용1,16963.0,25033.0
2005,광주,해양,일반용2,166.0,17588.0
2005,광주,해양,집단에너지용,1.0,91.0
2005,광주,해양,취사용,44334.0,36769.0
2005,대구,대구,개별난방용,384615.0,320844.0
2005,대구,대구,냉난방용,554.0,19973.0
2005,대구,대구,산업용,1007.0,227598.0
2005,대구,대구,수송용,6.0,29785.0
2005,대구,대구,업무난방용,2146.0,40836.0
2005,대구,대구,연료전지용,,
2005,대구,대구,열병합용,5.0,1864.0
2005,대구,대구,일반용1,10356.0,24992.0
2005,대구,대구,일반용2,684.0,52428.0
2005,대구,대구,집단에너지용,3.0,752.0
2005,대구,대구,취사용,134358.0,60586.0
2005,대전,충남,개별난방용,253112.0,274178.0
2005,대전,충남,냉난방용,763.0,20947.0
2005,대전,충남,산업용,512.0,43991.0
2005,대전,충남,수송용,2.0,9924.0
2005,대전,충남,업무난방용,6745.0,72155.0
2005,대전,충남,연료전지용,,
2005,대전,충남,열병합용,15.0,6855.0
2005,대전,충남,일반용1,10929.0,46995.0
2005,대전,충남,일반용2,254.0,16338.0
2005,대전,충남,집단에너지용,19.0,7041.0
2005,대전,충남,취사용,95019.0,39550.0
2005,부산,부산,개별난방용,504551.0,385043.0
2005,부산,부산,냉난방용,726.0,34426.0
2005,부산,부산,산업용,678.0,327591.0
2005,부산,부산,수송용,2.0,3521.0
2005,부산,부산,업무난방용,699.0,52675.0
2005,부산,부산,연료전지용,,
2005,부산,부산,열병합용,7.0,5781.0
2005,부산,부산,일반용1,13487.0,50089.0
2005,부산,부산,일반용2,588.0,58147.0
2005,부산,부산,집단에너지용,1.0,28147.0
2005,부산,부산,취사용,169786.0,82515.0
2005,서울,강남,개별난방용,262524.0,239853.0
2005,서울,강남,냉난방용,245.0,5813.0
2005,서울,강남,산업용,165.0,16744.0
2005,서울,강남,수송용,3.0,5870.0
2005,서울,강남,업무난방용,11653.0,33563.0
2005,서울,강남,연료전지용,,
2005,서울,강남,열병합용,0.0,0.0
2005,서울,강남,일반용1,6427.0,21687.0
2005,서울,강남,일반용2,121.0,13740.0
2005,서울,강남,집단에너지용,0.0,0.0
2005,서울,강남,취사용,37338.0,36512.0
2005,서울,대한,개별난방용,433188.0,408287.0
2005,서울,대한,냉난방용,1970.0,58621.0
2005,서울,대한,산업용,33.0,4455.0
2005,서울,대한,수송용,2.0,13951.0
2005,서울,대한,업무난방용,33122.0,167797.0
2005,서울,대한,연료전지용,,
2005,서울,대한,열병합용,12.0,13434.0
2005,서울,대한,일반용1,28846.0,125133.0
2005,서울,대한,일반용2,377.0,35264.0
2005,서울,대한,집단에너지용,9.0,28966.0
2005,서울,대한,취사용,173450.0,70595.0
2005,서울,서울,개별난방용,1071211.0,1019619.0
2005,서울,서울,냉난방용,1467.0,39174.0
2005,서울,서울,산업용,172.0,48659.0
2005,서울,서울,수송용,3.0,25055.0
2005,서울,서울,업무난방용,75870.0,195880.0
2005,서울,서울,연료전지용,,
2005,서울,서울,열병합용,1.0,132027.0
2005,서울,서울,일반용1,37864.0,139943.0
2005,서울,서울,일반용2,659.0,54873.0
2005,서울,서울,집단에너지용,11.0,6734.0
2005,서울,서울,취사용,201048.0,143907.0
2005,서울,예스코,개별난방용,702223.0,665483.0
2005,서울,예스코,냉난방용,1288.0,47178.0
2005,서울,예스코,산업용,959.0,18734.0
2005,서울,예스코,수송용,3.0,10438.0
2005,서울,예스코,업무난방용,26905.0,169668.0
2005,서울,예스코,연료전지용,,
2005,서울,예스코,열병합용,12.0,5961.0
2005,서울,예스코,일반용1,29418.0,133079.0
2005,서울,예스코,일반용2,549.0,50513.0
2005,서울,예스코,집단에너지용,11.0,5112.0
2005,서울,예스코,취사용,72034.0,95912.0
2005,서울,한진,개별난방용,336005.0,359819.0
2005,서울,한진,냉난방용,333.0,7076.0
2005,서울,한진,산업용,200.0,2258.0
2005,서울,한진,수송용,3.0,16377.0
2005,서울,한진,업무난방용,10097.0,47779.0
2005,서울,한진,연료전지용,,
2005,서울,한진,열병합용,1.0,104820.0
2005,서울,한진,일반용1,7061.0,31404.0
2005,서울,한진,일반용2,222.0,22570.0
2005,서울,한진,집단에너지용,0.0,0.0
2005,서울,한진,취사용,154858.0,59217.0
2005,울산,경동,개별난방용,234562.0,166669.0
2005,울산,경동,냉난방용,155.0,5880.0
2005,울산,경동,산업용,286.0,570656.0
2005,울산,경동,수송용,3.0,13891.0
2005,울산,경동,업무난방용,1314.0,14162.0
2005,울산,경동,연료전지용,,
2005,울산,경동,열병합용,1.0,878.0
2005,울산,경동,일반용1,5725.0,18814.0
2005,울산,경동,일반용2,236.0,21687.0
2005,울산,경동,집단에너지용,1.0,873.0
2005,울산,경동,취사용,8947.0,30081.0
2005,인천,삼천리,개별난방용,240396.0,237073.0
2005,인천,삼천리,냉난방용,172.0,5148.0
2005,인천,삼천리,산업용,502.0,341247.0
2005,인천,삼천리,수송용,2.0,16369.0
2005,인천,삼천리,업무난방용,1861.0,24644.0
2005,인천,삼천리,연료전지용,,
2005,인천,삼천리,열병합용,6.0,3321.0
2005,인천,삼천리,일반용1,3126.0,14927.0
2005,인천,삼천리,일반용2,126.0,17328.0
2005,인천,삼천리,집단에너지용,1.0,3996.0
2005,인천,삼천리,취사용,33968.0,33289.0
2005,인천,인천,개별난방용,435064.0,365483.0
2005,인천,인천,냉난방용,341.0,8533.0
2005,인천,인천,산업용,165.0,139604.0
2005,인천,인천,수송용,3.0,19959.0
2005,인천,인천,업무난방용,18488.0,34272.0
2005,인천,인천,연료전지용,,
2005,인천,인천,열병합용,2.0,1853.0
2005,인천,인천,일반용1,7080.0,28545.0
2005,인천,인천,일반용2,315.0,23781.0
2005,인천,인천,집단에너지용,3.0,2873.0
2005,인천,인천,취사용,87010.0,59755.0
2005,전남,대화,개별난방용,32570.0,26762.0
2005,전남,대화,냉난방용,33.0,689.0
2005,전남,대화,산업용,21.0,15914.0
2005,전남,대화,수송용,1.0,734.0
2005,전남,대화,업무난방용,141.0,2070.0
2005,전남,대화,연료전지용,,
2005,전남,대화,열병합용,0.0,0.0
2005,전남,대화,일반용1,296.0,1147.0
2005,전남,대화,일반용2,25.0,2375.0
2005,전남,대화,집단에너지용,0.0,0.0
2005,전남,대화,취사용,9624.0,5699.0
2005,전남,목포,개별난방용,43311.0,26140.0
2005,전남,목포,냉난방용,56.0,1486.0
2005,전남,목포,산업용,10.0,1322.0
2005,전남,목포,수송용,1.0,22.0
2005,전남,목포,업무난방용,150.0,2761.0
2005,전남,목포,연료전지용,,
2005,전남,목포,열병합용,0.0,0.0
2005,전남,목포,일반용1,616.0,2643.0
2005,전남,목포,일반용2,14.0,3143.0
2005,전남,목포,집단에너지용,0.0,0.0
2005,전남,목포,취사용,4233.0,5664.0
2005,전남,전남,개별난방용,67615.0,52042.0
2005,전남,전남,냉난방용,102.0,2457.0
2005,전남,전남,산업용,25.0,90157.0
2005,전남,전남,수송용,1.0,2327.0
2005,전남,전남,업무난방용,635.0,4700.0
2005,전남,전남,연료전지용,,
2005,전남,전남,열병합용,0.0,0.0
2005,전남,전남,일반용1,970.0,3231.0
2005,전남,전남,일반용2,19.0,1614.0
2005,전남,전남,집단에너지용,0.0,0.0
2005,전남,전남,취사용,11704.0,994.0
2005,전남,해양,개별난방용,11028.0,5558.0
2005,전남,해양,냉난방용,4.0,583.0
2005,전남,해양,산업용,12.0,4533.0
2005,전남,해양,수송용,0.0,0.0
2005,전남,해양,업무난방용,31.0,1143.0
2005,전남,해양,연료전지용,,
2005,전남,해양,열병합용,0.0,0.0
2005,전남,해양,일반용1,425.0,249.0
2005,전남,해양,일반용2,4.0,192.0
2005,전남,해양,집단에너지용,0.0,0.0
2005,전남,해양,취사용,0.0,1320.0
2005,전북,군산,개별난방용,39444.0,28911.0
2005,전북,군산,냉난방용,42.0,849.0
2005,전북,군산,산업용,25.0,43731.0
2005,전북,군산,수송용,1.0,819.0
2005,전북,군산,업무난방용,194.0,2846.0
2005,전북,군산,연료전지용,,
2005,전북,군산,열병합용,1.0,1018.0
2005,전북,군산,일반용1,281.0,3718.0
2005,전북,군산,일반용2,0.0,0.0
2005,전북,군산,집단에너지용,1.0,732.0
2005,전북,군산,취사용,4689.0,3065.0
2005,전북,익산,개별난방용,55356.0,37752.0
2005,전북,익산,냉난방용,55.0,882.0
2005,전북,익산,산업용,56.0,26421.0
2005,전북,익산,수송용,1.0,989.0
2005,전북,익산,업무난방용,419.0,4400.0
2005,전북,익산,연료전지용,,
2005,전북,익산,열병합용,1.0,1071.0
2005,전북,익산,일반용1,628.0,1860.0
2005,전북,익산,일반용2,79.0,3697.0
2005,전북,익산,집단에너지용,2.0,2353.0
2005,전북,익산,취사용,5439.0,5527.0
2005,전북,전북,개별난방용,146955.0,112189.0
2005,전북,전북,냉난방용,150.0,4053.0
2005,전북,전북,산업용,166.0,55539.0
2005,전북,전북,수송용,2.0,10275.0
2005,전북,전북,업무난방용,1145.0,12948.0
2005,전북,전북,연료전지용,,
2005,전북,전북,열병합용,0.0,0.0
2005,전북,전북,일반용1,2585.0,19248.0
2005,전북,전북,일반용2,0.0,0.0
2005,전북,전북,집단에너지용,0.0,0.0
2005,전북,전북,취사용,14278.0,14355.0
2005,제주,제주e,개별난방용,1138.0,710.0
2005,제주,제주e,냉난방용,1.0,21.0
2005,제주,제주e,산업용,0.0,0.0
2005,제주,제주e,수송용,0.0,0.0
2005,제주,제주e,업무난방용,0.0,9.0
2005,제주,제주e,연료전지용,,
2005,제주,제주e,열병합용,0.0,0.0
2005,제주,제주e,일반용1,2.0,8.0
2005,제주,제주e,일반용2,0.0,0.0
2005,제주,제주e,집단에너지용,0.0,0.0
2005,제주,제주e,취사용,352.0,95.0
2005,충남,서해,개별난방용,17182.0,12361.0
2005,충남,서해,냉난방용,5.0,234.0
2005,충남,서해,산업용,18.0,138068.0
2005,충남,서해,수송용,0.0,0.0
2005,충남,서해,업무난방용,134.0,939.0
2005,충남,서해,연료전지용,,
2005,충남,서해,열병합용,1.0,147.0
2005,충남,서해,일반용1,99.0,1026.0
2005,충남,서해,일반용2,0.0,0.0
2005,충남,서해,집단에너지용,0.0,0.0
2005,충남,서해,취사용,0.0,1868.0
2005,충남,중부,개별난방용,146423.0,118112.0
2005,충남,중부,냉난방용,162.0,3697.0
2005,충남,중부,산업용,175.0,259046.0
2005,충남,중부,수송용,2.0,7366.0
2005,충남,중부,업무난방용,1485.0,13674.0
2005,충남,중부,연료전지용,,
2005,충남,중부,열병합용,3.0,1189.0
2005,충남,중부,일반용1,1326.0,4007.0
2005,충남,중부,일반용2,545.0,20456.0
2005,충남,중부,집단에너지용,2.0,1257.0
2005,충남,중부,취사용,14201.0,20315.0
2005,충남,충남,개별난방용,9265.0,4590.0
2005,충남,충남,냉난방용,1.0,57.0
2005,충남,충남,산업용,0.0,0.0
2005,충남,충남,수송용,0.0,0.0
2005,충남,충남,업무난방용,87.0,347.0
2005,충남,충남,연료전지용,,
2005,충남,충남,열병합용,3.0,1040.0
2005,충남,충남,일반용1,149.0,598.0
2005,충남,충남,일반용2,7.0,406.0
2005,충남,충남,집단에너지용,4.0,2010.0
2005,충남,충남,취사용,1501.0,957.0
2005,충북,참빛충북,개별난방용,13857.0,13580.0
2005,충북,참빛충북,냉난방용,5.0,409.0
2005,충북,참빛충북,산업용,10.0,3191.0
2005,충북,참빛충북,수송용,0.0,0.0
2005,충북,참빛충북,업무난방용,10.0,892.0
2005,충북,참빛충북,연료전지용,,
2005,충북,참빛충북,열병합용,0.0,0.0
2005,충북,참빛충북,일반용1,64.0,880.0
2005,충북,참빛충북,일반용2,0.0,0.0
2005,충북,참빛충북,집단에너지용,0.0,0.0
2005,충북,참빛충북,취사용,5936.0,1301.0
2005,충북,청주,개별난방용,114149.0,114503.0
2005,충북,청주,냉난방용,134.0,3138.0
2005,충북,청주,산업용,127.0,120809.0
2005,충북,청주,수송용,2.0,4384.0
2005,충북,청주,업무난방용,4208.0,12606.0
2005,충북,청주,연료전지용,,
2005,충북,청주,열병합용,1.0,87.0
2005,충북,청주,일반용1,5232.0,6254.0
2005,충북,청주,일반용2,228.0,14978.0
2005,충북,청주,집단에너지용,0.0,0.0
2005,충북,청주,취사용,62004.0,3533.0
2006,강원,강원,개별난방용,51482.0,52193.0
2006,강원,강원,냉난방용,110.0,1536.0
2006,강원,강원,산업용,5.0,82.0
2006,강원,강원,수송용,1.0,1473.0
2006,강원,강원,업무난방용,635.0,10531.0
2006,강원,강원,연료전지용,,
2006,강원,강원,열병합용,3.0,1098.0
2006,강원,강원,일반용1,1361.0,4227.0
2006,강원,강원,일반용2,18.0,1792.0
2006,강원,강원,집단에너지용,7.0,1175.0
2006,강원,강원,취사용,13716.0,1067.0
2006,강원,참빛,개별난방용,12783.0,8786.0
2006,강원,참빛,냉난방용,5.0,64.0
2006,강원,참빛,산업용,0.0,0.0
2006,강원,참빛,수송용,0.0,0.0
2006,강원,참빛,업무난방용,54.0,784.0
2006,강원,참빛,연료전지용,,
2006,강원,참빛,열병합용,0.0,0.0
2006,강원,참빛,일반용1,45.0,1254.0
2006,강원,참빛,일반용2,40.0,270.0
2006,강원,참빛,집단에너지용,0.0,0.0
2006,강원,참빛,취사용,556.0,232.0
2006,강원,참빛영동,개별난방용,16696.0,12432.0
2006,강원,참빛영동,냉난방용,8.0,52.0
2006,강원,참빛영동,산업용,0.0,0.0
2006,강원,참빛영동,수송용,0.0,0.0
2006,강원,참빛영동,업무난방용,39.0,1006.0
2006,강원,참빛영동,연료전지용,,
2006,강원,참빛영동,열병합용,0.0,0.0
2006,강원,참빛영동,일반용1,182.0,1852.0
2006,강원,참빛영동,일반용2,4.0,308.0
2006,강원,참빛영동,집단에너지용,0.0,0.0
2006,강원,참빛영동,취사용,1097.0,110.0
2006,강원,참빛원주,개별난방용,58454.0,53563.0
2006,강원,참빛원주,냉난방용,61.0,965.0
2006,강원,참빛원주,산업용,46.0,18184.0
2006,강원,참빛원주,수송용,1.0,2806.0
2006,강원,참빛원주,업무난방용,453.0,6760.0
2006,강원,참빛원주,연료전지용,,
2006,강원,참빛원주,열병합용,1.0,1181.0
2006,강원,참빛원주,일반용1,891.0,3386.0
2006,강원,참빛원주,일반용2,20.0,2345.0
2006,강원,참빛원주,집단에너지용,1.0,1223.0
2006,강원,참빛원주,취사용,6408.0,527.0
2006,경기,대한,개별난방용,330911.0,287463.0
2006,경기,대한,냉난방용,401.0,10709.0
2006,경기,대한,산업용,326.0,57046.0
2006,경기,대한,수송용,3.0,28555.0
2006,경기,대한,업무난방용,5803.0,36976.0
2006,경기,대한,연료전지용,,
2006,경기,대한,열병합용,2.0,3243.0
2006,경기,대한,일반용1,28364.0,47027.0
2006,경기,대한,일반용2,248.0,20593.0
2006,경기,대한,집단에너지용,1.0,0.0
2006,경기,대한,취사용,119583.0,52765.0
2006,경기,삼천리,개별난방용,1331476.0,1087008.0
2006,경기,삼천리,냉난방용,1004.0,28703.0
2006,경기,삼천리,산업용,1526.0,803164.0
2006,경기,삼천리,수송용,7.0,44923.0
2006,경기,삼천리,업무난방용,15055.0,152271.0
2006,경기,삼천리,연료전지용,,
2006,경기,삼천리,열병합용,14.0,5453.0
2006,경기,삼천리,일반용1,25024.0,100000.0
2006,경기,삼천리,일반용2,766.0,76532.0
2006,경기,삼천리,집단에너지용,24.0,41115.0
2006,경기,삼천리,취사용,521676.0,199154.0
2006,경기,서울,개별난방용,185550.0,166098.0
2006,경기,서울,냉난방용,319.0,8688.0
2006,경기,서울,산업용,183.0,36827.0
2006,경기,서울,수송용,4.0,18804.0
2006,경기,서울,업무난방용,14750.0,19978.0
2006,경기,서울,연료전지용,,
2006,경기,서울,열병합용,0.0,0.0
2006,경기,서울,일반용1,20184.0,32042.0
2006,경기,서울,일반용2,303.0,19169.0
2006,경기,서울,집단에너지용,0.0,0.0
2006,경기,서울,취사용,160534.0,35615.0
2006,경기,예스코,개별난방용,164717.0,169953.0
2006,경기,예스코,냉난방용,78.0,2288.0
2006,경기,예스코,산업용,280.0,5003.0
2006,경기,예스코,수송용,1.0,15595.0
2006,경기,예스코,업무난방용,2234.0,8462.0
2006,경기,예스코,연료전지용,,
2006,경기,예스코,열병합용,1.0,165.0
2006,경기,예스코,일반용1,3852.0,12922.0
2006,경기,예스코,일반용2,79.0,8524.0
2006,경기,예스코,집단에너지용,1.0,219.0
2006,경기,예스코,취사용,15760.0,23657.0
2006,경기,인천,개별난방용,108.0,20.0
2006,경기,인천,냉난방용,3.0,103.0
2006,경기,인천,산업용,5.0,970.0
2006,경기,인천,수송용,0.0,0.0
2006,경기,인천,업무난방용,5.0,117.0
2006,경기,인천,연료전지용,,
2006,경기,인천,열병합용,0.0,0.0
2006,경기,인천,일반용1,11.0,48.0
2006,경기,인천,일반용2,1.0,572.0
2006,경기,인천,집단에너지용,0.0,0.0
2006,경기,인천,취사용,0.0,1.0
2006,경기,한진,개별난방용,67313.0,170284.0
2006,경기,한진,냉난방용,111.0,2332.0
2006,경기,한진,산업용,299.0,64834.0
2006,경기,한진,수송용,1.0,3848.0
2006,경기,한진,업무난방용,4030.0,15001.0
2006,경기,한진,연료전지용,,
2006,경기,한진,열병합용,0.0,0.0
2006,경기,한진,일반용1,3100.0,13216.0
2006,경기,한진,일반용2,110.0,10448.0
2006,경기,한진,집단에너지용,0.0,0.0
2006,경기,한진,취사용,126256.0,24839.0
2006,경남,경남,개별난방용,287671.0,178688.0
2006,경남,경남,냉난방용,53.0,8825.0
2006,경남,경남,산업용,584.0,267807.0
2006,경남,경남,수송용,3.0,18023.0
2006,경남,경남,업무난방용,1303.0,26095.0
2006,경남,경남,연료전지용,,
2006,경남,경남,열병합용,5.0,2383.0
2006,경남,경남,일반용1,32254.0,31193.0
2006,경남,경남,일반용2,456.0,28330.0
2006,경남,경남,집단에너지용,1.0,15406.0
2006,경남,경남,취사용,48886.0,42551.0
2006,경남,경동,개별난방용,38772.0,24572.0
2006,경남,경동,냉난방용,19.0,377.0
2006,경남,경동,산업용,161.0,78980.0
2006,경남,경동,수송용,1.0,2872.0
2006,경남,경동,업무난방용,173.0,1080.0
2006,경남,경동,연료전지용,,
2006,경남,경동,열병합용,0.0,0.0
2006,경남,경동,일반용1,930.0,2370.0
2006,경남,경동,일반용2,36.0,3014.0
2006,경남,경동,집단에너지용,1.0,9388.0
2006,경남,경동,취사용,11605.0,6063.0
2006,경남,지에스이,개별난방용,37007.0,26692.0
2006,경남,지에스이,냉난방용,39.0,1379.0
2006,경남,지에스이,산업용,76.0,28061.0
2006,경남,지에스이,수송용,2.0,4707.0
2006,경남,지에스이,업무난방용,66.0,3862.0
2006,경남,지에스이,연료전지용,,
2006,경남,지에스이,열병합용,4.0,1808.0
2006,경남,지에스이,일반용1,929.0,2234.0
2006,경남,지에스이,일반용2,36.0,3719.0
2006,경남,지에스이,집단에너지용,5.0,1820.0
2006,경남,지에스이,취사용,9295.0,769.0
2006,경북,경북,개별난방용,21203.0,16894.0
2006,경북,경북,냉난방용,23.0,487.0
2006,경북,경북,산업용,19.0,24913.0
2006,경북,경북,수송용,0.0,0.0
2006,경북,경북,업무난방용,50.0,1749.0
2006,경북,경북,연료전지용,,
2006,경북,경북,열병합용,0.0,0.0
2006,경북,경북,일반용1,792.0,1899.0
2006,경북,경북,일반용2,0.0,0.0
2006,경북,경북,집단에너지용,0.0,0.0
2006,경북,경북,취사용,7011.0,1428.0
2006,경북,구미,개별난방용,123272.0,92906.0
2006,경북,구미,냉난방용,54.0,2189.0
2006,경북,구미,산업용,227.0,231366.0
2006,경북,구미,수송용,0.0,0.0
2006,경북,구미,업무난방용,817.0,9137.0
2006,경북,구미,연료전지용,,
2006,경북,구미,열병합용,2.0,578.0
2006,경북,구미,일반용1,3732.0,8361.0
2006,경북,구미,일반용2,91.0,7225.0
2006,경북,구미,집단에너지용,2.0,219.0
2006,경북,구미,취사용,8262.0,15983.0
2006,경북,대구,개별난방용,62522.0,38608.0
2006,경북,대구,냉난방용,101.0,1536.0
2006,경북,대구,산업용,70.0,29895.0
2006,경북,대구,수송용,1.0,4272.0
2006,경북,대구,업무난방용,263.0,4932.0
2006,경북,대구,연료전지용,,
2006,경북,대구,열병합용,1.0,496.0
2006,경북,대구,일반용1,651.0,1599.0
2006,경북,대구,일반용2,63.0,3868.0
2006,경북,대구,집단에너지용,1.0,620.0
2006,경북,대구,취사용,4863.0,7619.0
2006,경북,서라벌,개별난방용,46010.0,27760.0
2006,경북,서라벌,냉난방용,19.0,919.0
2006,경북,서라벌,산업용,37.0,24093.0
2006,경북,서라벌,수송용,1.0,100.0
2006,경북,서라벌,업무난방용,162.0,2632.0
2006,경북,서라벌,연료전지용,,
2006,경북,서라벌,열병합용,0.0,0.0
2006,경북,서라벌,일반용1,862.0,12082.0
2006,경북,서라벌,일반용2,0.0,0.0
2006,경북,서라벌,집단에너지용,0.0,0.0
2006,경북,서라벌,취사용,2361.0,6754.0
2006,경북,포항,개별난방용,87811.0,61638.0
2006,경북,포항,냉난방용,83.0,1913.0
2006,경북,포항,산업용,136.0,141971.0
2006,경북,포항,수송용,0.0,0.0
2006,경북,포항,업무난방용,603.0,6110.0
2006,경북,포항,연료전지용,,
2006,경북,포항,열병합용,3.0,3104.0
2006,경북,포항,일반용1,1719.0,6540.0
2006,경북,포항,일반용2,100.0,6961.0
2006,경북,포항,집단에너지용,2.0,2768.0
2006,경북,포항,취사용,14320.0,10937.0
2006,광주,해양,개별난방용,307890.0,214178.0
2006,광주,해양,냉난방용,497.0,20710.0
2006,광주,해양,산업용,500.0,88149.0
2006,광주,해양,수송용,5.0,28545.0
2006,광주,해양,업무난방용,4222.0,33793.0
2006,광주,해양,연료전지용,,
2006,광주,해양,열병합용,2.0,240.0
2006,광주,해양,일반용1,14643.0,29055.0
2006,광주,해양,일반용2,201.0,20480.0
2006,광주,해양,집단에너지용,2.0,173.0
2006,광주,해양,취사용,35837.0,47292.0
2006,대구,대구,개별난방용,424164.0,335867.0
2006,대구,대구,냉난방용,623.0,18641.0
2006,대구,대구,산업용,1081.0,227494.0
2006,대구,대구,수송용,6.0,35332.0
2006,대구,대구,업무난방용,2410.0,39554.0
2006,대구,대구,연료전지용,,
2006,대구,대구,열병합용,10.0,3593.0
2006,대구,대구,일반용1,11067.0,27945.0
2006,대구,대구,일반용2,935.0,53945.0
2006,대구,대구,집단에너지용,12.0,3538.0
2006,대구,대구,취사용,130595.0,63762.0
2006,대전,충남,개별난방용,283414.0,265735.0
2006,대전,충남,냉난방용,795.0,18992.0
2006,대전,충남,산업용,459.0,48584.0
2006,대전,충남,수송용,2.0,11716.0
2006,대전,충남,업무난방용,5129.0,65668.0
2006,대전,충남,연료전지용,,
2006,대전,충남,열병합용,17.0,9746.0
2006,대전,충남,일반용1,8385.0,49803.0
2006,대전,충남,일반용2,208.0,16916.0
2006,대전,충남,집단에너지용,22.0,8828.0
2006,대전,충남,취사용,112333.0,43008.0
2006,부산,부산,개별난방용,554871.0,382928.0
2006,부산,부산,냉난방용,775.0,32423.0
2006,부산,부산,산업용,725.0,345410.0
2006,부산,부산,수송용,2.0,6845.0
2006,부산,부산,업무난방용,726.0,45793.0
2006,부산,부산,연료전지용,,
2006,부산,부산,열병합용,9.0,5373.0
2006,부산,부산,일반용1,15313.0,54607.0
2006,부산,부산,일반용2,650.0,57659.0
2006,부산,부산,집단에너지용,1.0,29824.0
2006,부산,부산,취사용,174157.0,81610.0
2006,서울,강남,개별난방용,266262.0,224034.0
2006,서울,강남,냉난방용,298.0,5642.0
2006,서울,강남,산업용,169.0,14804.0
2006,서울,강남,수송용,3.0,11644.0
2006,서울,강남,업무난방용,12673.0,31752.0
2006,서울,강남,연료전지용,,
2006,서울,강남,열병합용,3.0,995.0
2006,서울,강남,일반용1,6965.0,24146.0
2006,서울,강남,일반용2,119.0,13676.0
2006,서울,강남,집단에너지용,3.0,936.0
2006,서울,강남,취사용,36918.0,37185.0
2006,서울,대한,개별난방용,437809.0,376620.0
2006,서울,대한,냉난방용,2175.0,56498.0
2006,서울,대한,산업용,38.0,4549.0
2006,서울,대한,수송용,2.0,22933.0
2006,서울,대한,업무난방용,35776.0,166261.0
2006,서울,대한,연료전지용,,
2006,서울,대한,열병합용,15.0,13793.0
2006,서울,대한,일반용1,29836.0,132869.0
2006,서울,대한,일반용2,368.0,34234.0
2006,서울,대한,집단에너지용,12.0,70796.0
2006,서울,대한,취사용,178797.0,71164.0
2006,서울,서울,개별난방용,1085485.0,948809.0
2006,서울,서울,냉난방용,1594.0,38722.0
2006,서울,서울,산업용,170.0,25238.0
2006,서울,서울,수송용,3.0,26227.0
2006,서울,서울,업무난방용,90232.0,184357.0
2006,서울,서울,연료전지용,,
2006,서울,서울,열병합용,8.0,4581.0
2006,서울,서울,일반용1,40759.0,153610.0
2006,서울,서울,일반용2,636.0,52921.0
2006,서울,서울,집단에너지용,6.0,121043.0
2006,서울,서울,취사용,197683.0,147051.0
2006,서울,예스코,개별난방용,719501.0,632834.0
2006,서울,예스코,냉난방용,1473.0,47889.0
2006,서울,예스코,산업용,1046.0,19533.0
2006,서울,예스코,수송용,3.0,16574.0
2006,서울,예스코,업무난방용,30066.0,153301.0
2006,서울,예스코,연료전지용,,
2006,서울,예스코,열병합용,12.0,5404.0
2006,서울,예스코,일반용1,32686.0,139310.0
2006,서울,예스코,일반용2,554.0,48360.0
2006,서울,예스코,집단에너지용,11.0,4817.0
2006,서울,예스코,취사용,68073.0,97838.0
2006,서울,한진,개별난방용,344235.0,342335.0
2006,서울,한진,냉난방용,393.0,7250.0
2006,서울,한진,산업용,196.0,2879.0
2006,서울,한진,수송용,5.0,23102.0
2006,서울,한진,업무난방용,10649.0,45411.0
2006,서울,한진,연료전지용,,
2006,서울,한진,열병합용,0.0,0.0
2006,서울,한진,일반용1,7703.0,32811.0
2006,서울,한진,일반용2,214.0,21499.0
2006,서울,한진,집단에너지용,1.0,94831.0
2006,서울,한진,취사용,153124.0,60177.0
2006,울산,경동,개별난방용,246576.0,181676.0
2006,울산,경동,냉난방용,173.0,6112.0
2006,울산,경동,산업용,242.0,571072.0
2006,울산,경동,수송용,3.0,20452.0
2006,울산,경동,업무난방용,1507.0,13909.0
2006,울산,경동,연료전지용,,
2006,울산,경동,열병합용,2.0,1019.0
2006,울산,경동,일반용1,6298.0,23298.0
2006,울산,경동,일반용2,235.0,21580.0
2006,울산,경동,집단에너지용,1.0,688.0
2006,울산,경동,취사용,11211.0,34049.0
2006,인천,삼천리,개별난방용,243837.0,217170.0
2006,인천,삼천리,냉난방용,198.0,4994.0
2006,인천,삼천리,산업용,534.0,357986.0
2006,인천,삼천리,수송용,3.0,25121.0
2006,인천,삼천리,업무난방용,2448.0,24805.0
2006,인천,삼천리,연료전지용,,
2006,인천,삼천리,열병합용,7.0,3988.0
2006,인천,삼천리,일반용1,3899.0,17661.0
2006,인천,삼천리,일반용2,136.0,16392.0
2006,인천,삼천리,집단에너지용,8.0,11964.0
2006,인천,삼천리,취사용,39032.0,32090.0
2006,인천,인천,개별난방용,448536.0,347411.0
2006,인천,인천,냉난방용,358.0,7821.0
2006,인천,인천,산업용,199.0,150367.0
2006,인천,인천,수송용,6.0,34528.0
2006,인천,인천,업무난방용,20865.0,37072.0
2006,인천,인천,연료전지용,,
2006,인천,인천,열병합용,2.0,1350.0
2006,인천,인천,일반용1,8322.0,34519.0
2006,인천,인천,일반용2,328.0,23421.0
2006,인천,인천,집단에너지용,2.0,2645.0
2006,인천,인천,취사용,85817.0,63037.0
2006,전남,대화,개별난방용,34500.0,26602.0
2006,전남,대화,냉난방용,40.0,1162.0
2006,전남,대화,산업용,26.0,22352.0
2006,전남,대화,수송용,1.0,3449.0
2006,전남,대화,업무난방용,151.0,2072.0
2006,전남,대화,연료전지용,,
2006,전남,대화,열병합용,0.0,0.0
2006,전남,대화,일반용1,304.0,1434.0
2006,전남,대화,일반용2,26.0,3340.0
2006,전남,대화,집단에너지용,0.0,0.0
2006,전남,대화,취사용,9392.0,6154.0
2006,전남,목포,개별난방용,43344.0,26789.0
2006,전남,목포,냉난방용,68.0,1596.0
2006,전남,목포,산업용,11.0,2695.0
2006,전남,목포,수송용,1.0,2149.0
2006,전남,목포,업무난방용,170.0,2933.0
2006,전남,목포,연료전지용,,
2006,전남,목포,열병합용,0.0,0.0
2006,전남,목포,일반용1,727.0,3843.0
2006,전남,목포,일반용2,15.0,2185.0
2006,전남,목포,집단에너지용,0.0,0.0
2006,전남,목포,취사용,6279.0,6042.0
2006,전남,전남,개별난방용,72896.0,49877.0
2006,전남,전남,냉난방용,124.0,2565.0
2006,전남,전남,산업용,25.0,74298.0
2006,전남,전남,수송용,1.0,3440.0
2006,전남,전남,업무난방용,683.0,5133.0
2006,전남,전남,연료전지용,,
2006,전남,전남,열병합용,0.0,0.0
2006,전남,전남,일반용1,1204.0,3526.0
2006,전남,전남,일반용2,22.0,2830.0
2006,전남,전남,집단에너지용,0.0,0.0
2006,전남,전남,취사용,11221.0,737.0
2006,전남,해양,개별난방용,14911.0,5730.0
2006,전남,해양,냉난방용,14.0,504.0
2006,전남,해양,산업용,15.0,5892.0
2006,전남,해양,수송용,0.0,0.0
2006,전남,해양,업무난방용,63.0,1563.0
2006,전남,해양,연료전지용,,
2006,전남,해양,열병합용,0.0,0.0
2006,전남,해양,일반용1,406.0,330.0
2006,전남,해양,일반용2,5.0,74.0
2006,전남,해양,집단에너지용,0.0,0.0
2006,전남,해양,취사용,0.0,1664.0
2006,전북,군산,개별난방용,41789.0,29298.0
2006,전북,군산,냉난방용,42.0,785.0
2006,전북,군산,산업용,30.0,82578.0
2006,전북,군산,수송용,1.0,2274.0
2006,전북,군산,업무난방용,233.0,2945.0
2006,전북,군산,연료전지용,,
2006,전북,군산,열병합용,1.0,1103.0
2006,전북,군산,일반용1,309.0,3857.0
2006,전북,군산,일반용2,0.0,0.0
2006,전북,군산,집단에너지용,1.0,639.0
2006,전북,군산,취사용,4738.0,3239.0
2006,전북,익산,개별난방용,58494.0,38110.0
2006,전북,익산,냉난방용,32.0,961.0
2006,전북,익산,산업용,62.0,31527.0
2006,전북,익산,수송용,1.0,2384.0
2006,전북,익산,업무난방용,348.0,4364.0
2006,전북,익산,연료전지용,,
2006,전북,익산,열병합용,1.0,980.0
2006,전북,익산,일반용1,554.0,2231.0
2006,전북,익산,일반용2,66.0,3414.0
2006,전북,익산,집단에너지용,1.0,2135.0
2006,전북,익산,취사용,5298.0,5848.0
2006,전북,전북,개별난방용,165161.0,114102.0
2006,전북,전북,냉난방용,173.0,3762.0
2006,전북,전북,산업용,195.0,70757.0
2006,전북,전북,수송용,2.0,12237.0
2006,전북,전북,업무난방용,1338.0,12861.0
2006,전북,전북,연료전지용,,
2006,전북,전북,열병합용,1.0,5.0
2006,전북,전북,일반용1,3095.0,21148.0
2006,전북,전북,일반용2,0.0,0.0
2006,전북,전북,집단에너지용,3.0,71.0
2006,전북,전북,취사용,12592.0,16195.0
2006,제주,제주e,개별난방용,4896.0,1725.0
2006,제주,제주e,냉난방용,3.0,41.0
2006,제주,제주e,산업용,0.0,0.0
2006,제주,제주e,수송용,0.0,0.0
2006,제주,제주e,업무난방용,1.0,104.0
2006,제주,제주e,연료전지용,,
2006,제주,제주e,열병합용,0.0,0.0
2006,제주,제주e,일반용1,17.0,55.0
2006,제주,제주e,일반용2,0.0,0.0
2006,제주,제주e,집단에너지용,0.0,0.0
2006,제주,제주e,취사용,0.0,478.0
2006,충남,서해,개별난방용,29943.0,15619.0
2006,충남,서해,냉난방용,6.0,203.0
2006,충남,서해,산업용,27.0,208921.0
2006,충남,서해,수송용,0.0,0.0
2006,충남,서해,업무난방용,204.0,1139.0
2006,충남,서해,연료전지용,,
2006,충남,서해,열병합용,2.0,710.0
2006,충남,서해,일반용1,188.0,1980.0
2006,충남,서해,일반용2,0.0,0.0
2006,충남,서해,집단에너지용,1.0,152.0
2006,충남,서해,취사용,1154.0,2689.0
2006,충남,중부,개별난방용,169504.0,125079.0
2006,충남,중부,냉난방용,199.0,4057.0
2006,충남,중부,산업용,197.0,297215.0
2006,충남,중부,수송용,2.0,8872.0
2006,충남,중부,업무난방용,1810.0,14749.0
2006,충남,중부,연료전지용,,
2006,충남,중부,열병합용,4.0,2345.0
2006,충남,중부,일반용1,1654.0,5214.0
2006,충남,중부,일반용2,676.0,20894.0
2006,충남,중부,집단에너지용,5.0,1982.0
2006,충남,중부,취사용,13731.0,23625.0
2006,충남,충남,개별난방용,8227.0,6015.0
2006,충남,충남,냉난방용,8.0,69.0
2006,충남,충남,산업용,0.0,0.0
2006,충남,충남,수송용,0.0,0.0
2006,충남,충남,업무난방용,77.0,403.0
2006,충남,충남,연료전지용,,
2006,충남,충남,열병합용,3.0,1171.0
2006,충남,충남,일반용1,143.0,642.0
2006,충남,충남,일반용2,7.0,591.0
2006,충남,충남,집단에너지용,4.0,1787.0
2006,충남,충남,취사용,2335.0,1181.0
2006,충북,참빛충북,개별난방용,18942.0,16742.0
2006,충북,참빛충북,냉난방용,6.0,382.0
2006,충북,참빛충북,산업용,16.0,15053.0
2006,충북,참빛충북,수송용,0.0,0.0
2006,충북,참빛충북,업무난방용,174.0,946.0
2006,충북,참빛충북,연료전지용,,
2006,충북,참빛충북,열병합용,0.0,0.0
2006,충북,참빛충북,일반용1,90.0,1110.0
2006,충북,참빛충북,일반용2,0.0,0.0
2006,충북,참빛충북,집단에너지용,0.0,0.0
2006,충북,참빛충북,취사용,3610.0,358.0
2006,충북,청주,개별난방용,130833.0,111789.0
2006,충북,청주,냉난방용,142.0,3080.0
2006,충북,청주,산업용,155.0,135720.0
2006,충북,청주,수송용,2.0,8717.0
2006,충북,청주,업무난방용,4484.0,12597.0
2006,충북,청주,연료전지용,,
2006,충북,청주,열병합용,1.0,160.0
2006,충북,청주,일반용1,6421.0,22117.0
2006,충북,청주,일반용2,0.0,0.0
2006,충북,청주,집단에너지용,1.0,190.0
2006,충북,청주,취사용,65551.0,3579.0
2007,강원,강원,개별난방용,55732.0,56044.0
2007,강원,강원,냉난방용,115.0,1736.0
2007,강원,강원,산업용,17.0,111.0
2007,강원,강원,수송용,1.0,1691.0
2007,강원,강원,업무난방용,698.0,10091.0
2007,강원,강원,연료전지용,,
2007,강원,강원,열병합용,3.0,1300.0
2007,강원,강원,일반용1,1543.0,4963.0
2007,강원,강원,일반용2,19.0,1783.0
2007,강원,강원,집단에너지용,7.0,1382.0
2007,강원,강원,취사용,13701.0,1059.0
2007,강원,참빛,개별난방용,14395.0,9421.0
2007,강원,참빛,냉난방용,17.0,56.0
2007,강원,참빛,산업용,0.0,0.0
2007,강원,참빛,수송용,0.0,0.0
2007,강원,참빛,업무난방용,46.0,742.0
2007,강원,참빛,연료전지용,,
2007,강원,참빛,열병합용,0.0,0.0
2007,강원,참빛,일반용1,80.0,1682.0
2007,강원,참빛,일반용2,0.0,0.0
2007,강원,참빛,집단에너지용,0.0,0.0
2007,강원,참빛,취사용,532.0,241.0
2007,강원,참빛영동,개별난방용,18285.0,12756.0
2007,강원,참빛영동,냉난방용,17.0,66.0
2007,강원,참빛영동,산업용,0.0,0.0
2007,강원,참빛영동,수송용,0.0,0.0
2007,강원,참빛영동,업무난방용,37.0,1115.0
2007,강원,참빛영동,연료전지용,,
2007,강원,참빛영동,열병합용,0.0,0.0
2007,강원,참빛영동,일반용1,208.0,1839.0
2007,강원,참빛영동,일반용2,2.0,302.0
2007,강원,참빛영동,집단에너지용,0.0,0.0
2007,강원,참빛영동,취사용,1101.0,164.0
2007,강원,참빛원주,개별난방용,64051.0,55001.0
2007,강원,참빛원주,냉난방용,64.0,1140.0
2007,강원,참빛원주,산업용,46.0,17902.0
2007,강원,참빛원주,수송용,1.0,3682.0
2007,강원,참빛원주,업무난방용,580.0,6644.0
2007,강원,참빛원주,연료전지용,,
2007,강원,참빛원주,열병합용,3.0,1221.0
2007,강원,참빛원주,일반용1,995.0,3895.0
2007,강원,참빛원주,일반용2,21.0,2354.0
2007,강원,참빛원주,집단에너지용,4.0,979.0
2007,강원,참빛원주,취사용,5521.0,458.0
2007,경기,대한,개별난방용,339675.0,287746.0
2007,경기,대한,냉난방용,436.0,11582.0
2007,경기,대한,산업용,339.0,80217.0
2007,경기,대한,수송용,3.0,35400.0
2007,경기,대한,업무난방용,6433.0,37652.0
2007,경기,대한,연료전지용,,
2007,경기,대한,열병합용,2.0,3061.0
2007,경기,대한,일반용1,29613.0,50949.0
2007,경기,대한,일반용2,238.0,19756.0
2007,경기,대한,집단에너지용,1.0,0.0
2007,경기,대한,취사용,120204.0,54443.0
2007,경기,삼천리,개별난방용,1375507.0,1058166.0
2007,경기,삼천리,냉난방용,1032.0,33988.0
2007,경기,삼천리,산업용,1641.0,813224.0
2007,경기,삼천리,수송용,10.0,60618.0
2007,경기,삼천리,업무난방용,17196.0,157116.0
2007,경기,삼천리,연료전지용,,
2007,경기,삼천리,열병합용,16.0,5316.0
2007,경기,삼천리,일반용1,28671.0,115126.0
2007,경기,삼천리,일반용2,824.0,76672.0
2007,경기,삼천리,집단에너지용,25.0,38625.0
2007,경기,삼천리,취사용,550456.0,213459.0
2007,경기,서울,개별난방용,188251.0,163701.0
2007,경기,서울,냉난방용,348.0,10217.0
2007,경기,서울,산업용,192.0,34078.0
2007,경기,서울,수송용,4.0,24417.0
2007,경기,서울,업무난방용,20786.0,20493.0
2007,경기,서울,연료전지용,,
2007,경기,서울,열병합용,0.0,0.0
2007,경기,서울,일반용1,16594.0,35948.0
2007,경기,서울,일반용2,253.0,18381.0
2007,경기,서울,집단에너지용,0.0,0.0
2007,경기,서울,취사용,170415.0,36989.0
2007,경기,예스코,개별난방용,175884.0,171377.0
2007,경기,예스코,냉난방용,91.0,2587.0
2007,경기,예스코,산업용,293.0,5387.0
2007,경기,예스코,수송용,2.0,16273.0
2007,경기,예스코,업무난방용,2375.0,9140.0
2007,경기,예스코,연료전지용,,
2007,경기,예스코,열병합용,2.0,924.0
2007,경기,예스코,일반용1,4615.0,15274.0
2007,경기,예스코,일반용2,82.0,9204.0
2007,경기,예스코,집단에너지용,2.0,1201.0
2007,경기,예스코,취사용,14713.0,24835.0
2007,경기,인천,개별난방용,296.0,105.0
2007,경기,인천,냉난방용,5.0,93.0
2007,경기,인천,산업용,5.0,1375.0
2007,경기,인천,수송용,1.0,1005.0
2007,경기,인천,업무난방용,24.0,180.0
2007,경기,인천,연료전지용,,
2007,경기,인천,열병합용,0.0,0.0
2007,경기,인천,일반용1,19.0,54.0
2007,경기,인천,일반용2,1.0,581.0
2007,경기,인천,집단에너지용,0.0,0.0
2007,경기,인천,취사용,0.0,14.0
2007,경기,한진,개별난방용,181218.0,175052.0
2007,경기,한진,냉난방용,122.0,2919.0
2007,경기,한진,산업용,346.0,64874.0
2007,경기,한진,수송용,3.0,7482.0
2007,경기,한진,업무난방용,4396.0,15652.0
2007,경기,한진,연료전지용,,
2007,경기,한진,열병합용,0.0,0.0
2007,경기,한진,일반용1,3542.0,14521.0
2007,경기,한진,일반용2,113.0,9316.0
2007,경기,한진,집단에너지용,0.0,0.0
2007,경기,한진,취사용,25821.0,26932.0
2007,경남,경남,개별난방용,328041.0,168918.0
2007,경남,경남,냉난방용,255.0,10072.0
2007,경남,경남,산업용,597.0,286653.0
2007,경남,경남,수송용,3.0,20200.0
2007,경남,경남,업무난방용,1051.0,23151.0
2007,경남,경남,연료전지용,,
2007,경남,경남,열병합용,6.0,2432.0
2007,경남,경남,일반용1,34230.0,33896.0
2007,경남,경남,일반용2,454.0,27008.0
2007,경남,경남,집단에너지용,1.0,15086.0
2007,경남,경남,취사용,44329.0,50534.0
2007,경남,경동,개별난방용,41805.0,24509.0
2007,경남,경동,냉난방용,22.0,377.0
2007,경남,경동,산업용,171.0,83624.0
2007,경남,경동,수송용,1.0,2729.0
2007,경남,경동,업무난방용,191.0,1108.0
2007,경남,경동,연료전지용,,
2007,경남,경동,열병합용,0.0,0.0
2007,경남,경동,일반용1,1041.0,2728.0
2007,경남,경동,일반용2,39.0,2940.0
2007,경남,경동,집단에너지용,1.0,9815.0
2007,경남,경동,취사용,13176.0,6702.0
2007,경남,지에스이,개별난방용,40447.0,28130.0
2007,경남,지에스이,냉난방용,59.0,2038.0
2007,경남,지에스이,산업용,87.0,31002.0
2007,경남,지에스이,수송용,2.0,7302.0
2007,경남,지에스이,업무난방용,92.0,4044.0
2007,경남,지에스이,연료전지용,,
2007,경남,지에스이,열병합용,4.0,1913.0
2007,경남,지에스이,일반용1,1163.0,2656.0
2007,경남,지에스이,일반용2,40.0,3841.0
2007,경남,지에스이,집단에너지용,5.0,1781.0
2007,경남,지에스이,취사용,10022.0,756.0
2007,경북,경북,개별난방용,23120.0,17338.0
2007,경북,경북,냉난방용,25.0,555.0
2007,경북,경북,산업용,22.0,27519.0
2007,경북,경북,수송용,0.0,0.0
2007,경북,경북,업무난방용,58.0,1834.0
2007,경북,경북,연료전지용,,
2007,경북,경북,열병합용,0.0,0.0
2007,경북,경북,일반용1,992.0,2432.0
2007,경북,경북,일반용2,0.0,0.0
2007,경북,경북,집단에너지용,0.0,0.0
2007,경북,경북,취사용,7318.0,1283.0
2007,경북,대구,개별난방용,66925.0,39616.0
2007,경북,대구,냉난방용,108.0,1836.0
2007,경북,대구,산업용,73.0,29383.0
2007,경북,대구,수송용,2.0,7826.0
2007,경북,대구,업무난방용,174.0,4871.0
2007,경북,대구,연료전지용,,
2007,경북,대구,열병합용,1.0,527.0
2007,경북,대구,일반용1,811.0,2424.0
2007,경북,대구,일반용2,69.0,3430.0
2007,경북,대구,집단에너지용,1.0,615.0
2007,경북,대구,취사용,4961.0,8508.0
2007,경북,서라벌,개별난방용,48695.0,28149.0
2007,경북,서라벌,냉난방용,22.0,1085.0
2007,경북,서라벌,산업용,53.0,25796.0
2007,경북,서라벌,수송용,1.0,1750.0
2007,경북,서라벌,업무난방용,217.0,3419.0
2007,경북,서라벌,연료전지용,,
2007,경북,서라벌,열병합용,0.0,0.0
2007,경북,서라벌,일반용1,989.0,12756.0
2007,경북,서라벌,일반용2,0.0,0.0
2007,경북,서라벌,집단에너지용,0.0,0.0
2007,경북,서라벌,취사용,4107.0,7267.0
2007,경북,영남ES,개별난방용,140370.0,96783.0
2007,경북,영남ES,냉난방용,57.0,2506.0
2007,경북,영남ES,산업용,243.0,225113.0
2007,경북,영남ES,수송용,1.0,142.0
2007,경북,영남ES,업무난방용,870.0,9075.0
2007,경북,영남ES,연료전지용,,
2007,경북,영남ES,열병합용,3.0,807.0
2007,경북,영남ES,일반용1,4095.0,9666.0
2007,경북,영남ES,일반용2,94.0,6149.0
2007,경북,영남ES,집단에너지용,2.0,457.0
2007,경북,영남ES,취사용,6448.0,15613.0
2007,경북,포항,개별난방용,101043.0,63874.0
2007,경북,포항,냉난방용,100.0,2531.0
2007,경북,포항,산업용,157.0,145622.0
2007,경북,포항,수송용,0.0,0.0
2007,경북,포항,업무난방용,747.0,6004.0
2007,경북,포항,연료전지용,,
2007,경북,포항,열병합용,3.0,2657.0
2007,경북,포항,일반용1,2122.0,7997.0
2007,경북,포항,일반용2,105.0,6761.0
2007,경북,포항,집단에너지용,2.0,2428.0
2007,경북,포항,취사용,13962.0,13658.0
2007,광주,해양,개별난방용,343970.0,213628.0
2007,광주,해양,냉난방용,478.0,22046.0
2007,광주,해양,산업용,526.0,81379.0
2007,광주,해양,수송용,5.0,28530.0
2007,광주,해양,업무난방용,4835.0,30693.0
2007,광주,해양,연료전지용,,
2007,광주,해양,열병합용,2.0,316.0
2007,광주,해양,일반용1,16384.0,30968.0
2007,광주,해양,일반용2,196.0,21673.0
2007,광주,해양,집단에너지용,2.0,310.0
2007,광주,해양,취사용,26055.0,51308.0
2007,대구,대구,개별난방용,448634.0,321965.0
2007,대구,대구,냉난방용,673.0,20467.0
2007,대구,대구,산업용,1090.0,202475.0
2007,대구,대구,수송용,6.0,37756.0
2007,대구,대구,업무난방용,1696.0,37283.0
2007,대구,대구,연료전지용,,
2007,대구,대구,열병합용,12.0,5365.0
2007,대구,대구,일반용1,12730.0,29519.0
2007,대구,대구,일반용2,1017.0,51005.0
2007,대구,대구,집단에너지용,16.0,4732.0
2007,대구,대구,취사용,133736.0,67004.0
2007,대전,충남,개별난방용,307913.0,261986.0
2007,대전,충남,냉난방용,795.0,21624.0
2007,대전,충남,산업용,503.0,51277.0
2007,대전,충남,수송용,2.0,12742.0
2007,대전,충남,업무난방용,5401.0,65145.0
2007,대전,충남,연료전지용,,
2007,대전,충남,열병합용,18.0,8892.0
2007,대전,충남,일반용1,9287.0,53019.0
2007,대전,충남,일반용2,198.0,16795.0
2007,대전,충남,집단에너지용,22.0,9655.0
2007,대전,충남,취사용,111688.0,46035.0
2007,부산,부산,개별난방용,656307.0,368508.0
2007,부산,부산,냉난방용,822.0,35813.0
2007,부산,부산,산업용,765.0,372113.0
2007,부산,부산,수송용,7.0,10317.0
2007,부산,부산,업무난방용,757.0,45580.0
2007,부산,부산,연료전지용,,
2007,부산,부산,열병합용,9.0,5808.0
2007,부산,부산,일반용1,18241.0,59639.0
2007,부산,부산,일반용2,722.0,57030.0
2007,부산,부산,집단에너지용,1.0,27889.0
2007,부산,부산,취사용,140221.0,90222.0
2007,서울,강남,개별난방용,268008.0,216220.0
2007,서울,강남,냉난방용,317.0,6481.0
2007,서울,강남,산업용,180.0,13968.0
2007,서울,강남,수송용,3.0,18434.0
2007,서울,강남,업무난방용,14345.0,32252.0
2007,서울,강남,연료전지용,,
2007,서울,강남,열병합용,6.0,2453.0
2007,서울,강남,일반용1,7751.0,26712.0
2007,서울,강남,일반용2,117.0,12658.0
2007,서울,강남,집단에너지용,6.0,1821.0
2007,서울,강남,취사용,35893.0,37686.0
2007,서울,대한,개별난방용,443309.0,365992.0
2007,서울,대한,냉난방용,2280.0,60318.0
2007,서울,대한,산업용,38.0,4493.0
2007,서울,대한,수송용,3.0,34336.0
2007,서울,대한,업무난방용,38275.0,160785.0
2007,서울,대한,연료전지용,,
2007,서울,대한,열병합용,18.0,21716.0
2007,서울,대한,일반용1,31077.0,139441.0
2007,서울,대한,일반용2,351.0,33630.0
2007,서울,대한,집단에너지용,18.0,122722.0
2007,서울,대한,취사용,183942.0,72210.0
2007,서울,서울,개별난방용,1093473.0,921698.0
2007,서울,서울,냉난방용,1676.0,41624.0
2007,서울,서울,산업용,169.0,15113.0
2007,서울,서울,수송용,3.0,31755.0
2007,서울,서울,업무난방용,98194.0,181688.0
2007,서울,서울,연료전지용,,
2007,서울,서울,열병합용,7.0,4677.0
2007,서울,서울,일반용1,41698.0,164567.0
2007,서울,서울,일반용2,607.0,50201.0
2007,서울,서울,집단에너지용,9.0,112995.0
2007,서울,서울,취사용,200139.0,148962.0
2007,서울,예스코,개별난방용,738573.0,615233.0
2007,서울,예스코,냉난방용,1617.0,53337.0
2007,서울,예스코,산업용,1150.0,19056.0
2007,서울,예스코,수송용,4.0,26504.0
2007,서울,예스코,업무난방용,31750.0,149049.0
2007,서울,예스코,연료전지용,,
2007,서울,예스코,열병합용,16.0,5739.0
2007,서울,예스코,일반용1,35172.0,147665.0
2007,서울,예스코,일반용2,555.0,44196.0
2007,서울,예스코,집단에너지용,19.0,4607.0
2007,서울,예스코,취사용,60006.0,99598.0
2007,서울,한진,개별난방용,350614.0,327379.0
2007,서울,한진,냉난방용,419.0,8027.0
2007,서울,한진,산업용,207.0,3766.0
2007,서울,한진,수송용,6.0,37380.0
2007,서울,한진,업무난방용,11054.0,43840.0
2007,서울,한진,연료전지용,,
2007,서울,한진,열병합용,0.0,0.0
2007,서울,한진,일반용1,8109.0,35170.0
2007,서울,한진,일반용2,212.0,20484.0
2007,서울,한진,집단에너지용,1.0,88127.0
2007,서울,한진,취사용,151703.0,60924.0
2007,울산,경동,개별난방용,260898.0,177677.0
2007,울산,경동,냉난방용,183.0,6474.0
2007,울산,경동,산업용,244.0,622480.0
2007,울산,경동,수송용,3.0,22844.0
2007,울산,경동,업무난방용,1741.0,13240.0
2007,울산,경동,연료전지용,,
2007,울산,경동,열병합용,2.0,927.0
2007,울산,경동,일반용1,7102.0,26544.0
2007,울산,경동,일반용2,230.0,19880.0
2007,울산,경동,집단에너지용,1.0,623.0
2007,울산,경동,취사용,6876.0,36990.0
2007,인천,삼천리,개별난방용,245790.0,200421.0
2007,인천,삼천리,냉난방용,212.0,5735.0
2007,인천,삼천리,산업용,550.0,359234.0
2007,인천,삼천리,수송용,3.0,33009.0
2007,인천,삼천리,업무난방용,2739.0,25198.0
2007,인천,삼천리,연료전지용,,
2007,인천,삼천리,열병합용,9.0,4048.0
2007,인천,삼천리,일반용1,4356.0,19529.0
2007,인천,삼천리,일반용2,138.0,14805.0
2007,인천,삼천리,집단에너지용,11.0,15754.0
2007,인천,삼천리,취사용,43272.0,34492.0
2007,인천,인천,개별난방용,472454.0,343996.0
2007,인천,인천,냉난방용,386.0,9269.0
2007,인천,인천,산업용,200.0,162303.0
2007,인천,인천,수송용,7.0,48504.0
2007,인천,인천,업무난방용,23999.0,36547.0
2007,인천,인천,연료전지용,,
2007,인천,인천,열병합용,2.0,1129.0
2007,인천,인천,일반용1,9497.0,38809.0
2007,인천,인천,일반용2,319.0,21855.0
2007,인천,인천,집단에너지용,2.0,1794.0
2007,인천,인천,취사용,86044.0,64848.0
2007,전남,대화,개별난방용,36731.0,25624.0
2007,전남,대화,냉난방용,41.0,1052.0
2007,전남,대화,산업용,40.0,37034.0
2007,전남,대화,수송용,1.0,3919.0
2007,전남,대화,업무난방용,170.0,1954.0
2007,전남,대화,연료전지용,,
2007,전남,대화,열병합용,0.0,0.0
2007,전남,대화,일반용1,307.0,1387.0
2007,전남,대화,일반용2,24.0,3195.0
2007,전남,대화,집단에너지용,0.0,0.0
2007,전남,대화,취사용,8499.0,6365.0
2007,전남,목포,개별난방용,48424.0,26559.0
2007,전남,목포,냉난방용,78.0,1867.0
2007,전남,목포,산업용,11.0,3248.0
2007,전남,목포,수송용,1.0,2967.0
2007,전남,목포,업무난방용,189.0,3306.0
2007,전남,목포,연료전지용,,
2007,전남,목포,열병합용,1.0,453.0
2007,전남,목포,일반용1,818.0,4212.0
2007,전남,목포,일반용2,18.0,1833.0
2007,전남,목포,집단에너지용,1.0,313.0
2007,전남,목포,취사용,6313.0,6458.0
2007,전남,전남,개별난방용,74319.0,51450.0
2007,전남,전남,냉난방용,137.0,2697.0
2007,전남,전남,산업용,33.0,73451.0
2007,전남,전남,수송용,1.0,4362.0
2007,전남,전남,업무난방용,560.0,5066.0
2007,전남,전남,연료전지용,,
2007,전남,전남,열병합용,0.0,0.0
2007,전남,전남,일반용1,1154.0,3989.0
2007,전남,전남,일반용2,20.0,2609.0
2007,전남,전남,집단에너지용,0.0,0.0
2007,전남,전남,취사용,10641.0,903.0
2007,전남,해양,개별난방용,16354.0,7683.0
2007,전남,해양,냉난방용,17.0,690.0
2007,전남,해양,산업용,16.0,20169.0
2007,전남,해양,수송용,0.0,0.0
2007,전남,해양,업무난방용,80.0,2052.0
2007,전남,해양,연료전지용,,
2007,전남,해양,열병합용,0.0,0.0
2007,전남,해양,일반용1,448.0,535.0
2007,전남,해양,일반용2,5.0,266.0
2007,전남,해양,집단에너지용,0.0,0.0
2007,전남,해양,취사용,0.0,2293.0
2007,전북,군산,개별난방용,43656.0,28670.0
2007,전북,군산,냉난방용,59.0,1021.0
2007,전북,군산,산업용,35.0,125986.0
2007,전북,군산,수송용,1.0,3001.0
2007,전북,군산,업무난방용,240.0,2823.0
2007,전북,군산,연료전지용,,
2007,전북,군산,열병합용,1.0,1060.0
2007,전북,군산,일반용1,334.0,3708.0
2007,전북,군산,일반용2,0.0,0.0
2007,전북,군산,집단에너지용,1.0,602.0
2007,전북,군산,취사용,5168.0,3245.0
2007,전북,전북,개별난방용,181141.0,119321.0
2007,전북,전북,냉난방용,175.0,4377.0
2007,전북,전북,산업용,216.0,84072.0
2007,전북,전북,수송용,3.0,12746.0
2007,전북,전북,업무난방용,1692.0,11884.0
2007,전북,전북,연료전지용,,
2007,전북,전북,열병합용,1.0,188.0
2007,전북,전북,일반용1,3585.0,22086.0
2007,전북,전북,일반용2,0.0,0.0
2007,전북,전북,집단에너지용,3.0,427.0
2007,전북,전북,취사용,13034.0,17840.0
2007,전북,전북ES,개별난방용,61789.0,39629.0
2007,전북,전북ES,냉난방용,43.0,1431.0
2007,전북,전북ES,산업용,63.0,35068.0
2007,전북,전북ES,수송용,6.0,2692.0
2007,전북,전북ES,업무난방용,370.0,4683.0
2007,전북,전북ES,연료전지용,,
2007,전북,전북ES,열병합용,2.0,1089.0
2007,전북,전북ES,일반용1,661.0,2795.0
2007,전북,전북ES,일반용2,79.0,3203.0
2007,전북,전북ES,집단에너지용,1.0,695.0
2007,전북,전북ES,취사용,5342.0,6144.0
2007,제주,제주e,개별난방용,5217.0,2533.0
2007,제주,제주e,냉난방용,6.0,416.0
2007,제주,제주e,산업용,0.0,0.0
2007,제주,제주e,수송용,0.0,0.0
2007,제주,제주e,업무난방용,7.0,904.0
2007,제주,제주e,연료전지용,,
2007,제주,제주e,열병합용,0.0,0.0
2007,제주,제주e,일반용1,26.0,128.0
2007,제주,제주e,일반용2,0.0,0.0
2007,제주,제주e,집단에너지용,0.0,0.0
2007,제주,제주e,취사용,0.0,281.0
2007,충남,서해,개별난방용,38755.0,22920.0
2007,충남,서해,냉난방용,7.0,242.0
2007,충남,서해,산업용,32.0,300939.0
2007,충남,서해,수송용,0.0,0.0
2007,충남,서해,업무난방용,272.0,1152.0
2007,충남,서해,연료전지용,,
2007,충남,서해,열병합용,2.0,890.0
2007,충남,서해,일반용1,308.0,4451.0
2007,충남,서해,일반용2,0.0,0.0
2007,충남,서해,집단에너지용,1.0,429.0
2007,충남,서해,취사용,1258.0,3968.0
2007,충남,중부,개별난방용,191747.0,131857.0
2007,충남,중부,냉난방용,234.0,5179.0
2007,충남,중부,산업용,221.0,309457.0
2007,충남,중부,수송용,2.0,9775.0
2007,충남,중부,업무난방용,2104.0,16068.0
2007,충남,중부,연료전지용,,
2007,충남,중부,열병합용,5.0,3522.0
2007,충남,중부,일반용1,1979.0,6277.0
2007,충남,중부,일반용2,821.0,21408.0
2007,충남,중부,집단에너지용,4.0,2746.0
2007,충남,중부,취사용,12478.0,26800.0
2007,충남,충남,개별난방용,8784.0,6511.0
2007,충남,충남,냉난방용,8.0,88.0
2007,충남,충남,산업용,0.0,0.0
2007,충남,충남,수송용,0.0,0.0
2007,충남,충남,업무난방용,90.0,488.0
2007,충남,충남,연료전지용,,
2007,충남,충남,열병합용,3.0,972.0
2007,충남,충남,일반용1,155.0,722.0
2007,충남,충남,일반용2,6.0,493.0
2007,충남,충남,집단에너지용,4.0,1838.0
2007,충남,충남,취사용,2109.0,1245.0
2007,충북,참빛충북,개별난방용,23182.0,19844.0
2007,충북,참빛충북,냉난방용,10.0,436.0
2007,충북,참빛충북,산업용,23.0,20179.0
2007,충북,참빛충북,수송용,0.0,0.0
2007,충북,참빛충북,업무난방용,105.0,1076.0
2007,충북,참빛충북,연료전지용,,
2007,충북,참빛충북,열병합용,0.0,0.0
2007,충북,참빛충북,일반용1,279.0,1734.0
2007,충북,참빛충북,일반용2,0.0,0.0
2007,충북,참빛충북,집단에너지용,0.0,0.0
2007,충북,참빛충북,취사용,4601.0,305.0
2007,충북,충청ES,개별난방용,148478.0,118151.0
2007,충북,충청ES,냉난방용,149.0,3542.0
2007,충북,충청ES,산업용,202.0,163207.0
2007,충북,충청ES,수송용,2.0,10689.0
2007,충북,충청ES,업무난방용,4591.0,12648.0
2007,충북,충청ES,연료전지용,,
2007,충북,충청ES,열병합용,2.0,379.0
2007,충북,충청ES,일반용1,7713.0,24034.0
2007,충북,충청ES,일반용2,0.0,0.0
2007,충북,충청ES,집단에너지용,2.0,510.0
2007,충북,충청ES,취사용,69610.0,3846.0
2008,강원,강원,개별난방용,62420.0,61066.0
2008,강원,강원,냉난방용,132.0,1475.0
2008,강원,강원,산업용,42.0,3646.0
2008,강원,강원,수송용,1.0,2176.0
2008,강원,강원,업무난방용,839.0,10187.0
2008,강원,강원,연료전지용,,
2008,강원,강원,열병합용,3.0,1268.0
2008,강원,강원,일반용1,1830.0,5520.0
2008,강원,강원,일반용2,20.0,1968.0
2008,강원,강원,집단에너지용,7.0,1362.0
2008,강원,강원,취사용,13267.0,1033.0
2008,강원,참빛,개별난방용,15238.0,10018.0
2008,강원,참빛,냉난방용,19.0,57.0
2008,강원,참빛,산업용,0.0,0.0
2008,강원,참빛,수송용,0.0,0.0
2008,강원,참빛,업무난방용,49.0,780.0
2008,강원,참빛,연료전지용,,
2008,강원,참빛,열병합용,0.0,0.0
2008,강원,참빛,일반용1,77.0,1530.0
2008,강원,참빛,일반용2,0.0,0.0
2008,강원,참빛,집단에너지용,0.0,0.0
2008,강원,참빛,취사용,591.0,247.0
2008,강원,참빛영동,개별난방용,19403.0,13804.0
2008,강원,참빛영동,냉난방용,19.0,64.0
2008,강원,참빛영동,산업용,0.0,0.0
2008,강원,참빛영동,수송용,0.0,0.0
2008,강원,참빛영동,업무난방용,25.0,1200.0
2008,강원,참빛영동,연료전지용,,
2008,강원,참빛영동,열병합용,0.0,0.0
2008,강원,참빛영동,일반용1,226.0,1930.0
2008,강원,참빛영동,일반용2,0.0,130.0
2008,강원,참빛영동,집단에너지용,0.0,0.0
2008,강원,참빛영동,취사용,1113.0,221.0
2008,강원,참빛원주,개별난방용,70351.0,58089.0
2008,강원,참빛원주,냉난방용,77.0,1069.0
2008,강원,참빛원주,산업용,54.0,19740.0
2008,강원,참빛원주,수송용,2.0,4431.0
2008,강원,참빛원주,업무난방용,827.0,7002.0
2008,강원,참빛원주,연료전지용,,
2008,강원,참빛원주,열병합용,3.0,1218.0
2008,강원,참빛원주,일반용1,1122.0,4182.0
2008,강원,참빛원주,일반용2,20.0,1892.0
2008,강원,참빛원주,집단에너지용,4.0,938.0
2008,강원,참빛원주,취사용,5499.0,392.0
2008,경기,대한,개별난방용,348015.0,284962.0
2008,경기,대한,냉난방용,457.0,10881.0
2008,경기,대한,산업용,363.0,90743.0
2008,경기,대한,수송용,4.0,39895.0
2008,경기,대한,업무난방용,6876.0,38680.0
2008,경기,대한,연료전지용,,
2008,경기,대한,열병합용,4.0,1451.0
2008,경기,대한,일반용1,30574.0,51877.0
2008,경기,대한,일반용2,300.0,20397.0
2008,경기,대한,집단에너지용,1.0,425.0
2008,경기,대한,취사용,124639.0,55286.0
2008,경기,삼천리,개별난방용,1417988.0,1040476.0
2008,경기,삼천리,냉난방용,1134.0,31432.0
2008,경기,삼천리,산업용,1749.0,863101.0
2008,경기,삼천리,수송용,14.0,78028.0
2008,경기,삼천리,업무난방용,19055.0,153505.0
2008,경기,삼천리,연료전지용,,
2008,경기,삼천리,열병합용,16.0,6518.0
2008,경기,삼천리,일반용1,32028.0,135430.0
2008,경기,삼천리,일반용2,835.0,73807.0
2008,경기,삼천리,집단에너지용,27.0,56427.0
2008,경기,삼천리,취사용,585924.0,208307.0
2008,경기,서울,개별난방용,194854.0,164085.0
2008,경기,서울,냉난방용,375.0,9319.0
2008,경기,서울,산업용,198.0,33798.0
2008,경기,서울,수송용,9.0,29378.0
2008,경기,서울,업무난방용,25235.0,21569.0
2008,경기,서울,연료전지용,,
2008,경기,서울,열병합용,0.0,0.0
2008,경기,서울,일반용1,14120.0,37656.0
2008,경기,서울,일반용2,252.0,17732.0
2008,경기,서울,집단에너지용,1.0,1671.0
2008,경기,서울,취사용,178964.0,38217.0
2008,경기,예스코,개별난방용,185895.0,170728.0
2008,경기,예스코,냉난방용,102.0,2502.0
2008,경기,예스코,산업용,335.0,5922.0
2008,경기,예스코,수송용,4.0,22213.0
2008,경기,예스코,업무난방용,2654.0,9459.0
2008,경기,예스코,연료전지용,,
2008,경기,예스코,열병합용,2.0,1113.0
2008,경기,예스코,일반용1,5184.0,16633.0
2008,경기,예스코,일반용2,89.0,8172.0
2008,경기,예스코,집단에너지용,2.0,1395.0
2008,경기,예스코,취사용,11859.0,25306.0
2008,경기,인천,개별난방용,800.0,330.0
2008,경기,인천,냉난방용,4.0,124.0
2008,경기,인천,산업용,7.0,1442.0
2008,경기,인천,수송용,1.0,5027.0
2008,경기,인천,업무난방용,36.0,254.0
2008,경기,인천,연료전지용,,
2008,경기,인천,열병합용,0.0,0.0
2008,경기,인천,일반용1,55.0,132.0
2008,경기,인천,일반용2,2.0,553.0
2008,경기,인천,집단에너지용,0.0,0.0
2008,경기,인천,취사용,0.0,74.0
2008,경기,한진,개별난방용,199418.0,172707.0
2008,경기,한진,냉난방용,127.0,2484.0
2008,경기,한진,산업용,375.0,66073.0
2008,경기,한진,수송용,3.0,14709.0
2008,경기,한진,업무난방용,4804.0,17460.0
2008,경기,한진,연료전지용,,
2008,경기,한진,열병합용,5.0,2295.0
2008,경기,한진,일반용1,4047.0,15768.0
2008,경기,한진,일반용2,126.0,8702.0
2008,경기,한진,집단에너지용,5.0,2937.0
2008,경기,한진,취사용,24758.0,28792.0
2008,경남,경남,개별난방용,364928.0,189462.0
2008,경남,경남,냉난방용,144.0,10465.0
2008,경남,경남,산업용,650.0,316261.0
2008,경남,경남,수송용,4.0,23013.0
2008,경남,경남,업무난방용,1277.0,22495.0
2008,경남,경남,연료전지용,,
2008,경남,경남,열병합용,7.0,2023.0
2008,경남,경남,일반용1,34973.0,36441.0
2008,경남,경남,일반용2,344.0,26005.0
2008,경남,경남,집단에너지용,4.0,17398.0
2008,경남,경남,취사용,42664.0,52971.0
2008,경남,경동,개별난방용,45243.0,25683.0
2008,경남,경동,냉난방용,31.0,419.0
2008,경남,경동,산업용,196.0,90453.0
2008,경남,경동,수송용,1.0,2598.0
2008,경남,경동,업무난방용,203.0,978.0
2008,경남,경동,연료전지용,,
2008,경남,경동,열병합용,0.0,0.0
2008,경남,경동,일반용1,1283.0,3665.0
2008,경남,경동,일반용2,41.0,2889.0
2008,경남,경동,집단에너지용,1.0,9368.0
2008,경남,경동,취사용,16747.0,7128.0
2008,경남,지에스이,개별난방용,46987.0,31457.0
2008,경남,지에스이,냉난방용,71.0,1926.0
2008,경남,지에스이,산업용,106.0,37428.0
2008,경남,지에스이,수송용,2.0,8278.0
2008,경남,지에스이,업무난방용,124.0,4493.0
2008,경남,지에스이,연료전지용,,
2008,경남,지에스이,열병합용,4.0,1865.0
2008,경남,지에스이,일반용1,1326.0,3378.0
2008,경남,지에스이,일반용2,45.0,3785.0
2008,경남,지에스이,집단에너지용,5.0,1783.0
2008,경남,지에스이,취사용,10023.0,771.0
2008,경북,경북,개별난방용,26993.0,19776.0
2008,경북,경북,냉난방용,28.0,1027.0
2008,경북,경북,산업용,27.0,27552.0
2008,경북,경북,수송용,0.0,0.0
2008,경북,경북,업무난방용,66.0,1742.0
2008,경북,경북,연료전지용,,
2008,경북,경북,열병합용,0.0,0.0
2008,경북,경북,일반용1,1076.0,3098.0
2008,경북,경북,일반용2,0.0,0.0
2008,경북,경북,집단에너지용,0.0,0.0
2008,경북,경북,취사용,6922.0,1455.0
2008,경북,대구,개별난방용,73236.0,39998.0
2008,경북,대구,냉난방용,126.0,1713.0
2008,경북,대구,산업용,85.0,29753.0
2008,경북,대구,수송용,3.0,12155.0
2008,경북,대구,업무난방용,195.0,5259.0
2008,경북,대구,연료전지용,,
2008,경북,대구,열병합용,1.0,489.0
2008,경북,대구,일반용1,943.0,2558.0
2008,경북,대구,일반용2,74.0,3481.0
2008,경북,대구,집단에너지용,1.0,509.0
2008,경북,대구,취사용,3355.0,8935.0
2008,경북,서라벌,개별난방용,53173.0,29876.0
2008,경북,서라벌,냉난방용,24.0,973.0
2008,경북,서라벌,산업용,77.0,32797.0
2008,경북,서라벌,수송용,1.0,3401.0
2008,경북,서라벌,업무난방용,252.0,3686.0
2008,경북,서라벌,연료전지용,,
2008,경북,서라벌,열병합용,0.0,0.0
2008,경북,서라벌,일반용1,1143.0,12714.0
2008,경북,서라벌,일반용2,0.0,0.0
2008,경북,서라벌,집단에너지용,0.0,0.0
2008,경북,서라벌,취사용,4107.0,7637.0
2008,경북,영남ES,개별난방용,151928.0,99676.0
2008,경북,영남ES,냉난방용,108.0,2274.0
2008,경북,영남ES,산업용,273.0,245468.0
2008,경북,영남ES,수송용,1.0,1446.0
2008,경북,영남ES,업무난방용,941.0,9605.0
2008,경북,영남ES,연료전지용,,
2008,경북,영남ES,열병합용,3.0,1239.0
2008,경북,영남ES,일반용1,4659.0,11211.0
2008,경북,영남ES,일반용2,247.0,6351.0
2008,경북,영남ES,집단에너지용,2.0,681.0
2008,경북,영남ES,취사용,6646.0,18396.0
2008,경북,포항,개별난방용,113625.0,71435.0
2008,경북,포항,냉난방용,108.0,2616.0
2008,경북,포항,산업용,201.0,174932.0
2008,경북,포항,수송용,0.0,0.0
2008,경북,포항,업무난방용,855.0,6750.0
2008,경북,포항,연료전지용,,
2008,경북,포항,열병합용,4.0,3121.0
2008,경북,포항,일반용1,2548.0,9284.0
2008,경북,포항,일반용2,100.0,5776.0
2008,경북,포항,집단에너지용,2.0,2553.0
2008,경북,포항,취사용,13691.0,14951.0
2008,광주,해양,개별난방용,373902.0,231152.0
2008,광주,해양,냉난방용,539.0,21073.0
2008,광주,해양,산업용,611.0,82848.0
2008,광주,해양,수송용,6.0,30364.0
2008,광주,해양,업무난방용,5720.0,37100.0
2008,광주,해양,연료전지용,,
2008,광주,해양,열병합용,4.0,409.0
2008,광주,해양,일반용1,9749.0,33550.0
2008,광주,해양,일반용2,215.0,20271.0
2008,광주,해양,집단에너지용,6.0,1893.0
2008,광주,해양,취사용,39635.0,47050.0
2008,대구,대구,개별난방용,485649.0,328344.0
2008,대구,대구,냉난방용,699.0,19151.0
2008,대구,대구,산업용,1156.0,219166.0
2008,대구,대구,수송용,6.0,42500.0
2008,대구,대구,업무난방용,1941.0,39019.0
2008,대구,대구,연료전지용,,
2008,대구,대구,열병합용,17.0,5967.0
2008,대구,대구,일반용1,13745.0,31582.0
2008,대구,대구,일반용2,1053.0,48060.0
2008,대구,대구,집단에너지용,23.0,6568.0
2008,대구,대구,취사용,141744.0,69773.0
2008,대전,충남,개별난방용,328908.0,264201.0
2008,대전,충남,냉난방용,869.0,19676.0
2008,대전,충남,산업용,556.0,56270.0
2008,대전,충남,수송용,3.0,14943.0
2008,대전,충남,업무난방용,5790.0,68192.0
2008,대전,충남,연료전지용,,
2008,대전,충남,열병합용,19.0,8858.0
2008,대전,충남,일반용1,10401.0,54192.0
2008,대전,충남,일반용2,207.0,14422.0
2008,대전,충남,집단에너지용,28.0,13361.0
2008,대전,충남,취사용,114268.0,48771.0
2008,부산,부산,개별난방용,746045.0,389148.0
2008,부산,부산,냉난방용,872.0,32163.0
2008,부산,부산,산업용,810.0,392597.0
2008,부산,부산,수송용,7.0,26366.0
2008,부산,부산,업무난방용,830.0,48629.0
2008,부산,부산,연료전지용,,
2008,부산,부산,열병합용,10.0,5668.0
2008,부산,부산,일반용1,21701.0,66104.0
2008,부산,부산,일반용2,764.0,53209.0
2008,부산,부산,집단에너지용,2.0,28234.0
2008,부산,부산,취사용,114238.0,95139.0
2008,서울,강남,개별난방용,269074.0,207346.0
2008,서울,강남,냉난방용,331.0,6234.0
2008,서울,강남,산업용,168.0,12637.0
2008,서울,강남,수송용,4.0,27299.0
2008,서울,강남,업무난방용,15710.0,32634.0
2008,서울,강남,연료전지용,,
2008,서울,강남,열병합용,7.0,3660.0
2008,서울,강남,일반용1,8276.0,27179.0
2008,서울,강남,일반용2,111.0,10596.0
2008,서울,강남,집단에너지용,7.0,3739.0
2008,서울,강남,취사용,35708.0,36945.0
2008,서울,대한,개별난방용,452309.0,364132.0
2008,서울,대한,냉난방용,2320.0,56562.0
2008,서울,대한,산업용,41.0,4449.0
2008,서울,대한,수송용,5.0,45000.0
2008,서울,대한,업무난방용,38834.0,166177.0
2008,서울,대한,연료전지용,,
2008,서울,대한,열병합용,28.0,16760.0
2008,서울,대한,일반용1,32394.0,142722.0
2008,서울,대한,일반용2,335.0,32421.0
2008,서울,대한,집단에너지용,18.0,132322.0
2008,서울,대한,취사용,195882.0,73301.0
2008,서울,서울,개별난방용,1094958.0,899779.0
2008,서울,서울,냉난방용,1725.0,38092.0
2008,서울,서울,산업용,174.0,7924.0
2008,서울,서울,수송용,4.0,45837.0
2008,서울,서울,업무난방용,102962.0,188103.0
2008,서울,서울,연료전지용,,
2008,서울,서울,열병합용,9.0,4195.0
2008,서울,서울,일반용1,43429.0,169540.0
2008,서울,서울,일반용2,582.0,46792.0
2008,서울,서울,집단에너지용,8.0,116189.0
2008,서울,서울,취사용,208685.0,149001.0
2008,서울,예스코,개별난방용,745037.0,599599.0
2008,서울,예스코,냉난방용,1661.0,48405.0
2008,서울,예스코,산업용,1204.0,18002.0
2008,서울,예스코,수송용,5.0,33768.0
2008,서울,예스코,업무난방용,33235.0,152127.0
2008,서울,예스코,연료전지용,,
2008,서울,예스코,열병합용,20.0,8653.0
2008,서울,예스코,일반용1,37131.0,151068.0
2008,서울,예스코,일반용2,551.0,39311.0
2008,서울,예스코,집단에너지용,18.0,7191.0
2008,서울,예스코,취사용,56871.0,99640.0
2008,서울,한진,개별난방용,355774.0,314421.0
2008,서울,한진,냉난방용,437.0,7251.0
2008,서울,한진,산업용,213.0,3576.0
2008,서울,한진,수송용,7.0,47817.0
2008,서울,한진,업무난방용,11474.0,45486.0
2008,서울,한진,연료전지용,,
2008,서울,한진,열병합용,6.0,3473.0
2008,서울,한진,일반용1,8882.0,36873.0
2008,서울,한진,일반용2,216.0,19488.0
2008,서울,한진,집단에너지용,8.0,88766.0
2008,서울,한진,취사용,150937.0,61381.0
2008,울산,경동,개별난방용,288341.0,194687.0
2008,울산,경동,냉난방용,194.0,5890.0
2008,울산,경동,산업용,256.0,996481.0
2008,울산,경동,수송용,3.0,24994.0
2008,울산,경동,업무난방용,2056.0,14718.0
2008,울산,경동,연료전지용,,
2008,울산,경동,열병합용,1.0,692.0
2008,울산,경동,일반용1,8393.0,29772.0
2008,울산,경동,일반용2,231.0,18845.0
2008,울산,경동,집단에너지용,2.0,808.0
2008,울산,경동,취사용,6550.0,39648.0
2008,인천,삼천리,개별난방용,254730.0,191598.0
2008,인천,삼천리,냉난방용,224.0,5422.0
2008,인천,삼천리,산업용,569.0,347129.0
2008,인천,삼천리,수송용,4.0,38902.0
2008,인천,삼천리,업무난방용,2991.0,24108.0
2008,인천,삼천리,연료전지용,,
2008,인천,삼천리,열병합용,9.0,4521.0
2008,인천,삼천리,일반용1,4824.0,22470.0
2008,인천,삼천리,일반용2,139.0,13285.0
2008,인천,삼천리,집단에너지용,11.0,25456.0
2008,인천,삼천리,취사용,48073.0,33575.0
2008,인천,인천,개별난방용,483590.0,345760.0
2008,인천,인천,냉난방용,403.0,8400.0
2008,인천,인천,산업용,213.0,170925.0
2008,인천,인천,수송용,7.0,54285.0
2008,인천,인천,업무난방용,25011.0,39171.0
2008,인천,인천,연료전지용,,
2008,인천,인천,열병합용,2.0,1098.0
2008,인천,인천,일반용1,10840.0,42003.0
2008,인천,인천,일반용2,310.0,19631.0
2008,인천,인천,집단에너지용,2.0,1711.0
2008,인천,인천,취사용,86876.0,67580.0
2008,전남,대화,개별난방용,39759.0,26802.0
2008,전남,대화,냉난방용,51.0,1284.0
2008,전남,대화,산업용,42.0,90999.0
2008,전남,대화,수송용,1.0,4404.0
2008,전남,대화,업무난방용,192.0,2524.0
2008,전남,대화,연료전지용,,
2008,전남,대화,열병합용,0.0,0.0
2008,전남,대화,일반용1,375.0,1414.0
2008,전남,대화,일반용2,28.0,3090.0
2008,전남,대화,집단에너지용,0.0,0.0
2008,전남,대화,취사용,8234.0,6576.0
2008,전남,목포,개별난방용,53591.0,29268.0
2008,전남,목포,냉난방용,84.0,1775.0
2008,전남,목포,산업용,33.0,20211.0
2008,전남,목포,수송용,1.0,3521.0
2008,전남,목포,업무난방용,205.0,3618.0
2008,전남,목포,연료전지용,,
2008,전남,목포,열병합용,1.0,507.0
2008,전남,목포,일반용1,982.0,4739.0
2008,전남,목포,일반용2,20.0,1685.0
2008,전남,목포,집단에너지용,1.0,304.0
2008,전남,목포,취사용,6823.0,7026.0
2008,전남,전남,개별난방용,80581.0,54739.0
2008,전남,전남,냉난방용,805.0,2424.0
2008,전남,전남,산업용,23.0,64681.0
2008,전남,전남,수송용,1.0,4819.0
2008,전남,전남,업무난방용,0.0,5384.0
2008,전남,전남,연료전지용,,
2008,전남,전남,열병합용,0.0,0.0
2008,전남,전남,일반용1,1408.0,4679.0
2008,전남,전남,일반용2,24.0,2632.0
2008,전남,전남,집단에너지용,0.0,0.0
2008,전남,전남,취사용,9784.0,825.0
2008,전남,해양,개별난방용,17494.0,8387.0
2008,전남,해양,냉난방용,20.0,618.0
2008,전남,해양,산업용,31.0,26209.0
2008,전남,해양,수송용,0.0,0.0
2008,전남,해양,업무난방용,122.0,2225.0
2008,전남,해양,연료전지용,,
2008,전남,해양,열병합용,1.0,0.0
2008,전남,해양,일반용1,191.0,625.0
2008,전남,해양,일반용2,5.0,243.0
2008,전남,해양,집단에너지용,0.0,0.0
2008,전남,해양,취사용,300.0,2052.0
2008,전북,군산,개별난방용,51188.0,32047.0
2008,전북,군산,냉난방용,67.0,948.0
2008,전북,군산,산업용,51.0,122880.0
2008,전북,군산,수송용,1.0,3514.0
2008,전북,군산,업무난방용,287.0,3208.0
2008,전북,군산,연료전지용,,
2008,전북,군산,열병합용,2.0,1697.0
2008,전북,군산,일반용1,418.0,3887.0
2008,전북,군산,일반용2,0.0,0.0
2008,전북,군산,집단에너지용,1.0,614.0
2008,전북,군산,취사용,4885.0,3512.0
2008,전북,전북,개별난방용,195301.0,128735.0
2008,전북,전북,냉난방용,185.0,4503.0
2008,전북,전북,산업용,248.0,94250.0
2008,전북,전북,수송용,3.0,14156.0
2008,전북,전북,업무난방용,1961.0,13000.0
2008,전북,전북,연료전지용,,
2008,전북,전북,열병합용,1.0,790.0
2008,전북,전북,일반용1,4541.0,23388.0
2008,전북,전북,일반용2,0.0,0.0
2008,전북,전북,집단에너지용,3.0,423.0
2008,전북,전북,취사용,13281.0,19431.0
2008,전북,전북ES,개별난방용,64999.0,40609.0
2008,전북,전북ES,냉난방용,47.0,1278.0
2008,전북,전북ES,산업용,69.0,35013.0
2008,전북,전북ES,수송용,7.0,3454.0
2008,전북,전북ES,업무난방용,450.0,5162.0
2008,전북,전북ES,연료전지용,,
2008,전북,전북ES,열병합용,2.0,1177.0
2008,전북,전북ES,일반용1,814.0,3048.0
2008,전북,전북ES,일반용2,84.0,3272.0
2008,전북,전북ES,집단에너지용,1.0,656.0
2008,전북,전북ES,취사용,5330.0,6414.0
2008,제주,제주e,개별난방용,5671.0,2300.0
2008,제주,제주e,냉난방용,7.0,407.0
2008,제주,제주e,산업용,0.0,0.0
2008,제주,제주e,수송용,0.0,0.0
2008,제주,제주e,업무난방용,7.0,1284.0
2008,제주,제주e,연료전지용,,
2008,제주,제주e,열병합용,0.0,0.0
2008,제주,제주e,일반용1,36.0,198.0
2008,제주,제주e,일반용2,0.0,0.0
2008,제주,제주e,집단에너지용,0.0,0.0
2008,제주,제주e,취사용,0.0,300.0
2008,충남,서해,개별난방용,45337.0,28600.0
2008,충남,서해,냉난방용,16.0,200.0
2008,충남,서해,산업용,38.0,286738.0
2008,충남,서해,수송용,0.0,0.0
2008,충남,서해,업무난방용,327.0,1334.0
2008,충남,서해,연료전지용,,
2008,충남,서해,열병합용,3.0,683.0
2008,충남,서해,일반용1,426.0,4745.0
2008,충남,서해,일반용2,0.0,0.0
2008,충남,서해,집단에너지용,1.0,499.0
2008,충남,서해,취사용,1257.0,4952.0
2008,충남,중부,개별난방용,218153.0,142848.0
2008,충남,중부,냉난방용,270.0,5032.0
2008,충남,중부,산업용,256.0,310970.0
2008,충남,중부,수송용,2.0,11151.0
2008,충남,중부,업무난방용,2406.0,18723.0
2008,충남,중부,연료전지용,,
2008,충남,중부,열병합용,6.0,4277.0
2008,충남,중부,일반용1,2317.0,7294.0
2008,충남,중부,일반용2,975.0,21036.0
2008,충남,중부,집단에너지용,6.0,3224.0
2008,충남,중부,취사용,13769.0,30531.0
2008,충남,충남,개별난방용,10474.0,7400.0
2008,충남,충남,냉난방용,0.0,195.0
2008,충남,충남,산업용,0.0,0.0
2008,충남,충남,수송용,0.0,0.0
2008,충남,충남,업무난방용,117.0,687.0
2008,충남,충남,연료전지용,,
2008,충남,충남,열병합용,3.0,946.0
2008,충남,충남,일반용1,205.0,805.0
2008,충남,충남,일반용2,6.0,447.0
2008,충남,충남,집단에너지용,4.0,1820.0
2008,충남,충남,취사용,1961.0,1448.0
2008,충북,참빛충북,개별난방용,26731.0,22616.0
2008,충북,참빛충북,냉난방용,14.0,263.0
2008,충북,참빛충북,산업용,62.0,21698.0
2008,충북,참빛충북,수송용,0.0,0.0
2008,충북,참빛충북,업무난방용,126.0,1615.0
2008,충북,참빛충북,연료전지용,,
2008,충북,참빛충북,열병합용,0.0,0.0
2008,충북,참빛충북,일반용1,321.0,2166.0
2008,충북,참빛충북,일반용2,0.0,0.0
2008,충북,참빛충북,집단에너지용,0.0,0.0
2008,충북,참빛충북,취사용,4510.0,288.0
2008,충북,충청ES,개별난방용,164667.0,125485.0
2008,충북,충청ES,냉난방용,157.0,3194.0
2008,충북,충청ES,산업용,242.0,198969.0
2008,충북,충청ES,수송용,3.0,12460.0
2008,충북,충청ES,업무난방용,5339.0,12898.0
2008,충북,충청ES,연료전지용,,
2008,충북,충청ES,열병합용,3.0,840.0
2008,충북,충청ES,일반용1,8334.0,24081.0
2008,충북,충청ES,일반용2,0.0,0.0
2008,충북,충청ES,집단에너지용,3.0,1060.0
2008,충북,충청ES,취사용,72049.0,4229.0
2009,강원,강원,개별난방용,87452.0,63916.0
2009,강원,강원,냉난방용,135.0,1442.0
2009,강원,강원,산업용,55.0,14102.0
2009,강원,강원,수송용,2.0,3104.0
2009,강원,강원,업무난방용,993.0,9638.0
2009,강원,강원,연료전지용,,
2009,강원,강원,열병합용,3.0,1281.0
2009,강원,강원,일반용1,2039.0,6392.0
2009,강원,강원,일반용2,20.0,1719.0
2009,강원,강원,집단에너지용,7.0,1314.0
2009,강원,강원,취사용,15.0,1003.0
2009,강원,참빛,개별난방용,16564.0,9796.0
2009,강원,참빛,냉난방용,12.0,34.0
2009,강원,참빛,산업용,0.0,0.0
2009,강원,참빛,수송용,0.0,0.0
2009,강원,참빛,업무난방용,45.0,685.0
2009,강원,참빛,연료전지용,,
2009,강원,참빛,열병합용,0.0,0.0
2009,강원,참빛,일반용1,77.0,1365.0
2009,강원,참빛,일반용2,0.0,0.0
2009,강원,참빛,집단에너지용,0.0,0.0
2009,강원,참빛,취사용,668.0,229.0
2009,강원,참빛영동,개별난방용,20893.0,13125.0
2009,강원,참빛영동,냉난방용,21.0,59.0
2009,강원,참빛영동,산업용,14.0,531.0
2009,강원,참빛영동,수송용,0.0,0.0
2009,강원,참빛영동,업무난방용,49.0,1395.0
2009,강원,참빛영동,연료전지용,,
2009,강원,참빛영동,열병합용,0.0,0.0
2009,강원,참빛영동,일반용1,252.0,1987.0
2009,강원,참빛영동,일반용2,0.0,0.0
2009,강원,참빛영동,집단에너지용,0.0,0.0
2009,강원,참빛영동,취사용,1081.0,249.0
2009,강원,참빛원주,개별난방용,75814.0,59989.0
2009,강원,참빛원주,냉난방용,77.0,1080.0
2009,강원,참빛원주,산업용,73.0,18815.0
2009,강원,참빛원주,수송용,2.0,5418.0
2009,강원,참빛원주,업무난방용,934.0,7235.0
2009,강원,참빛원주,연료전지용,,
2009,강원,참빛원주,열병합용,3.0,1177.0
2009,강원,참빛원주,일반용1,1250.0,4328.0
2009,강원,참빛원주,일반용2,21.0,1803.0
2009,강원,참빛원주,집단에너지용,4.0,900.0
2009,강원,참빛원주,취사용,5525.0,392.0
2009,경기,대륜,개별난방용,211917.0,172692.0
2009,경기,대륜,냉난방용,133.0,2511.0
2009,경기,대륜,산업용,401.0,76647.0
2009,경기,대륜,수송용,4.0,20348.0
2009,경기,대륜,업무난방용,5048.0,18275.0
2009,경기,대륜,연료전지용,,
2009,경기,대륜,열병합용,11.0,6470.0
2009,경기,대륜,일반용1,4445.0,16263.0
2009,경기,대륜,일반용2,133.0,8354.0
2009,경기,대륜,집단에너지용,8.0,4089.0
2009,경기,대륜,취사용,23964.0,30685.0
2009,경기,대한,개별난방용,359098.0,283582.0
2009,경기,대한,냉난방용,483.0,10745.0
2009,경기,대한,산업용,408.0,102594.0
2009,경기,대한,수송용,4.0,46319.0
2009,경기,대한,업무난방용,7161.0,39365.0
2009,경기,대한,연료전지용,,
2009,경기,대한,열병합용,4.0,6.0
2009,경기,대한,일반용1,31194.0,55435.0
2009,경기,대한,일반용2,307.0,20116.0
2009,경기,대한,집단에너지용,1.0,1561.0
2009,경기,대한,취사용,137498.0,56240.0
2009,경기,삼천리,개별난방용,1433363.0,1050411.0
2009,경기,삼천리,냉난방용,1227.0,32730.0
2009,경기,삼천리,산업용,1800.0,861803.0
2009,경기,삼천리,수송용,15.0,105711.0
2009,경기,삼천리,업무난방용,38822.0,164641.0
2009,경기,삼천리,연료전지용,,
2009,경기,삼천리,열병합용,18.0,6445.0
2009,경기,삼천리,일반용1,35198.0,144241.0
2009,경기,삼천리,일반용2,832.0,66690.0
2009,경기,삼천리,집단에너지용,28.0,22092.0
2009,경기,삼천리,취사용,622490.0,209552.0
2009,경기,서울,개별난방용,202337.0,164263.0
2009,경기,서울,냉난방용,388.0,8698.0
2009,경기,서울,산업용,214.0,37034.0
2009,경기,서울,수송용,9.0,45143.0
2009,경기,서울,업무난방용,27859.0,20980.0
2009,경기,서울,연료전지용,,
2009,경기,서울,열병합용,0.0,0.0
2009,경기,서울,일반용1,12910.0,39696.0
2009,경기,서울,일반용2,267.0,16453.0
2009,경기,서울,집단에너지용,2.0,5264.0
2009,경기,서울,취사용,185148.0,39411.0
2009,경기,예스코,개별난방용,196374.0,169567.0
2009,경기,예스코,냉난방용,108.0,2715.0
2009,경기,예스코,산업용,365.0,6670.0
2009,경기,예스코,수송용,4.0,26656.0
2009,경기,예스코,업무난방용,2752.0,9861.0
2009,경기,예스코,연료전지용,,
2009,경기,예스코,열병합용,3.0,930.0
2009,경기,예스코,일반용1,5636.0,17364.0
2009,경기,예스코,일반용2,83.0,7031.0
2009,경기,예스코,집단에너지용,3.0,1217.0
2009,경기,예스코,취사용,11804.0,26470.0
2009,경기,인천,개별난방용,1207.0,526.0
2009,경기,인천,냉난방용,4.0,91.0
2009,경기,인천,산업용,18.0,2032.0
2009,경기,인천,수송용,1.0,5151.0
2009,경기,인천,업무난방용,582.0,330.0
2009,경기,인천,연료전지용,,
2009,경기,인천,열병합용,0.0,0.0
2009,경기,인천,일반용1,84.0,173.0
2009,경기,인천,일반용2,2.0,592.0
2009,경기,인천,집단에너지용,0.0,0.0
2009,경기,인천,취사용,2.0,108.0
2009,경남,경남,개별난방용,390845.0,194239.0
2009,경남,경남,냉난방용,153.0,9747.0
2009,경남,경남,산업용,665.0,307635.0
2009,경남,경남,수송용,6.0,31036.0
2009,경남,경남,업무난방용,1258.0,23936.0
2009,경남,경남,연료전지용,,
2009,경남,경남,열병합용,10.0,1754.0
2009,경남,경남,일반용1,37250.0,37498.0
2009,경남,경남,일반용2,340.0,21904.0
2009,경남,경남,집단에너지용,5.0,16332.0
2009,경남,경남,취사용,43045.0,57614.0
2009,경남,경동,개별난방용,48711.0,26352.0
2009,경남,경동,냉난방용,31.0,797.0
2009,경남,경동,산업용,207.0,109058.0
2009,경남,경동,수송용,1.0,2679.0
2009,경남,경동,업무난방용,210.0,1108.0
2009,경남,경동,연료전지용,,
2009,경남,경동,열병합용,0.0,0.0
2009,경남,경동,일반용1,1483.0,4711.0
2009,경남,경동,일반용2,42.0,2961.0
2009,경남,경동,집단에너지용,1.0,9494.0
2009,경남,경동,취사용,17750.0,7880.0
2009,경남,지에스이,개별난방용,56432.0,34568.0
2009,경남,지에스이,냉난방용,83.0,1885.0
2009,경남,지에스이,산업용,105.0,36125.0
2009,경남,지에스이,수송용,2.0,9268.0
2009,경남,지에스이,업무난방용,158.0,4607.0
2009,경남,지에스이,연료전지용,,
2009,경남,지에스이,열병합용,4.0,1671.0
2009,경남,지에스이,일반용1,1534.0,3979.0
2009,경남,지에스이,일반용2,54.0,4083.0
2009,경남,지에스이,집단에너지용,5.0,1760.0
2009,경남,지에스이,취사용,10351.0,788.0
2009,경북,경북,개별난방용,27985.0,20743.0
2009,경북,경북,냉난방용,31.0,806.0
2009,경북,경북,산업용,31.0,26596.0
2009,경북,경북,수송용,0.0,0.0
2009,경북,경북,업무난방용,73.0,1546.0
2009,경북,경북,연료전지용,,
2009,경북,경북,열병합용,0.0,0.0
2009,경북,경북,일반용1,1147.0,2704.0
2009,경북,경북,일반용2,0.0,0.0
2009,경북,경북,집단에너지용,0.0,0.0
2009,경북,경북,취사용,8688.0,527.0
2009,경북,대구,개별난방용,76169.0,38979.0
2009,경북,대구,냉난방용,146.0,1749.0
2009,경북,대구,산업용,91.0,32573.0
2009,경북,대구,수송용,3.0,16623.0
2009,경북,대구,업무난방용,211.0,5303.0
2009,경북,대구,연료전지용,,
2009,경북,대구,열병합용,1.0,427.0
2009,경북,대구,일반용1,1003.0,2775.0
2009,경북,대구,일반용2,87.0,3189.0
2009,경북,대구,집단에너지용,1.0,473.0
2009,경북,대구,취사용,5146.0,9331.0
2009,경북,서라벌,개별난방용,58103.0,33552.0
2009,경북,서라벌,냉난방용,27.0,811.0
2009,경북,서라벌,산업용,92.0,40186.0
2009,경북,서라벌,수송용,1.0,3908.0
2009,경북,서라벌,업무난방용,281.0,3523.0
2009,경북,서라벌,연료전지용,,
2009,경북,서라벌,열병합용,0.0,0.0
2009,경북,서라벌,일반용1,1246.0,12461.0
2009,경북,서라벌,일반용2,0.0,0.0
2009,경북,서라벌,집단에너지용,0.0,0.0
2009,경북,서라벌,취사용,4107.0,6017.0
2009,경북,영남ES,개별난방용,159721.0,98725.0
2009,경북,영남ES,냉난방용,108.0,2248.0
2009,경북,영남ES,산업용,284.0,256885.0
2009,경북,영남ES,수송용,1.0,3679.0
2009,경북,영남ES,업무난방용,1047.0,9856.0
2009,경북,영남ES,연료전지용,,
2009,경북,영남ES,열병합용,3.0,1106.0
2009,경북,영남ES,일반용1,5079.0,11255.0
2009,경북,영남ES,일반용2,262.0,6146.0
2009,경북,영남ES,집단에너지용,2.0,614.0
2009,경북,영남ES,취사용,6170.0,19808.0
2009,경북,포항,개별난방용,121849.0,72903.0
2009,경북,포항,냉난방용,116.0,2385.0
2009,경북,포항,산업용,215.0,248569.0
2009,경북,포항,수송용,0.0,0.0
2009,경북,포항,업무난방용,916.0,6827.0
2009,경북,포항,연료전지용,,
2009,경북,포항,열병합용,4.0,4949.0
2009,경북,포항,일반용1,2785.0,10127.0
2009,경북,포항,일반용2,99.0,4904.0
2009,경북,포항,집단에너지용,2.0,2466.0
2009,경북,포항,취사용,13592.0,16524.0
2009,광주,해양,개별난방용,393145.0,221536.0
2009,광주,해양,냉난방용,556.0,18889.0
2009,광주,해양,산업용,647.0,82013.0
2009,광주,해양,수송용,6.0,34219.0
2009,광주,해양,업무난방용,5989.0,32082.0
2009,광주,해양,연료전지용,,
2009,광주,해양,열병합용,4.0,1233.0
2009,광주,해양,일반용1,10953.0,36205.0
2009,광주,해양,일반용2,221.0,17226.0
2009,광주,해양,집단에너지용,2.0,9375.0
2009,광주,해양,취사용,51440.0,59585.0
2009,대구,대구,개별난방용,516693.0,320233.0
2009,대구,대구,냉난방용,710.0,17911.0
2009,대구,대구,산업용,1191.0,216314.0
2009,대구,대구,수송용,7.0,51524.0
2009,대구,대구,업무난방용,2371.0,36894.0
2009,대구,대구,연료전지용,,
2009,대구,대구,열병합용,19.0,7986.0
2009,대구,대구,일반용1,14790.0,33167.0
2009,대구,대구,일반용2,1080.0,41829.0
2009,대구,대구,집단에너지용,30.0,6475.0
2009,대구,대구,취사용,145976.0,73885.0
2009,대전,충남,개별난방용,348083.0,263196.0
2009,대전,충남,냉난방용,891.0,19644.0
2009,대전,충남,산업용,567.0,74495.0
2009,대전,충남,수송용,4.0,18550.0
2009,대전,충남,업무난방용,6032.0,66430.0
2009,대전,충남,연료전지용,,
2009,대전,충남,열병합용,19.0,8339.0
2009,대전,충남,일반용1,11206.0,55782.0
2009,대전,충남,일반용2,200.0,12734.0
2009,대전,충남,집단에너지용,28.0,17360.0
2009,대전,충남,취사용,113969.0,51794.0
2009,부산,부산,개별난방용,794951.0,399495.0
2009,부산,부산,냉난방용,906.0,29820.0
2009,부산,부산,산업용,720.0,386097.0
2009,부산,부산,수송용,12.0,43266.0
2009,부산,부산,업무난방용,923.0,49370.0
2009,부산,부산,연료전지용,,
2009,부산,부산,열병합용,11.0,4609.0
2009,부산,부산,일반용1,25383.0,71848.0
2009,부산,부산,일반용2,791.0,46388.0
2009,부산,부산,집단에너지용,2.0,25696.0
2009,부산,부산,취사용,113809.0,104277.0
2009,서울,강남,개별난방용,271643.0,198068.0
2009,서울,강남,냉난방용,331.0,5934.0
2009,서울,강남,산업용,163.0,11258.0
2009,서울,강남,수송용,4.0,37059.0
2009,서울,강남,업무난방용,16653.0,35748.0
2009,서울,강남,연료전지용,,
2009,서울,강남,열병합용,7.0,3939.0
2009,서울,강남,일반용1,8757.0,29449.0
2009,서울,강남,일반용2,108.0,9676.0
2009,서울,강남,집단에너지용,7.0,3272.0
2009,서울,강남,취사용,36132.0,37666.0
2009,서울,대륜,개별난방용,363200.0,302919.0
2009,서울,대륜,냉난방용,445.0,6866.0
2009,서울,대륜,산업용,219.0,3521.0
2009,서울,대륜,수송용,8.0,51533.0
2009,서울,대륜,업무난방용,11498.0,44047.0
2009,서울,대륜,연료전지용,,
2009,서울,대륜,열병합용,8.0,5367.0
2009,서울,대륜,일반용1,9340.0,36886.0
2009,서울,대륜,일반용2,217.0,16825.0
2009,서울,대륜,집단에너지용,8.0,87390.0
2009,서울,대륜,취사용,149154.0,62388.0
2009,서울,대한,개별난방용,453647.0,364748.0
2009,서울,대한,냉난방용,2371.0,57112.0
2009,서울,대한,산업용,44.0,4110.0
2009,서울,대한,수송용,6.0,54646.0
2009,서울,대한,업무난방용,39138.0,161398.0
2009,서울,대한,연료전지용,,
2009,서울,대한,열병합용,34.0,18607.0
2009,서울,대한,일반용1,33792.0,146667.0
2009,서울,대한,일반용2,321.0,30300.0
2009,서울,대한,집단에너지용,20.0,125514.0
2009,서울,대한,취사용,212846.0,75710.0
2009,서울,서울,개별난방용,1105475.0,876960.0
2009,서울,서울,냉난방용,1788.0,39267.0
2009,서울,서울,산업용,178.0,7654.0
2009,서울,서울,수송용,5.0,56541.0
2009,서울,서울,업무난방용,106143.0,181907.0
2009,서울,서울,연료전지용,,
2009,서울,서울,열병합용,12.0,3541.0
2009,서울,서울,일반용1,45283.0,176190.0
2009,서울,서울,일반용2,561.0,41082.0
2009,서울,서울,집단에너지용,8.0,115564.0
2009,서울,서울,취사용,212689.0,149135.0
2009,서울,예스코,개별난방용,755143.0,580546.0
2009,서울,예스코,냉난방용,1592.0,49916.0
2009,서울,예스코,산업용,1286.0,17056.0
2009,서울,예스코,수송용,5.0,44045.0
2009,서울,예스코,업무난방용,34439.0,152424.0
2009,서울,예스코,연료전지용,,
2009,서울,예스코,열병합용,21.0,8423.0
2009,서울,예스코,일반용1,38193.0,151915.0
2009,서울,예스코,일반용2,477.0,35088.0
2009,서울,예스코,집단에너지용,20.0,4813.0
2009,서울,예스코,취사용,51911.0,99400.0
2009,울산,경동,개별난방용,305123.0,192296.0
2009,울산,경동,냉난방용,208.0,5520.0
2009,울산,경동,산업용,260.0,864141.0
2009,울산,경동,수송용,3.0,28082.0
2009,울산,경동,업무난방용,2269.0,14812.0
2009,울산,경동,연료전지용,,
2009,울산,경동,열병합용,1.0,69.0
2009,울산,경동,일반용1,9298.0,31687.0
2009,울산,경동,일반용2,226.0,16293.0
2009,울산,경동,집단에너지용,1.0,731.0
2009,울산,경동,취사용,6453.0,42192.0
2009,인천,삼천리,개별난방용,256994.0,190584.0
2009,인천,삼천리,냉난방용,233.0,5401.0
2009,인천,삼천리,산업용,575.0,323004.0
2009,인천,삼천리,수송용,4.0,43763.0
2009,인천,삼천리,업무난방용,6893.0,25679.0
2009,인천,삼천리,연료전지용,,
2009,인천,삼천리,열병합용,9.0,4199.0
2009,인천,삼천리,일반용1,5382.0,24176.0
2009,인천,삼천리,일반용2,138.0,11480.0
2009,인천,삼천리,집단에너지용,11.0,35146.0
2009,인천,삼천리,취사용,53571.0,34766.0
2009,인천,인천,개별난방용,496572.0,341066.0
2009,인천,인천,냉난방용,405.0,8103.0
2009,인천,인천,산업용,218.0,148220.0
2009,인천,인천,수송용,8.0,56996.0
2009,인천,인천,업무난방용,26250.0,40291.0
2009,인천,인천,연료전지용,,
2009,인천,인천,열병합용,2.0,972.0
2009,인천,인천,일반용1,11831.0,42869.0
2009,인천,인천,일반용2,310.0,15716.0
2009,인천,인천,집단에너지용,2.0,1673.0
2009,인천,인천,취사용,89109.0,67870.0
2009,전남,대화,개별난방용,43079.0,26897.0
2009,전남,대화,냉난방용,0.0,1202.0
2009,전남,대화,산업용,48.0,58166.0
2009,전남,대화,수송용,1.0,5177.0
2009,전남,대화,업무난방용,273.0,3273.0
2009,전남,대화,연료전지용,,
2009,전남,대화,열병합용,1.0,3763.0
2009,전남,대화,일반용1,412.0,1495.0
2009,전남,대화,일반용2,30.0,3483.0
2009,전남,대화,집단에너지용,2.0,2358.0
2009,전남,대화,취사용,7239.0,7016.0
2009,전남,목포,개별난방용,60842.0,31827.0
2009,전남,목포,냉난방용,88.0,1707.0
2009,전남,목포,산업용,39.0,23727.0
2009,전남,목포,수송용,1.0,4472.0
2009,전남,목포,업무난방용,212.0,3727.0
2009,전남,목포,연료전지용,,
2009,전남,목포,열병합용,1.0,462.0
2009,전남,목포,일반용1,1224.0,5406.0
2009,전남,목포,일반용2,20.0,1322.0
2009,전남,목포,집단에너지용,0.0,197.0
2009,전남,목포,취사용,6276.0,7675.0
2009,전남,전남,개별난방용,90847.0,57233.0
2009,전남,전남,냉난방용,156.0,2222.0
2009,전남,전남,산업용,67.0,63826.0
2009,전남,전남,수송용,1.0,5300.0
2009,전남,전남,업무난방용,874.0,5125.0
2009,전남,전남,연료전지용,,
2009,전남,전남,열병합용,0.0,0.0
2009,전남,전남,일반용1,2002.0,5186.0
2009,전남,전남,일반용2,27.0,2112.0
2009,전남,전남,집단에너지용,0.0,0.0
2009,전남,전남,취사용,8566.0,787.0
2009,전남,해양,개별난방용,17944.0,7954.0
2009,전남,해양,냉난방용,25.0,631.0
2009,전남,해양,산업용,38.0,25298.0
2009,전남,해양,수송용,0.0,0.0
2009,전남,해양,업무난방용,125.0,2454.0
2009,전남,해양,연료전지용,,
2009,전남,해양,열병합용,1.0,0.0
2009,전남,해양,일반용1,217.0,736.0
2009,전남,해양,일반용2,5.0,163.0
2009,전남,해양,집단에너지용,0.0,0.0
2009,전남,해양,취사용,199.0,2498.0
2009,전북,군산,개별난방용,57315.0,36823.0
2009,전북,군산,냉난방용,52.0,1066.0
2009,전북,군산,산업용,55.0,119953.0
2009,전북,군산,수송용,1.0,4116.0
2009,전북,군산,업무난방용,373.0,3570.0
2009,전북,군산,연료전지용,,
2009,전북,군산,열병합용,2.0,4078.0
2009,전북,군산,일반용1,503.0,3908.0
2009,전북,군산,일반용2,0.0,0.0
2009,전북,군산,집단에너지용,1.0,760.0
2009,전북,군산,취사용,4587.0,3954.0
2009,전북,전북,개별난방용,210456.0,127821.0
2009,전북,전북,냉난방용,159.0,4495.0
2009,전북,전북,산업용,239.0,94061.0
2009,전북,전북,수송용,3.0,15060.0
2009,전북,전북,업무난방용,1776.0,13260.0
2009,전북,전북,연료전지용,,
2009,전북,전북,열병합용,5.0,2386.0
2009,전북,전북,일반용1,4334.0,23594.0
2009,전북,전북,일반용2,0.0,0.0
2009,전북,전북,집단에너지용,2.0,416.0
2009,전북,전북,취사용,7999.0,20616.0
2009,전북,전북ES,개별난방용,68741.0,41631.0
2009,전북,전북ES,냉난방용,89.0,1432.0
2009,전북,전북ES,산업용,74.0,38923.0
2009,전북,전북ES,수송용,1.0,4076.0
2009,전북,전북ES,업무난방용,562.0,5090.0
2009,전북,전북ES,연료전지용,,
2009,전북,전북ES,열병합용,2.0,1009.0
2009,전북,전북ES,일반용1,959.0,3503.0
2009,전북,전북ES,일반용2,88.0,3068.0
2009,전북,전북ES,집단에너지용,0.0,430.0
2009,전북,전북ES,취사용,5273.0,6738.0
2009,제주,제주,개별난방용,6515.0,3100.0
2009,제주,제주,냉난방용,16.0,1140.0
2009,제주,제주,산업용,0.0,0.0
2009,제주,제주,수송용,0.0,0.0
2009,제주,제주,업무난방용,17.0,2435.0
2009,제주,제주,연료전지용,,
2009,제주,제주,열병합용,0.0,0.0
2009,제주,제주,일반용1,55.0,445.0
2009,제주,제주,일반용2,0.0,0.0
2009,제주,제주,집단에너지용,0.0,0.0
2009,제주,제주,취사용,0.0,522.0
2009,충남,서해,개별난방용,55022.0,34683.0
2009,충남,서해,냉난방용,16.0,394.0
2009,충남,서해,산업용,45.0,300275.0
2009,충남,서해,수송용,0.0,0.0
2009,충남,서해,업무난방용,409.0,1712.0
2009,충남,서해,연료전지용,,
2009,충남,서해,열병합용,4.0,593.0
2009,충남,서해,일반용1,547.0,8517.0
2009,충남,서해,일반용2,0.0,0.0
2009,충남,서해,집단에너지용,1.0,330.0
2009,충남,서해,취사용,2024.0,6319.0
2009,충남,중부,개별난방용,236242.0,150765.0
2009,충남,중부,냉난방용,285.0,5155.0
2009,충남,중부,산업용,267.0,304375.0
2009,충남,중부,수송용,2.0,12456.0
2009,충남,중부,업무난방용,2602.0,20626.0
2009,충남,중부,연료전지용,,
2009,충남,중부,열병합용,7.0,7909.0
2009,충남,중부,일반용1,2617.0,8055.0
2009,충남,중부,일반용2,1094.0,20480.0
2009,충남,중부,집단에너지용,2.0,3313.0
2009,충남,중부,취사용,17871.0,33576.0
2009,충남,충남,개별난방용,10943.0,7620.0
2009,충남,충남,냉난방용,0.0,163.0
2009,충남,충남,산업용,0.0,0.0
2009,충남,충남,수송용,0.0,0.0
2009,충남,충남,업무난방용,135.0,799.0
2009,충남,충남,연료전지용,,
2009,충남,충남,열병합용,3.0,853.0
2009,충남,충남,일반용1,227.0,934.0
2009,충남,충남,일반용2,7.0,484.0
2009,충남,충남,집단에너지용,4.0,1814.0
2009,충남,충남,취사용,1887.0,1538.0
2009,충북,참빛충북,개별난방용,32303.0,25233.0
2009,충북,참빛충북,냉난방용,15.0,386.0
2009,충북,참빛충북,산업용,68.0,21893.0
2009,충북,참빛충북,수송용,0.0,0.0
2009,충북,참빛충북,업무난방용,218.0,1668.0
2009,충북,참빛충북,연료전지용,,
2009,충북,참빛충북,열병합용,0.0,0.0
2009,충북,참빛충북,일반용1,365.0,2262.0
2009,충북,참빛충북,일반용2,0.0,0.0
2009,충북,참빛충북,집단에너지용,0.0,0.0
2009,충북,참빛충북,취사용,4472.0,282.0
2009,충북,충청ES,개별난방용,176455.0,131953.0
2009,충북,충청ES,냉난방용,159.0,3013.0
2009,충북,충청ES,산업용,261.0,217413.0
2009,충북,충청ES,수송용,3.0,13870.0
2009,충북,충청ES,업무난방용,5554.0,12750.0
2009,충북,충청ES,연료전지용,,
2009,충북,충청ES,열병합용,4.0,1690.0
2009,충북,충청ES,일반용1,9099.0,23457.0
2009,충북,충청ES,일반용2,0.0,0.0
2009,충북,충청ES,집단에너지용,4.0,1981.0
2009,충북,충청ES,취사용,72878.0,4446.0
2010,강원,강원,개별난방용,80178.0,72720.0
2010,강원,강원,냉난방용,143.0,2397.0
2010,강원,강원,산업용,70.0,15062.0
2010,강원,강원,수송용,2.0,3848.0
2010,강원,강원,업무난방용,1312.0,11026.0
2010,강원,강원,연료전지용,,
2010,강원,강원,열병합용,29.0,1340.0
2010,강원,강원,일반용1,2896.0,11637.0
2010,강원,강원,일반용2,20.0,1466.0
2010,강원,강원,집단에너지용,7.0,1468.0
2010,강원,강원,취사용,13062.0,897.0
2010,강원,참빛,개별난방용,18268.0,10707.0
2010,강원,참빛,냉난방용,10.0,60.0
2010,강원,참빛,산업용,0.0,0.0
2010,강원,참빛,수송용,0.0,0.0
2010,강원,참빛,업무난방용,40.0,769.0
2010,강원,참빛,연료전지용,,
2010,강원,참빛,열병합용,0.0,0.0
2010,강원,참빛,일반용1,312.0,1276.0
2010,강원,참빛,일반용2,0.0,0.0
2010,강원,참빛,집단에너지용,0.0,0.0
2010,강원,참빛,취사용,0.0,281.0
2010,강원,참빛영동,개별난방용,24112.0,15392.0
2010,강원,참빛영동,냉난방용,19.0,127.0
2010,강원,참빛영동,산업용,8.0,1058.0
2010,강원,참빛영동,수송용,0.0,0.0
2010,강원,참빛영동,업무난방용,54.0,1450.0
2010,강원,참빛영동,연료전지용,,
2010,강원,참빛영동,열병합용,0.0,0.0
2010,강원,참빛영동,일반용1,269.0,2604.0
2010,강원,참빛영동,일반용2,1.0,0.0
2010,강원,참빛영동,집단에너지용,0.0,0.0
2010,강원,참빛영동,취사용,1072.0,272.0
2010,강원,참빛원주,개별난방용,81291.0,66275.0
2010,강원,참빛원주,냉난방용,77.0,1143.0
2010,강원,참빛원주,산업용,80.0,18363.0
2010,강원,참빛원주,수송용,2.0,6959.0
2010,강원,참빛원주,업무난방용,895.0,7399.0
2010,강원,참빛원주,연료전지용,,
2010,강원,참빛원주,열병합용,4.0,1206.0
2010,강원,참빛원주,일반용1,1353.0,5272.0
2010,강원,참빛원주,일반용2,23.0,1837.0
2010,강원,참빛원주,집단에너지용,4.0,852.0
2010,강원,참빛원주,취사용,5056.0,376.0
2010,경기,대륜,개별난방용,223034.0,189425.0
2010,경기,대륜,냉난방용,132.0,2814.0
2010,경기,대륜,산업용,432.0,67733.0
2010,경기,대륜,수송용,4.0,23353.0
2010,경기,대륜,업무난방용,3502.0,20031.0
2010,경기,대륜,연료전지용,,
2010,경기,대륜,열병합용,11.0,15604.0
2010,경기,대륜,일반용1,4933.0,17952.0
2010,경기,대륜,일반용2,132.0,8088.0
2010,경기,대륜,집단에너지용,8.0,4873.0
2010,경기,대륜,취사용,26903.0,32411.0
2010,경기,삼천리,개별난방용,1471375.0,1107051.0
2010,경기,삼천리,냉난방용,1006.0,37295.0
2010,경기,삼천리,산업용,1736.0,994585.0
2010,경기,삼천리,수송용,17.0,131638.0
2010,경기,삼천리,업무난방용,23479.0,176230.0
2010,경기,삼천리,연료전지용,,
2010,경기,삼천리,열병합용,28.0,15225.0
2010,경기,삼천리,일반용1,35106.0,160416.0
2010,경기,삼천리,일반용2,791.0,68052.0
2010,경기,삼천리,집단에너지용,32.0,24170.0
2010,경기,삼천리,취사용,637529.0,221295.0
2010,경기,서울,개별난방용,215207.0,181614.0
2010,경기,서울,냉난방용,388.0,9689.0
2010,경기,서울,산업용,249.0,43557.0
2010,경기,서울,수송용,9.0,52366.0
2010,경기,서울,업무난방용,5985.0,21826.0
2010,경기,서울,연료전지용,,
2010,경기,서울,열병합용,0.0,0.0
2010,경기,서울,일반용1,14579.0,43264.0
2010,경기,서울,일반용2,257.0,14297.0
2010,경기,서울,집단에너지용,5.0,28405.0
2010,경기,서울,취사용,224824.0,39844.0
2010,경기,예스코,개별난방용,213782.0,192247.0
2010,경기,예스코,냉난방용,114.0,3078.0
2010,경기,예스코,산업용,398.0,7530.0
2010,경기,예스코,수송용,4.0,26328.0
2010,경기,예스코,업무난방용,1702.0,10582.0
2010,경기,예스코,연료전지용,,
2010,경기,예스코,열병합용,3.0,862.0
2010,경기,예스코,일반용1,6186.0,19145.0
2010,경기,예스코,일반용2,81.0,6742.0
2010,경기,예스코,집단에너지용,3.0,2179.0
2010,경기,예스코,취사용,11224.0,28279.0
2010,경기,인천,개별난방용,2640.0,755.0
2010,경기,인천,냉난방용,5.0,110.0
2010,경기,인천,산업용,26.0,4195.0
2010,경기,인천,수송용,1.0,5292.0
2010,경기,인천,업무난방용,191.0,419.0
2010,경기,인천,연료전지용,,
2010,경기,인천,열병합용,0.0,0.0
2010,경기,인천,일반용1,93.0,264.0
2010,경기,인천,일반용2,2.0,571.0
2010,경기,인천,집단에너지용,0.0,0.0
2010,경기,인천,취사용,1.0,235.0
2010,경기,코원ES,개별난방용,383086.0,310595.0
2010,경기,코원ES,냉난방용,509.0,12789.0
2010,경기,코원ES,산업용,475.0,125411.0
2010,경기,코원ES,수송용,5.0,56043.0
2010,경기,코원ES,업무난방용,7367.0,40849.0
2010,경기,코원ES,연료전지용,,
2010,경기,코원ES,열병합용,11.0,992.0
2010,경기,코원ES,일반용1,18639.0,60436.0
2010,경기,코원ES,일반용2,277.0,17763.0
2010,경기,코원ES,집단에너지용,1.0,401.0
2010,경기,코원ES,취사용,177346.0,58107.0
2010,경남,경남,개별난방용,410045.0,222843.0
2010,경남,경남,냉난방용,336.0,11300.0
2010,경남,경남,산업용,686.0,357386.0
2010,경남,경남,수송용,5.0,37887.0
2010,경남,경남,업무난방용,1116.0,21064.0
2010,경남,경남,연료전지용,,
2010,경남,경남,열병합용,10.0,2823.0
2010,경남,경남,일반용1,38418.0,41636.0
2010,경남,경남,일반용2,336.0,18848.0
2010,경남,경남,집단에너지용,5.0,19316.0
2010,경남,경남,취사용,47942.0,62401.0
2010,경남,경동,개별난방용,48852.0,30441.0
2010,경남,경동,냉난방용,33.0,1038.0
2010,경남,경동,산업용,223.0,119266.0
2010,경남,경동,수송용,2.0,3118.0
2010,경남,경동,업무난방용,223.0,1099.0
2010,경남,경동,연료전지용,,
2010,경남,경동,열병합용,0.0,0.0
2010,경남,경동,일반용1,1705.0,5431.0
2010,경남,경동,일반용2,41.0,3004.0
2010,경남,경동,집단에너지용,1.0,10884.0
2010,경남,경동,취사용,18874.0,8442.0
2010,경남,지에스이,개별난방용,66501.0,42161.0
2010,경남,지에스이,냉난방용,85.0,2072.0
2010,경남,지에스이,산업용,112.0,39542.0
2010,경남,지에스이,수송용,2.0,10176.0
2010,경남,지에스이,업무난방용,237.0,4842.0
2010,경남,지에스이,연료전지용,,
2010,경남,지에스이,열병합용,4.0,1603.0
2010,경남,지에스이,일반용1,1543.0,4279.0
2010,경남,지에스이,일반용2,58.0,4551.0
2010,경남,지에스이,집단에너지용,5.0,1736.0
2010,경남,지에스이,취사용,9002.0,751.0
2010,경북,대성,개별난방용,82583.0,43565.0
2010,경북,대성,냉난방용,151.0,2257.0
2010,경북,대성,산업용,92.0,41159.0
2010,경북,대성,수송용,3.0,18498.0
2010,경북,대성,업무난방용,292.0,6175.0
2010,경북,대성,연료전지용,,
2010,경북,대성,열병합용,1.0,440.0
2010,경북,대성,일반용1,978.0,2762.0
2010,경북,대성,일반용2,87.0,2944.0
2010,경북,대성,집단에너지용,1.0,492.0
2010,경북,대성,취사용,2809.0,9640.0
2010,경북,대성청정,개별난방용,31051.0,21965.0
2010,경북,대성청정,냉난방용,31.0,954.0
2010,경북,대성청정,산업용,33.0,33758.0
2010,경북,대성청정,수송용,0.0,0.0
2010,경북,대성청정,업무난방용,186.0,1621.0
2010,경북,대성청정,연료전지용,,
2010,경북,대성청정,열병합용,0.0,0.0
2010,경북,대성청정,일반용1,1109.0,2790.0
2010,경북,대성청정,일반용2,0.0,0.0
2010,경북,대성청정,집단에너지용,0.0,0.0
2010,경북,대성청정,취사용,8534.0,1941.0
2010,경북,서라벌,개별난방용,57942.0,37997.0
2010,경북,서라벌,냉난방용,52.0,1131.0
2010,경북,서라벌,산업용,82.0,52167.0
2010,경북,서라벌,수송용,1.0,4732.0
2010,경북,서라벌,업무난방용,508.0,3939.0
2010,경북,서라벌,연료전지용,,
2010,경북,서라벌,열병합용,0.0,0.0
2010,경북,서라벌,일반용1,1530.0,13080.0
2010,경북,서라벌,일반용2,0.0,0.0
2010,경북,서라벌,집단에너지용,0.0,0.0
2010,경북,서라벌,취사용,2822.0,4611.0
2010,경북,영남ES,개별난방용,171833.0,108930.0
2010,경북,영남ES,냉난방용,115.0,2736.0
2010,경북,영남ES,산업용,290.0,331894.0
2010,경북,영남ES,수송용,1.0,5239.0
2010,경북,영남ES,업무난방용,1229.0,11026.0
2010,경북,영남ES,연료전지용,,
2010,경북,영남ES,열병합용,3.0,1185.0
2010,경북,영남ES,일반용1,5338.0,12714.0
2010,경북,영남ES,일반용2,261.0,6226.0
2010,경북,영남ES,집단에너지용,2.0,621.0
2010,경북,영남ES,취사용,5398.0,21070.0
2010,경북,포항,개별난방용,130857.0,80306.0
2010,경북,포항,냉난방용,116.0,3201.0
2010,경북,포항,산업용,229.0,289393.0
2010,경북,포항,수송용,1.0,31.0
2010,경북,포항,업무난방용,998.0,6825.0
2010,경북,포항,연료전지용,,
2010,경북,포항,열병합용,4.0,5144.0
2010,경북,포항,일반용1,3154.0,11105.0
2010,경북,포항,일반용2,99.0,4349.0
2010,경북,포항,집단에너지용,2.0,2625.0
2010,경북,포항,취사용,13011.0,18622.0
2010,광주,해양,개별난방용,417004.0,238878.0
2010,광주,해양,냉난방용,554.0,22121.0
2010,광주,해양,산업용,685.0,103468.0
2010,광주,해양,수송용,6.0,38699.0
2010,광주,해양,업무난방용,6090.0,37036.0
2010,광주,해양,연료전지용,,
2010,광주,해양,열병합용,7.0,1192.0
2010,광주,해양,일반용1,12045.0,40346.0
2010,광주,해양,일반용2,225.0,14966.0
2010,광주,해양,집단에너지용,2.0,5345.0
2010,광주,해양,취사용,56599.0,63117.0
2010,대구,대성,개별난방용,548600.0,363580.0
2010,대구,대성,냉난방용,721.0,20982.0
2010,대구,대성,산업용,1201.0,247316.0
2010,대구,대성,수송용,8.0,57696.0
2010,대구,대성,업무난방용,3324.0,40411.0
2010,대구,대성,연료전지용,,
2010,대구,대성,열병합용,23.0,11927.0
2010,대구,대성,일반용1,14932.0,35542.0
2010,대구,대성,일반용2,1129.0,40549.0
2010,대구,대성,집단에너지용,34.0,8435.0
2010,대구,대성,취사용,151880.0,76444.0
2010,대전,충남,개별난방용,366861.0,276499.0
2010,대전,충남,냉난방용,907.0,22189.0
2010,대전,충남,산업용,575.0,98603.0
2010,대전,충남,수송용,4.0,21499.0
2010,대전,충남,업무난방용,6108.0,69671.0
2010,대전,충남,연료전지용,,
2010,대전,충남,열병합용,18.0,7460.0
2010,대전,충남,일반용1,12079.0,58060.0
2010,대전,충남,일반용2,202.0,12636.0
2010,대전,충남,집단에너지용,29.0,22354.0
2010,대전,충남,취사용,118292.0,53436.0
2010,부산,부산,개별난방용,843606.0,448816.0
2010,부산,부산,냉난방용,1643.0,35435.0
2010,부산,부산,산업용,814.0,414698.0
2010,부산,부산,수송용,13.0,65192.0
2010,부산,부산,업무난방용,3165.0,52514.0
2010,부산,부산,연료전지용,,
2010,부산,부산,열병합용,12.0,5268.0
2010,부산,부산,일반용1,29357.0,79063.0
2010,부산,부산,일반용2,1266.0,41388.0
2010,부산,부산,집단에너지용,2.0,26058.0
2010,부산,부산,취사용,108636.0,107282.0
2010,서울,강남,개별난방용,276736.0,213879.0
2010,서울,강남,냉난방용,341.0,7728.0
2010,서울,강남,산업용,159.0,11195.0
2010,서울,강남,수송용,4.0,41578.0
2010,서울,강남,업무난방용,9390.0,35098.0
2010,서울,강남,연료전지용,,
2010,서울,강남,열병합용,9.0,3653.0
2010,서울,강남,일반용1,8270.0,30669.0
2010,서울,강남,일반용2,95.0,8727.0
2010,서울,강남,집단에너지용,8.0,3525.0
2010,서울,강남,취사용,41924.0,37724.0
2010,서울,대륜,개별난방용,378750.0,325788.0
2010,서울,대륜,냉난방용,452.0,8203.0
2010,서울,대륜,산업용,193.0,3395.0
2010,서울,대륜,수송용,8.0,60913.0
2010,서울,대륜,업무난방용,6870.0,46460.0
2010,서울,대륜,연료전지용,,
2010,서울,대륜,열병합용,8.0,7024.0
2010,서울,대륜,일반용1,9728.0,38919.0
2010,서울,대륜,일반용2,200.0,15645.0
2010,서울,대륜,집단에너지용,8.0,94395.0
2010,서울,대륜,취사용,146780.0,63089.0
2010,서울,서울,개별난방용,1165784.0,942753.0
2010,서울,서울,냉난방용,1677.0,43325.0
2010,서울,서울,산업용,98.0,7465.0
2010,서울,서울,수송용,8.0,68536.0
2010,서울,서울,업무난방용,49299.0,184836.0
2010,서울,서울,연료전지용,,
2010,서울,서울,열병합용,64.0,7711.0
2010,서울,서울,일반용1,54864.0,184656.0
2010,서울,서울,일반용2,549.0,38510.0
2010,서울,서울,집단에너지용,9.0,121008.0
2010,서울,서울,취사용,229068.0,147585.0
2010,서울,예스코,개별난방용,788978.0,628271.0
2010,서울,예스코,냉난방용,1626.0,53777.0
2010,서울,예스코,산업용,1375.0,17803.0
2010,서울,예스코,수송용,5.0,45371.0
2010,서울,예스코,업무난방용,14769.0,160597.0
2010,서울,예스코,연료전지용,,
2010,서울,예스코,열병합용,23.0,7207.0
2010,서울,예스코,일반용1,39105.0,159114.0
2010,서울,예스코,일반용2,447.0,32595.0
2010,서울,예스코,집단에너지용,20.0,5523.0
2010,서울,예스코,취사용,27558.0,99595.0
2010,서울,코원ES,개별난방용,491449.0,393522.0
2010,서울,코원ES,냉난방용,2390.0,61219.0
2010,서울,코원ES,산업용,51.0,4468.0
2010,서울,코원ES,수송용,6.0,60132.0
2010,서울,코원ES,업무난방용,26457.0,163776.0
2010,서울,코원ES,연료전지용,,
2010,서울,코원ES,열병합용,77.0,26469.0
2010,서울,코원ES,일반용1,35378.0,151227.0
2010,서울,코원ES,일반용2,353.0,27348.0
2010,서울,코원ES,집단에너지용,20.0,156964.0
2010,서울,코원ES,취사용,236417.0,74139.0
2010,울산,경동,개별난방용,321610.0,216176.0
2010,울산,경동,냉난방용,210.0,6106.0
2010,울산,경동,산업용,271.0,1285945.0
2010,울산,경동,수송용,4.0,29216.0
2010,울산,경동,업무난방용,2418.0,15937.0
2010,울산,경동,연료전지용,,
2010,울산,경동,열병합용,1.0,572.0
2010,울산,경동,일반용1,10033.0,35000.0
2010,울산,경동,일반용2,225.0,15129.0
2010,울산,경동,집단에너지용,1.0,53.0
2010,울산,경동,취사용,6291.0,43893.0
2010,인천,삼천리,개별난방용,260489.0,199611.0
2010,인천,삼천리,냉난방용,171.0,5518.0
2010,인천,삼천리,산업용,553.0,348387.0
2010,인천,삼천리,수송용,6.0,44053.0
2010,인천,삼천리,업무난방용,3253.0,27454.0
2010,인천,삼천리,연료전지용,,
2010,인천,삼천리,열병합용,10.0,4015.0
2010,인천,삼천리,일반용1,5628.0,27723.0
2010,인천,삼천리,일반용2,129.0,10346.0
2010,인천,삼천리,집단에너지용,11.0,36269.0
2010,인천,삼천리,취사용,54482.0,34917.0
2010,인천,인천,개별난방용,521845.0,363651.0
2010,인천,인천,냉난방용,408.0,9624.0
2010,인천,인천,산업용,218.0,180199.0
2010,인천,인천,수송용,8.0,63797.0
2010,인천,인천,업무난방용,11232.0,40840.0
2010,인천,인천,연료전지용,,
2010,인천,인천,열병합용,2.0,1186.0
2010,인천,인천,일반용1,12754.0,45411.0
2010,인천,인천,일반용2,320.0,14245.0
2010,인천,인천,집단에너지용,2.0,1625.0
2010,인천,인천,취사용,96954.0,68784.0
2010,전남,대화,개별난방용,47898.0,28624.0
2010,전남,대화,냉난방용,48.0,1305.0
2010,전남,대화,산업용,53.0,96058.0
2010,전남,대화,수송용,1.0,6169.0
2010,전남,대화,업무난방용,291.0,3483.0
2010,전남,대화,연료전지용,,
2010,전남,대화,열병합용,1.0,1036.0
2010,전남,대화,일반용1,459.0,1712.0
2010,전남,대화,일반용2,28.0,2954.0
2010,전남,대화,집단에너지용,1.0,2572.0
2010,전남,대화,취사용,6971.0,7417.0
2010,전남,목포,개별난방용,64559.0,36532.0
2010,전남,목포,냉난방용,88.0,2025.0
2010,전남,목포,산업용,45.0,37706.0
2010,전남,목포,수송용,1.0,5198.0
2010,전남,목포,업무난방용,238.0,3777.0
2010,전남,목포,연료전지용,,
2010,전남,목포,열병합용,1.0,546.0
2010,전남,목포,일반용1,1371.0,6230.0
2010,전남,목포,일반용2,20.0,1241.0
2010,전남,목포,집단에너지용,0.0,0.0
2010,전남,목포,취사용,6965.0,8248.0
2010,전남,전남,개별난방용,97045.0,64189.0
2010,전남,전남,냉난방용,158.0,2667.0
2010,전남,전남,산업용,77.0,74668.0
2010,전남,전남,수송용,2.0,5890.0
2010,전남,전남,업무난방용,750.0,5318.0
2010,전남,전남,연료전지용,,
2010,전남,전남,열병합용,0.0,0.0
2010,전남,전남,일반용1,1938.0,5991.0
2010,전남,전남,일반용2,26.0,1988.0
2010,전남,전남,집단에너지용,0.0,0.0
2010,전남,전남,취사용,4517.0,592.0
2010,전남,해양,개별난방용,18516.0,8988.0
2010,전남,해양,냉난방용,25.0,698.0
2010,전남,해양,산업용,51.0,27968.0
2010,전남,해양,수송용,0.0,0.0
2010,전남,해양,업무난방용,135.0,2523.0
2010,전남,해양,연료전지용,,
2010,전남,해양,열병합용,5.0,0.0
2010,전남,해양,일반용1,243.0,840.0
2010,전남,해양,일반용2,5.0,160.0
2010,전남,해양,집단에너지용,0.0,0.0
2010,전남,해양,취사용,261.0,2578.0
2010,전북,군산,개별난방용,65133.0,42832.0
2010,전북,군산,냉난방용,52.0,1216.0
2010,전북,군산,산업용,68.0,162229.0
2010,전북,군산,수송용,1.0,4364.0
2010,전북,군산,업무난방용,407.0,3877.0
2010,전북,군산,연료전지용,,
2010,전북,군산,열병합용,2.0,3595.0
2010,전북,군산,일반용1,591.0,4231.0
2010,전북,군산,일반용2,0.0,0.0
2010,전북,군산,집단에너지용,1.0,669.0
2010,전북,군산,취사용,4566.0,4228.0
2010,전북,전북,개별난방용,224644.0,142158.0
2010,전북,전북,냉난방용,164.0,5094.0
2010,전북,전북,산업용,245.0,123647.0
2010,전북,전북,수송용,3.0,15379.0
2010,전북,전북,업무난방용,1921.0,13665.0
2010,전북,전북,연료전지용,,
2010,전북,전북,열병합용,3.0,3204.0
2010,전북,전북,일반용1,4903.0,24422.0
2010,전북,전북,일반용2,0.0,0.0
2010,전북,전북,집단에너지용,2.0,431.0
2010,전북,전북,취사용,5801.0,22070.0
2010,전북,전북ES,개별난방용,71759.0,45239.0
2010,전북,전북ES,냉난방용,93.0,1631.0
2010,전북,전북ES,산업용,75.0,51362.0
2010,전북,전북ES,수송용,1.0,4795.0
2010,전북,전북ES,업무난방용,589.0,5438.0
2010,전북,전북ES,연료전지용,,
2010,전북,전북ES,열병합용,2.0,1113.0
2010,전북,전북ES,일반용1,1068.0,3864.0
2010,전북,전북ES,일반용2,95.0,3016.0
2010,전북,전북ES,집단에너지용,0.0,0.0
2010,전북,전북ES,취사용,7296.0,7080.0
2010,제주,제주,개별난방용,9700.0,3743.0
2010,제주,제주,냉난방용,12.0,1091.0
2010,제주,제주,산업용,0.0,0.0
2010,제주,제주,수송용,0.0,0.0
2010,제주,제주,업무난방용,15.0,2765.0
2010,제주,제주,연료전지용,,
2010,제주,제주,열병합용,0.0,0.0
2010,제주,제주,일반용1,74.0,508.0
2010,제주,제주,일반용2,0.0,0.0
2010,제주,제주,집단에너지용,0.0,0.0
2010,제주,제주,취사용,0.0,597.0
2010,충남,서해,개별난방용,65747.0,43310.0
2010,충남,서해,냉난방용,19.0,444.0
2010,충남,서해,산업용,48.0,432458.0
2010,충남,서해,수송용,0.0,0.0
2010,충남,서해,업무난방용,482.0,2137.0
2010,충남,서해,연료전지용,,
2010,충남,서해,열병합용,3.0,276.0
2010,충남,서해,일반용1,629.0,15386.0
2010,충남,서해,일반용2,0.0,0.0
2010,충남,서해,집단에너지용,1.0,225.0
2010,충남,서해,취사용,2008.0,7596.0
2010,충남,중부,개별난방용,254301.0,176943.0
2010,충남,중부,냉난방용,297.0,6518.0
2010,충남,중부,산업용,312.0,362195.0
2010,충남,중부,수송용,2.0,13767.0
2010,충남,중부,업무난방용,2752.0,23190.0
2010,충남,중부,연료전지용,,
2010,충남,중부,열병합용,10.0,24259.0
2010,충남,중부,일반용1,2969.0,9418.0
2010,충남,중부,일반용2,1241.0,21641.0
2010,충남,중부,집단에너지용,3.0,4057.0
2010,충남,중부,취사용,20867.0,36502.0
2010,충남,충남,개별난방용,11106.0,8121.0
2010,충남,충남,냉난방용,17.0,219.0
2010,충남,충남,산업용,0.0,0.0
2010,충남,충남,수송용,0.0,0.0
2010,충남,충남,업무난방용,134.0,716.0
2010,충남,충남,연료전지용,,
2010,충남,충남,열병합용,3.0,696.0
2010,충남,충남,일반용1,234.0,1078.0
2010,충남,충남,일반용2,7.0,515.0
2010,충남,충남,집단에너지용,4.0,1987.0
2010,충남,충남,취사용,1857.0,1585.0
2010,충북,참빛충북,개별난방용,36598.0,29727.0
2010,충북,참빛충북,냉난방용,16.0,481.0
2010,충북,참빛충북,산업용,77.0,30664.0
2010,충북,참빛충북,수송용,0.0,0.0
2010,충북,참빛충북,업무난방용,183.0,2381.0
2010,충북,참빛충북,연료전지용,,
2010,충북,참빛충북,열병합용,0.0,0.0
2010,충북,참빛충북,일반용1,428.0,2233.0
2010,충북,참빛충북,일반용2,0.0,0.0
2010,충북,참빛충북,집단에너지용,0.0,0.0
2010,충북,참빛충북,취사용,2843.0,221.0
2010,충북,충청ES,개별난방용,193145.0,147244.0
2010,충북,충청ES,냉난방용,160.0,3302.0
2010,충북,충청ES,산업용,301.0,283099.0
2010,충북,충청ES,수송용,3.0,15988.0
2010,충북,충청ES,업무난방용,5728.0,15326.0
2010,충북,충청ES,연료전지용,,
2010,충북,충청ES,열병합용,4.0,2032.0
2010,충북,충청ES,일반용1,9914.0,24007.0
2010,충북,충청ES,일반용2,0.0,0.0
2010,충북,충청ES,집단에너지용,4.0,2360.0
2010,충북,충청ES,취사용,83039.0,4425.0
2011,강원,강원,개별난방용,84084.0,74465.0
2011,강원,강원,냉난방용,144.0,1897.0
2011,강원,강원,산업용,71.0,15599.0
2011,강원,강원,수송용,2.0,4645.0
2011,강원,강원,업무난방용,1385.0,10285.0
2011,강원,강원,연료전지용,,
2011,강원,강원,열병합용,28.0,1286.0
2011,강원,강원,일반용1,3231.0,16127.0
2011,강원,강원,일반용2,20.0,1342.0
2011,강원,강원,집단에너지용,7.0,1397.0
2011,강원,강원,취사용,11954.0,867.0
2011,강원,참빛,개별난방용,18866.0,10362.0
2011,강원,참빛,냉난방용,11.0,0.0
2011,강원,참빛,산업용,0.0,0.0
2011,강원,참빛,수송용,0.0,0.0
2011,강원,참빛,업무난방용,62.0,939.0
2011,강원,참빛,연료전지용,,
2011,강원,참빛,열병합용,0.0,0.0
2011,강원,참빛,일반용1,86.0,1536.0
2011,강원,참빛,일반용2,0.0,0.0
2011,강원,참빛,집단에너지용,0.0,0.0
2011,강원,참빛,취사용,0.0,211.0
2011,강원,참빛영동,개별난방용,26185.0,16465.0
2011,강원,참빛영동,냉난방용,11.0,207.0
2011,강원,참빛영동,산업용,11.0,2858.0
2011,강원,참빛영동,수송용,0.0,0.0
2011,강원,참빛영동,업무난방용,45.0,1493.0
2011,강원,참빛영동,연료전지용,,
2011,강원,참빛영동,열병합용,0.0,0.0
2011,강원,참빛영동,일반용1,224.0,2135.0
2011,강원,참빛영동,일반용2,0.0,0.0
2011,강원,참빛영동,집단에너지용,0.0,0.0
2011,강원,참빛영동,취사용,1070.0,281.0
2011,강원,참빛원주,개별난방용,87203.0,66747.0
2011,강원,참빛원주,냉난방용,0.0,1110.0
2011,강원,참빛원주,산업용,99.0,26034.0
2011,강원,참빛원주,수송용,2.0,7681.0
2011,강원,참빛원주,업무난방용,965.0,6796.0
2011,강원,참빛원주,연료전지용,,
2011,강원,참빛원주,열병합용,3.0,1094.0
2011,강원,참빛원주,일반용1,1519.0,5796.0
2011,강원,참빛원주,일반용2,22.0,1923.0
2011,강원,참빛원주,집단에너지용,3.0,803.0
2011,강원,참빛원주,취사용,3823.0,310.0
2011,경기,대륜,개별난방용,231522.0,186718.0
2011,경기,대륜,냉난방용,140.0,2325.0
2011,경기,대륜,산업용,474.0,72714.0
2011,경기,대륜,수송용,4.0,25065.0
2011,경기,대륜,업무난방용,2357.0,17510.0
2011,경기,대륜,연료전지용,,
2011,경기,대륜,열병합용,12.0,18153.0
2011,경기,대륜,일반용1,6882.0,19277.0
2011,경기,대륜,일반용2,78.0,6716.0
2011,경기,대륜,집단에너지용,8.0,4686.0
2011,경기,대륜,취사용,25386.0,33767.0
2011,경기,삼천리,개별난방용,1509356.0,1079130.0
2011,경기,삼천리,냉난방용,1254.0,31691.0
2011,경기,삼천리,산업용,1797.0,1031250.0
2011,경기,삼천리,수송용,21.0,144852.0
2011,경기,삼천리,업무난방용,24799.0,166171.0
2011,경기,삼천리,연료전지용,,
2011,경기,삼천리,열병합용,24.0,28492.0
2011,경기,삼천리,일반용1,38183.0,167354.0
2011,경기,삼천리,일반용2,838.0,61178.0
2011,경기,삼천리,집단에너지용,35.0,88026.0
2011,경기,삼천리,취사용,665449.0,235868.0
2011,경기,서울,개별난방용,228104.0,179874.0
2011,경기,서울,냉난방용,388.0,8078.0
2011,경기,서울,산업용,288.0,52545.0
2011,경기,서울,수송용,9.0,60554.0
2011,경기,서울,업무난방용,6004.0,20852.0
2011,경기,서울,연료전지용,,
2011,경기,서울,열병합용,8.0,22780.0
2011,경기,서울,일반용1,15685.0,44427.0
2011,경기,서울,일반용2,265.0,11825.0
2011,경기,서울,집단에너지용,4.0,9423.0
2011,경기,서울,취사용,243774.0,42761.0
2011,경기,예스코,개별난방용,225637.0,190803.0
2011,경기,예스코,냉난방용,122.0,3025.0
2011,경기,예스코,산업용,432.0,7504.0
2011,경기,예스코,수송용,6.0,25503.0
2011,경기,예스코,업무난방용,1727.0,9603.0
2011,경기,예스코,연료전지용,,
2011,경기,예스코,열병합용,8.0,953.0
2011,경기,예스코,일반용1,6744.0,20341.0
2011,경기,예스코,일반용2,87.0,5911.0
2011,경기,예스코,집단에너지용,3.0,2744.0
2011,경기,예스코,취사용,12368.0,29581.0
2011,경기,인천,개별난방용,3159.0,1337.0
2011,경기,인천,냉난방용,5.0,170.0
2011,경기,인천,산업용,35.0,6044.0
2011,경기,인천,수송용,1.0,5444.0
2011,경기,인천,업무난방용,202.0,446.0
2011,경기,인천,연료전지용,,
2011,경기,인천,열병합용,0.0,0.0
2011,경기,인천,일반용1,122.0,330.0
2011,경기,인천,일반용2,1.0,534.0
2011,경기,인천,집단에너지용,0.0,0.0
2011,경기,인천,취사용,1.0,365.0
2011,경기,코원ES,개별난방용,392492.0,294867.0
2011,경기,코원ES,냉난방용,514.0,11657.0
2011,경기,코원ES,산업용,529.0,148147.0
2011,경기,코원ES,수송용,12.0,57479.0
2011,경기,코원ES,업무난방용,7614.0,39122.0
2011,경기,코원ES,연료전지용,,
2011,경기,코원ES,열병합용,12.0,795.0
2011,경기,코원ES,일반용1,19690.0,63389.0
2011,경기,코원ES,일반용2,271.0,17395.0
2011,경기,코원ES,집단에너지용,2.0,446.0
2011,경기,코원ES,취사용,179956.0,61642.0
2011,경남,경남,개별난방용,448149.0,222563.0
2011,경남,경남,냉난방용,337.0,10116.0
2011,경남,경남,산업용,726.0,389453.0
2011,경남,경남,수송용,5.0,43477.0
2011,경남,경남,업무난방용,1186.0,25321.0
2011,경남,경남,연료전지용,,
2011,경남,경남,열병합용,7.0,3276.0
2011,경남,경남,일반용1,31085.0,38474.0
2011,경남,경남,일반용2,330.0,16499.0
2011,경남,경남,집단에너지용,5.0,18906.0
2011,경남,경남,취사용,45475.0,67787.0
2011,경남,경동,개별난방용,52838.0,30821.0
2011,경남,경동,냉난방용,33.0,896.0
2011,경남,경동,산업용,235.0,131320.0
2011,경남,경동,수송용,1.0,3302.0
2011,경남,경동,업무난방용,228.0,1144.0
2011,경남,경동,연료전지용,,
2011,경남,경동,열병합용,0.0,0.0
2011,경남,경동,일반용1,1934.0,5991.0
2011,경남,경동,일반용2,43.0,3650.0
2011,경남,경동,집단에너지용,1.0,11015.0
2011,경남,경동,취사용,18932.0,9093.0
2011,경남,지에스이,개별난방용,74229.0,45551.0
2011,경남,지에스이,냉난방용,87.0,1956.0
2011,경남,지에스이,산업용,119.0,42891.0
2011,경남,지에스이,수송용,2.0,10740.0
2011,경남,지에스이,업무난방용,282.0,4773.0
2011,경남,지에스이,연료전지용,,
2011,경남,지에스이,열병합용,4.0,1492.0
2011,경남,지에스이,일반용1,1761.0,4152.0
2011,경남,지에스이,일반용2,65.0,5011.0
2011,경남,지에스이,집단에너지용,5.0,1694.0
2011,경남,지에스이,취사용,8576.0,649.0
2011,경북,경북,개별난방용,33527.0,23021.0
2011,경북,경북,냉난방용,37.0,772.0
2011,경북,경북,산업용,36.0,37367.0
2011,경북,경북,수송용,0.0,0.0
2011,경북,경북,업무난방용,192.0,1729.0
2011,경북,경북,연료전지용,,
2011,경북,경북,열병합용,0.0,0.0
2011,경북,경북,일반용1,1157.0,2694.0
2011,경북,경북,일반용2,0.0,0.0
2011,경북,경북,집단에너지용,0.0,0.0
2011,경북,경북,취사용,8629.0,2081.0
2011,경북,대성,개별난방용,85973.0,44811.0
2011,경북,대성,냉난방용,157.0,1767.0
2011,경북,대성,산업용,106.0,43551.0
2011,경북,대성,수송용,3.0,20345.0
2011,경북,대성,업무난방용,302.0,5646.0
2011,경북,대성,연료전지용,,
2011,경북,대성,열병합용,1.0,415.0
2011,경북,대성,일반용1,1067.0,2850.0
2011,경북,대성,일반용2,93.0,3203.0
2011,경북,대성,집단에너지용,1.0,322.0
2011,경북,대성,취사용,2803.0,10336.0
2011,경북,서라벌,개별난방용,60994.0,36653.0
2011,경북,서라벌,냉난방용,47.0,1056.0
2011,경북,서라벌,산업용,86.0,65937.0
2011,경북,서라벌,수송용,1.0,5347.0
2011,경북,서라벌,업무난방용,424.0,3846.0
2011,경북,서라벌,연료전지용,,
2011,경북,서라벌,열병합용,0.0,0.0
2011,경북,서라벌,일반용1,1365.0,14867.0
2011,경북,서라벌,일반용2,0.0,0.0
2011,경북,서라벌,집단에너지용,0.0,0.0
2011,경북,서라벌,취사용,2754.0,7783.0
2011,경북,영남ES,개별난방용,181473.0,113019.0
2011,경북,영남ES,냉난방용,160.0,2270.0
2011,경북,영남ES,산업용,298.0,381967.0
2011,경북,영남ES,수송용,1.0,4207.0
2011,경북,영남ES,업무난방용,1239.0,11577.0
2011,경북,영남ES,연료전지용,,
2011,경북,영남ES,열병합용,2.0,1128.0
2011,경북,영남ES,일반용1,5263.0,10700.0
2011,경북,영남ES,일반용2,550.0,8829.0
2011,경북,영남ES,집단에너지용,2.0,865.0
2011,경북,영남ES,취사용,4765.0,22871.0
2011,경북,포항,개별난방용,140327.0,84146.0
2011,경북,포항,냉난방용,115.0,2603.0
2011,경북,포항,산업용,238.0,301217.0
2011,경북,포항,수송용,1.0,1330.0
2011,경북,포항,업무난방용,1094.0,6952.0
2011,경북,포항,연료전지용,,
2011,경북,포항,열병합용,4.0,3779.0
2011,경북,포항,일반용1,3469.0,12210.0
2011,경북,포항,일반용2,99.0,7964.0
2011,경북,포항,집단에너지용,2.0,2603.0
2011,경북,포항,취사용,12936.0,18633.0
2011,광주,해양,개별난방용,442465.0,246352.0
2011,광주,해양,냉난방용,556.0,19852.0
2011,광주,해양,산업용,654.0,109132.0
2011,광주,해양,수송용,6.0,39325.0
2011,광주,해양,업무난방용,6620.0,43742.0
2011,광주,해양,연료전지용,,
2011,광주,해양,열병합용,30.0,1118.0
2011,광주,해양,일반용1,13318.0,43186.0
2011,광주,해양,일반용2,227.0,13115.0
2011,광주,해양,집단에너지용,2.0,222.0
2011,광주,해양,취사용,58046.0,62419.0
2011,대구,대성,개별난방용,577627.0,367363.0
2011,대구,대성,냉난방용,718.0,18024.0
2011,대구,대성,산업용,1257.0,272097.0
2011,대구,대성,수송용,8.0,59299.0
2011,대구,대성,업무난방용,3573.0,41244.0
2011,대구,대성,연료전지용,,
2011,대구,대성,열병합용,26.0,24979.0
2011,대구,대성,일반용1,15756.0,36266.0
2011,대구,대성,일반용2,1143.0,41295.0
2011,대구,대성,집단에너지용,33.0,13615.0
2011,대구,대성,취사용,154595.0,80490.0
2011,대전,충남,개별난방용,393089.0,273821.0
2011,대전,충남,냉난방용,553.0,17686.0
2011,대전,충남,산업용,583.0,114918.0
2011,대전,충남,수송용,4.0,21699.0
2011,대전,충남,업무난방용,6564.0,67028.0
2011,대전,충남,연료전지용,,
2011,대전,충남,열병합용,19.0,7259.0
2011,대전,충남,일반용1,12958.0,59743.0
2011,대전,충남,일반용2,206.0,11559.0
2011,대전,충남,집단에너지용,35.0,62085.0
2011,대전,충남,취사용,120695.0,58321.0
2011,부산,부산,개별난방용,893810.0,446162.0
2011,부산,부산,냉난방용,1704.0,29422.0
2011,부산,부산,산업용,853.0,425632.0
2011,부산,부산,수송용,14.0,78359.0
2011,부산,부산,업무난방용,3489.0,50634.0
2011,부산,부산,연료전지용,,
2011,부산,부산,열병합용,15.0,8335.0
2011,부산,부산,일반용1,31680.0,82671.0
2011,부산,부산,일반용2,1293.0,38497.0
2011,부산,부산,집단에너지용,2.0,24679.0
2011,부산,부산,취사용,108375.0,113565.0
2011,서울,강남,개별난방용,286102.0,205834.0
2011,서울,강남,냉난방용,332.0,6237.0
2011,서울,강남,산업용,149.0,10401.0
2011,서울,강남,수송용,4.0,41256.0
2011,서울,강남,업무난방용,9125.0,30901.0
2011,서울,강남,연료전지용,,
2011,서울,강남,열병합용,8.0,3681.0
2011,서울,강남,일반용1,8755.0,31749.0
2011,서울,강남,일반용2,95.0,7231.0
2011,서울,강남,집단에너지용,10.0,7938.0
2011,서울,강남,취사용,39803.0,39209.0
2011,서울,대륜,개별난방용,383612.0,311981.0
2011,서울,대륜,냉난방용,472.0,6467.0
2011,서울,대륜,산업용,160.0,3403.0
2011,서울,대륜,수송용,8.0,63256.0
2011,서울,대륜,업무난방용,4323.0,40637.0
2011,서울,대륜,연료전지용,,
2011,서울,대륜,열병합용,9.0,6319.0
2011,서울,대륜,일반용1,12594.0,39913.0
2011,서울,대륜,일반용2,173.0,14460.0
2011,서울,대륜,집단에너지용,8.0,88093.0
2011,서울,대륜,취사용,145772.0,64465.0
2011,서울,서울,개별난방용,1188374.0,921556.0
2011,서울,서울,냉난방용,1706.0,36087.0
2011,서울,서울,산업용,102.0,6917.0
2011,서울,서울,수송용,8.0,71293.0
2011,서울,서울,업무난방용,49170.0,154932.0
2011,서울,서울,연료전지용,,
2011,서울,서울,열병합용,65.0,9028.0
2011,서울,서울,일반용1,56393.0,180868.0
2011,서울,서울,일반용2,526.0,33029.0
2011,서울,서울,집단에너지용,5.0,118001.0
2011,서울,서울,취사용,230850.0,151923.0
2011,서울,예스코,개별난방용,804315.0,598950.0
2011,서울,예스코,냉난방용,1719.0,47649.0
2011,서울,예스코,산업용,1436.0,16332.0
2011,서울,예스코,수송용,7.0,44278.0
2011,서울,예스코,업무난방용,14028.0,145722.0
2011,서울,예스코,연료전지용,,
2011,서울,예스코,열병합용,22.0,7927.0
2011,서울,예스코,일반용1,40243.0,157445.0
2011,서울,예스코,일반용2,427.0,28946.0
2011,서울,예스코,집단에너지용,20.0,5277.0
2011,서울,예스코,취사용,49938.0,98986.0
2011,서울,코원ES,개별난방용,498487.0,374448.0
2011,서울,코원ES,냉난방용,2374.0,51280.0
2011,서울,코원ES,산업용,48.0,5503.0
2011,서울,코원ES,수송용,99.0,60028.0
2011,서울,코원ES,업무난방용,26632.0,147351.0
2011,서울,코원ES,연료전지용,,
2011,서울,코원ES,열병합용,77.0,48667.0
2011,서울,코원ES,일반용1,36439.0,151178.0
2011,서울,코원ES,일반용2,342.0,28590.0
2011,서울,코원ES,집단에너지용,20.0,123958.0
2011,서울,코원ES,취사용,240904.0,77443.0
2011,울산,경동,개별난방용,339503.0,216901.0
2011,울산,경동,냉난방용,211.0,5318.0
2011,울산,경동,산업용,289.0,1818920.0
2011,울산,경동,수송용,5.0,31055.0
2011,울산,경동,업무난방용,2497.0,15784.0
2011,울산,경동,연료전지용,,
2011,울산,경동,열병합용,2.0,473.0
2011,울산,경동,일반용1,10806.0,36617.0
2011,울산,경동,일반용2,221.0,13856.0
2011,울산,경동,집단에너지용,0.0,0.0
2011,울산,경동,취사용,6150.0,46339.0
2011,인천,삼천리,개별난방용,264078.0,189331.0
2011,인천,삼천리,냉난방용,213.0,4609.0
2011,인천,삼천리,산업용,557.0,357918.0
2011,인천,삼천리,수송용,6.0,45659.0
2011,인천,삼천리,업무난방용,3213.0,23827.0
2011,인천,삼천리,연료전지용,,
2011,인천,삼천리,열병합용,12.0,3736.0
2011,인천,삼천리,일반용1,6247.0,31160.0
2011,인천,삼천리,일반용2,128.0,9549.0
2011,인천,삼천리,집단에너지용,11.0,34186.0
2011,인천,삼천리,취사용,67325.0,37781.0
2011,인천,인천,개별난방용,534708.0,362055.0
2011,인천,인천,냉난방용,413.0,8325.0
2011,인천,인천,산업용,222.0,185467.0
2011,인천,인천,수송용,8.0,63431.0
2011,인천,인천,업무난방용,11949.0,36306.0
2011,인천,인천,연료전지용,,
2011,인천,인천,열병합용,2.0,1004.0
2011,인천,인천,일반용1,13740.0,48319.0
2011,인천,인천,일반용2,330.0,14158.0
2011,인천,인천,집단에너지용,0.0,0.0
2011,인천,인천,취사용,110927.0,72259.0
2011,전남,대화,개별난방용,50180.0,29453.0
2011,전남,대화,냉난방용,0.0,1093.0
2011,전남,대화,산업용,68.0,69170.0
2011,전남,대화,수송용,2.0,7433.0
2011,전남,대화,업무난방용,395.0,3367.0
2011,전남,대화,연료전지용,,
2011,전남,대화,열병합용,2.0,946.0
2011,전남,대화,일반용1,596.0,1995.0
2011,전남,대화,일반용2,27.0,2803.0
2011,전남,대화,집단에너지용,1.0,1805.0
2011,전남,대화,취사용,6879.0,7990.0
2011,전남,목포,개별난방용,68615.0,37849.0
2011,전남,목포,냉난방용,91.0,1752.0
2011,전남,목포,산업용,86.0,43448.0
2011,전남,목포,수송용,1.0,5797.0
2011,전남,목포,업무난방용,220.0,3611.0
2011,전남,목포,연료전지용,,
2011,전남,목포,열병합용,1.0,632.0
2011,전남,목포,일반용1,1604.0,7216.0
2011,전남,목포,일반용2,21.0,1192.0
2011,전남,목포,집단에너지용,0.0,0.0
2011,전남,목포,취사용,7376.0,8254.0
2011,전남,전남,개별난방용,104187.0,65210.0
2011,전남,전남,냉난방용,160.0,2241.0
2011,전남,전남,산업용,113.0,90057.0
2011,전남,전남,수송용,1.0,6091.0
2011,전남,전남,업무난방용,970.0,5201.0
2011,전남,전남,연료전지용,,
2011,전남,전남,열병합용,0.0,0.0
2011,전남,전남,일반용1,2609.0,6424.0
2011,전남,전남,일반용2,30.0,2134.0
2011,전남,전남,집단에너지용,0.0,0.0
2011,전남,전남,취사용,9750.0,575.0
2011,전남,해양,개별난방용,20842.0,9280.0
2011,전남,해양,냉난방용,33.0,728.0
2011,전남,해양,산업용,71.0,35015.0
2011,전남,해양,수송용,1.0,382.0
2011,전남,해양,업무난방용,162.0,2510.0
2011,전남,해양,연료전지용,,
2011,전남,해양,열병합용,17.0,12.0
2011,전남,해양,일반용1,335.0,1123.0
2011,전남,해양,일반용2,8.0,237.0
2011,전남,해양,집단에너지용,0.0,0.0
2011,전남,해양,취사용,338.0,2523.0
2011,전북,군산,개별난방용,73043.0,45643.0
2011,전북,군산,냉난방용,52.0,938.0
2011,전북,군산,산업용,84.0,206236.0
2011,전북,군산,수송용,1.0,4502.0
2011,전북,군산,업무난방용,458.0,3778.0
2011,전북,군산,연료전지용,,
2011,전북,군산,열병합용,2.0,4008.0
2011,전북,군산,일반용1,692.0,4331.0
2011,전북,군산,일반용2,0.0,0.0
2011,전북,군산,집단에너지용,1.0,710.0
2011,전북,군산,취사용,4516.0,4705.0
2011,전북,전북,개별난방용,236486.0,147943.0
2011,전북,전북,냉난방용,211.0,4605.0
2011,전북,전북,산업용,285.0,137427.0
2011,전북,전북,수송용,3.0,13844.0
2011,전북,전북,업무난방용,2586.0,12323.0
2011,전북,전북,연료전지용,,
2011,전북,전북,열병합용,5.0,2665.0
2011,전북,전북,일반용1,6278.0,26371.0
2011,전북,전북,일반용2,0.0,0.0
2011,전북,전북,집단에너지용,3.0,458.0
2011,전북,전북,취사용,12549.0,23324.0
2011,전북,전북ES,개별난방용,73176.0,44914.0
2011,전북,전북ES,냉난방용,96.0,1044.0
2011,전북,전북ES,산업용,79.0,51921.0
2011,전북,전북ES,수송용,1.0,5317.0
2011,전북,전북ES,업무난방용,619.0,5766.0
2011,전북,전북ES,연료전지용,,
2011,전북,전북ES,열병합용,2.0,1051.0
2011,전북,전북ES,일반용1,1167.0,4137.0
2011,전북,전북ES,일반용2,103.0,2761.0
2011,전북,전북ES,집단에너지용,0.0,0.0
2011,전북,전북ES,취사용,9125.0,7711.0
2011,제주,제주,개별난방용,10894.0,4561.0
2011,제주,제주,냉난방용,23.0,1235.0
2011,제주,제주,산업용,0.0,0.0
2011,제주,제주,수송용,0.0,0.0
2011,제주,제주,업무난방용,30.0,3554.0
2011,제주,제주,연료전지용,,
2011,제주,제주,열병합용,0.0,0.0
2011,제주,제주,일반용1,120.0,571.0
2011,제주,제주,일반용2,0.0,0.0
2011,제주,제주,집단에너지용,0.0,0.0
2011,제주,제주,취사용,0.0,832.0
2011,충남,서해,개별난방용,75694.0,46678.0
2011,충남,서해,냉난방용,28.0,563.0
2011,충남,서해,산업용,58.0,400186.0
2011,충남,서해,수송용,0.0,0.0
2011,충남,서해,업무난방용,540.0,2697.0
2011,충남,서해,연료전지용,,
2011,충남,서해,열병합용,3.0,312.0
2011,충남,서해,일반용1,752.0,5872.0
2011,충남,서해,일반용2,0.0,0.0
2011,충남,서해,집단에너지용,1.0,453.0
2011,충남,서해,취사용,2009.0,8800.0
2011,충남,중부,개별난방용,279137.0,176952.0
2011,충남,중부,냉난방용,316.0,6017.0
2011,충남,중부,산업용,367.0,437144.0
2011,충남,중부,수송용,2.0,14053.0
2011,충남,중부,업무난방용,2963.0,21847.0
2011,충남,중부,연료전지용,,
2011,충남,중부,열병합용,10.0,27121.0
2011,충남,중부,일반용1,3345.0,10161.0
2011,충남,중부,일반용2,1427.0,22579.0
2011,충남,중부,집단에너지용,4.0,2717.0
2011,충남,중부,취사용,23265.0,39510.0
2011,충남,충남,개별난방용,11186.0,8000.0
2011,충남,충남,냉난방용,38.0,159.0
2011,충남,충남,산업용,0.0,0.0
2011,충남,충남,수송용,0.0,0.0
2011,충남,충남,업무난방용,100.0,741.0
2011,충남,충남,연료전지용,,
2011,충남,충남,열병합용,3.0,780.0
2011,충남,충남,일반용1,266.0,1130.0
2011,충남,충남,일반용2,7.0,460.0
2011,충남,충남,집단에너지용,4.0,1865.0
2011,충남,충남,취사용,1722.0,1632.0
2011,충북,참빛충북,개별난방용,39950.0,30055.0
2011,충북,참빛충북,냉난방용,17.0,388.0
2011,충북,참빛충북,산업용,99.0,38151.0
2011,충북,참빛충북,수송용,0.0,0.0
2011,충북,참빛충북,업무난방용,205.0,2531.0
2011,충북,참빛충북,연료전지용,,
2011,충북,참빛충북,열병합용,0.0,0.0
2011,충북,참빛충북,일반용1,518.0,2508.0
2011,충북,참빛충북,일반용2,0.0,0.0
2011,충북,참빛충북,집단에너지용,0.0,0.0
2011,충북,참빛충북,취사용,2873.0,155.0
2011,충북,충청ES,개별난방용,207776.0,151804.0
2011,충북,충청ES,냉난방용,161.0,3078.0
2011,충북,충청ES,산업용,323.0,354501.0
2011,충북,충청ES,수송용,3.0,16715.0
2011,충북,충청ES,업무난방용,5848.0,18683.0
2011,충북,충청ES,연료전지용,,
2011,충북,충청ES,열병합용,4.0,2060.0
2011,충북,충청ES,일반용1,10653.0,23785.0
2011,충북,충청ES,일반용2,0.0,0.0
2011,충북,충청ES,집단에너지용,4.0,2391.0
2011,충북,충청ES,취사용,83061.0,4506.0
2012,강원,강원,개별난방용,87633.0,77241.0
2012,강원,강원,냉난방용,151.0,1924.0
2012,강원,강원,산업용,86.0,15512.0
2012,강원,강원,수송용,2.0,5519.0
2012,강원,강원,업무난방용,1438.0,10640.0
2012,강원,강원,연료전지용,,
2012,강원,강원,열병합용,28.0,1202.0
2012,강원,강원,일반용1,3416.0,16337.0
2012,강원,강원,일반용2,22.0,1245.0
2012,강원,강원,집단에너지용,7.0,1487.0
2012,강원,강원,취사용,11289.0,801.0
2012,강원,참빛,개별난방용,18456.0,10031.0
2012,강원,참빛,냉난방용,11.0,80.0
2012,강원,참빛,산업용,0.0,0.0
2012,강원,참빛,수송용,0.0,0.0
2012,강원,참빛,업무난방용,216.0,1522.0
2012,강원,참빛,연료전지용,,
2012,강원,참빛,열병합용,0.0,0.0
2012,강원,참빛,일반용1,105.0,453.0
2012,강원,참빛,일반용2,10.0,2835.0
2012,강원,참빛,집단에너지용,0.0,0.0
2012,강원,참빛,취사용,0.0,126.0
2012,강원,참빛영동,개별난방용,30382.0,18300.0
2012,강원,참빛영동,냉난방용,1.0,238.0
2012,강원,참빛영동,산업용,11.0,3369.0
2012,강원,참빛영동,수송용,0.0,0.0
2012,강원,참빛영동,업무난방용,44.0,1576.0
2012,강원,참빛영동,연료전지용,,
2012,강원,참빛영동,열병합용,0.0,0.0
2012,강원,참빛영동,일반용1,225.0,2488.0
2012,강원,참빛영동,일반용2,1.0,62.0
2012,강원,참빛영동,집단에너지용,0.0,0.0
2012,강원,참빛영동,취사용,1059.0,304.0
2012,강원,참빛원주,개별난방용,94008.0,70193.0
2012,강원,참빛원주,냉난방용,110.0,1419.0
2012,강원,참빛원주,산업용,114.0,28556.0
2012,강원,참빛원주,수송용,2.0,8130.0
2012,강원,참빛원주,업무난방용,876.0,6299.0
2012,강원,참빛원주,연료전지용,,
2012,강원,참빛원주,열병합용,3.0,1045.0
2012,강원,참빛원주,일반용1,1810.0,6371.0
2012,강원,참빛원주,일반용2,27.0,2128.0
2012,강원,참빛원주,집단에너지용,4.0,804.0
2012,강원,참빛원주,취사용,2777.0,281.0
2012,경기,대륜,개별난방용,239709.0,188117.0
2012,경기,대륜,냉난방용,147.0,2260.0
2012,경기,대륜,산업용,541.0,83658.0
2012,경기,대륜,수송용,4.0,26812.0
2012,경기,대륜,업무난방용,2479.0,17308.0
2012,경기,대륜,연료전지용,,
2012,경기,대륜,열병합용,9.0,9232.0
2012,경기,대륜,일반용1,7395.0,21500.0
2012,경기,대륜,일반용2,77.0,5730.0
2012,경기,대륜,집단에너지용,7.0,7534.0
2012,경기,대륜,취사용,22245.0,35021.0
2012,경기,삼천리,개별난방용,1578166.0,1074938.0
2012,경기,삼천리,냉난방용,1133.0,32492.0
2012,경기,삼천리,산업용,1866.0,1082405.0
2012,경기,삼천리,수송용,23.0,167264.0
2012,경기,삼천리,업무난방용,25796.0,169923.0
2012,경기,삼천리,연료전지용,,
2012,경기,삼천리,열병합용,124.0,29550.0
2012,경기,삼천리,일반용1,41026.0,172175.0
2012,경기,삼천리,일반용2,850.0,56935.0
2012,경기,삼천리,집단에너지용,39.0,193684.0
2012,경기,삼천리,취사용,700066.0,238190.0
2012,경기,서울,개별난방용,238786.0,180487.0
2012,경기,서울,냉난방용,383.0,8661.0
2012,경기,서울,산업용,336.0,61022.0
2012,경기,서울,수송용,9.0,65248.0
2012,경기,서울,업무난방용,6220.0,20627.0
2012,경기,서울,연료전지용,,
2012,경기,서울,열병합용,7.0,81906.0
2012,경기,서울,일반용1,16957.0,47571.0
2012,경기,서울,일반용2,302.0,10846.0
2012,경기,서울,집단에너지용,3.0,555.0
2012,경기,서울,취사용,261135.0,44126.0
2012,경기,예스코,개별난방용,233554.0,190329.0
2012,경기,예스코,냉난방용,0.0,2880.0
2012,경기,예스코,산업용,462.0,9587.0
2012,경기,예스코,수송용,7.0,29649.0
2012,경기,예스코,업무난방용,1778.0,9301.0
2012,경기,예스코,연료전지용,,
2012,경기,예스코,열병합용,44.0,926.0
2012,경기,예스코,일반용1,7245.0,21237.0
2012,경기,예스코,일반용2,82.0,5666.0
2012,경기,예스코,집단에너지용,4.0,7002.0
2012,경기,예스코,취사용,16372.0,30656.0
2012,경기,인천,개별난방용,3367.0,1642.0
2012,경기,인천,냉난방용,7.0,185.0
2012,경기,인천,산업용,37.0,7047.0
2012,경기,인천,수송용,1.0,3087.0
2012,경기,인천,업무난방용,64.0,593.0
2012,경기,인천,연료전지용,,
2012,경기,인천,열병합용,0.0,0.0
2012,경기,인천,일반용1,118.0,428.0
2012,경기,인천,일반용2,2.0,511.0
2012,경기,인천,집단에너지용,0.0,0.0
2012,경기,인천,취사용,3.0,375.0
2012,경기,코원ES,개별난방용,390589.0,299198.0
2012,경기,코원ES,냉난방용,514.0,10106.0
2012,경기,코원ES,산업용,723.0,201762.0
2012,경기,코원ES,수송용,6.0,60277.0
2012,경기,코원ES,업무난방용,7235.0,39542.0
2012,경기,코원ES,연료전지용,,
2012,경기,코원ES,열병합용,22.0,1360.0
2012,경기,코원ES,일반용1,25652.0,65516.0
2012,경기,코원ES,일반용2,1005.0,16633.0
2012,경기,코원ES,집단에너지용,2.0,0.0
2012,경기,코원ES,취사용,191140.0,62039.0
2012,경남,경남,개별난방용,476298.0,231449.0
2012,경남,경남,냉난방용,340.0,9140.0
2012,경남,경남,산업용,780.0,415175.0
2012,경남,경남,수송용,8.0,48784.0
2012,경남,경남,업무난방용,1235.0,25896.0
2012,경남,경남,연료전지용,,
2012,경남,경남,열병합용,7.0,3383.0
2012,경남,경남,일반용1,32069.0,40210.0
2012,경남,경남,일반용2,327.0,15162.0
2012,경남,경남,집단에너지용,5.0,19630.0
2012,경남,경남,취사용,45996.0,68383.0
2012,경남,경동,개별난방용,55743.0,32584.0
2012,경남,경동,냉난방용,34.0,888.0
2012,경남,경동,산업용,255.0,143748.0
2012,경남,경동,수송용,1.0,3351.0
2012,경남,경동,업무난방용,244.0,1179.0
2012,경남,경동,연료전지용,,
2012,경남,경동,열병합용,0.0,0.0
2012,경남,경동,일반용1,2123.0,6225.0
2012,경남,경동,일반용2,43.0,3912.0
2012,경남,경동,집단에너지용,1.0,11943.0
2012,경남,경동,취사용,18873.0,9606.0
2012,경남,지에스이,개별난방용,87958.0,52350.0
2012,경남,지에스이,냉난방용,88.0,1552.0
2012,경남,지에스이,산업용,137.0,43060.0
2012,경남,지에스이,수송용,2.0,11620.0
2012,경남,지에스이,업무난방용,332.0,4663.0
2012,경남,지에스이,연료전지용,,
2012,경남,지에스이,열병합용,4.0,1185.0
2012,경남,지에스이,일반용1,2052.0,4620.0
2012,경남,지에스이,일반용2,65.0,4588.0
2012,경남,지에스이,집단에너지용,6.0,3717.0
2012,경남,지에스이,취사용,8583.0,606.0
2012,경북,대성,개별난방용,94262.0,46767.0
2012,경북,대성,냉난방용,157.0,1349.0
2012,경북,대성,산업용,127.0,46115.0
2012,경북,대성,수송용,3.0,21834.0
2012,경북,대성,업무난방용,327.0,4839.0
2012,경북,대성,연료전지용,,
2012,경북,대성,열병합용,2.0,396.0
2012,경북,대성,일반용1,1216.0,3068.0
2012,경북,대성,일반용2,87.0,2844.0
2012,경북,대성,집단에너지용,1.0,234.0
2012,경북,대성,취사용,2619.0,10901.0
2012,경북,대성청정,개별난방용,36831.0,24700.0
2012,경북,대성청정,냉난방용,42.0,687.0
2012,경북,대성청정,산업용,50.0,44431.0
2012,경북,대성청정,수송용,0.0,0.0
2012,경북,대성청정,업무난방용,230.0,1701.0
2012,경북,대성청정,연료전지용,,
2012,경북,대성청정,열병합용,0.0,0.0
2012,경북,대성청정,일반용1,1311.0,3657.0
2012,경북,대성청정,일반용2,0.0,0.0
2012,경북,대성청정,집단에너지용,0.0,0.0
2012,경북,대성청정,취사용,7637.0,1448.0
2012,경북,서라벌,개별난방용,66027.0,37905.0
2012,경북,서라벌,냉난방용,45.0,924.0
2012,경북,서라벌,산업용,94.0,85395.0
2012,경북,서라벌,수송용,1.0,5649.0
2012,경북,서라벌,업무난방용,380.0,3851.0
2012,경북,서라벌,연료전지용,,
2012,경북,서라벌,열병합용,0.0,0.0
2012,경북,서라벌,일반용1,1490.0,17690.0
2012,경북,서라벌,일반용2,0.0,0.0
2012,경북,서라벌,집단에너지용,0.0,0.0
2012,경북,서라벌,취사용,2457.0,8101.0
2012,경북,영남ES,개별난방용,194565.0,118381.0
2012,경북,영남ES,냉난방용,134.0,2116.0
2012,경북,영남ES,산업용,308.0,403932.0
2012,경북,영남ES,수송용,1.0,5192.0
2012,경북,영남ES,업무난방용,1620.0,11735.0
2012,경북,영남ES,연료전지용,,
2012,경북,영남ES,열병합용,2.0,1002.0
2012,경북,영남ES,일반용1,5386.0,10344.0
2012,경북,영남ES,일반용2,567.0,11576.0
2012,경북,영남ES,집단에너지용,4.0,9153.0
2012,경북,영남ES,취사용,4852.0,24084.0
2012,경북,포항,개별난방용,148543.0,87746.0
2012,경북,포항,냉난방용,116.0,2208.0
2012,경북,포항,산업용,249.0,331131.0
2012,경북,포항,수송용,1.0,2380.0
2012,경북,포항,업무난방용,1197.0,7186.0
2012,경북,포항,연료전지용,,
2012,경북,포항,열병합용,3.0,4535.0
2012,경북,포항,일반용1,3746.0,13561.0
2012,경북,포항,일반용2,96.0,7980.0
2012,경북,포항,집단에너지용,2.0,2795.0
2012,경북,포항,취사용,12241.0,19802.0
2012,광주,해양,개별난방용,464248.0,254824.0
2012,광주,해양,냉난방용,550.0,19131.0
2012,광주,해양,산업용,680.0,116996.0
2012,광주,해양,수송용,6.0,40168.0
2012,광주,해양,업무난방용,7110.0,45186.0
2012,광주,해양,연료전지용,,
2012,광주,해양,열병합용,30.0,1189.0
2012,광주,해양,일반용1,14350.0,46945.0
2012,광주,해양,일반용2,230.0,12444.0
2012,광주,해양,집단에너지용,2.0,14.0
2012,광주,해양,취사용,59285.0,62379.0
2012,대구,대성,개별난방용,622289.0,371908.0
2012,대구,대성,냉난방용,727.0,15137.0
2012,대구,대성,산업용,1312.0,273662.0
2012,대구,대성,수송용,8.0,61888.0
2012,대구,대성,업무난방용,3808.0,40061.0
2012,대구,대성,연료전지용,,
2012,대구,대성,열병합용,26.0,26783.0
2012,대구,대성,일반용1,16639.0,37957.0
2012,대구,대성,일반용2,1158.0,38596.0
2012,대구,대성,집단에너지용,34.0,16485.0
2012,대구,대성,취사용,153183.0,83655.0
2012,대전,충남,개별난방용,412620.0,287675.0
2012,대전,충남,냉난방용,930.0,15926.0
2012,대전,충남,산업용,586.0,123734.0
2012,대전,충남,수송용,5.0,24247.0
2012,대전,충남,업무난방용,6162.0,65630.0
2012,대전,충남,연료전지용,,
2012,대전,충남,열병합용,19.0,6522.0
2012,대전,충남,일반용1,13827.0,60829.0
2012,대전,충남,일반용2,202.0,10853.0
2012,대전,충남,집단에너지용,36.0,130015.0
2012,대전,충남,취사용,117679.0,57427.0
2012,부산,부산,개별난방용,949346.0,467647.0
2012,부산,부산,냉난방용,1760.0,27355.0
2012,부산,부산,산업용,892.0,433520.0
2012,부산,부산,수송용,15.0,95006.0
2012,부산,부산,업무난방용,3773.0,50338.0
2012,부산,부산,연료전지용,,
2012,부산,부산,열병합용,18.0,19260.0
2012,부산,부산,일반용1,34469.0,87842.0
2012,부산,부산,일반용2,1307.0,35027.0
2012,부산,부산,집단에너지용,2.0,24533.0
2012,부산,부산,취사용,109927.0,119198.0
2012,서울,강남,개별난방용,293096.0,205222.0
2012,서울,강남,냉난방용,319.0,5970.0
2012,서울,강남,산업용,147.0,9042.0
2012,서울,강남,수송용,4.0,41593.0
2012,서울,강남,업무난방용,9040.0,30976.0
2012,서울,강남,연료전지용,,
2012,서울,강남,열병합용,8.0,4418.0
2012,서울,강남,일반용1,9147.0,32708.0
2012,서울,강남,일반용2,82.0,6225.0
2012,서울,강남,집단에너지용,10.0,9831.0
2012,서울,강남,취사용,40054.0,38945.0
2012,서울,대륜,개별난방용,389355.0,306632.0
2012,서울,대륜,냉난방용,476.0,6437.0
2012,서울,대륜,산업용,164.0,3334.0
2012,서울,대륜,수송용,8.0,63135.0
2012,서울,대륜,업무난방용,4449.0,38043.0
2012,서울,대륜,연료전지용,,
2012,서울,대륜,열병합용,7.0,5341.0
2012,서울,대륜,일반용1,13115.0,42270.0
2012,서울,대륜,일반용2,167.0,12655.0
2012,서울,대륜,집단에너지용,8.0,89205.0
2012,서울,대륜,취사용,144929.0,65038.0
2012,서울,서울,개별난방용,1215424.0,916062.0
2012,서울,서울,냉난방용,1721.0,37486.0
2012,서울,서울,산업용,102.0,6453.0
2012,서울,서울,수송용,8.0,75642.0
2012,서울,서울,업무난방용,48716.0,150204.0
2012,서울,서울,연료전지용,,
2012,서울,서울,열병합용,74.0,12599.0
2012,서울,서울,일반용1,58268.0,187624.0
2012,서울,서울,일반용2,519.0,28174.0
2012,서울,서울,집단에너지용,6.0,117813.0
2012,서울,서울,취사용,232362.0,151126.0
2012,서울,예스코,개별난방용,821472.0,593017.0
2012,서울,예스코,냉난방용,0.0,47836.0
2012,서울,예스코,산업용,1463.0,15004.0
2012,서울,예스코,수송용,7.0,45218.0
2012,서울,예스코,업무난방용,15649.0,145495.0
2012,서울,예스코,연료전지용,,
2012,서울,예스코,열병합용,25.0,7964.0
2012,서울,예스코,일반용1,41639.0,160997.0
2012,서울,예스코,일반용2,387.0,26910.0
2012,서울,예스코,집단에너지용,19.0,5628.0
2012,서울,예스코,취사용,48195.0,99633.0
2012,서울,코원ES,개별난방용,487333.0,384235.0
2012,서울,코원ES,냉난방용,2374.0,46182.0
2012,서울,코원ES,산업용,65.0,5240.0
2012,서울,코원ES,수송용,6.0,61211.0
2012,서울,코원ES,업무난방용,25678.0,156566.0
2012,서울,코원ES,연료전지용,,
2012,서울,코원ES,열병합용,119.0,48366.0
2012,서울,코원ES,일반용1,42560.0,152273.0
2012,서울,코원ES,일반용2,998.0,24098.0
2012,서울,코원ES,집단에너지용,14.0,111783.0
2012,서울,코원ES,취사용,248953.0,77319.0
2012,울산,경동,개별난방용,358176.0,226568.0
2012,울산,경동,냉난방용,215.0,4520.0
2012,울산,경동,산업용,323.0,2346098.0
2012,울산,경동,수송용,5.0,31057.0
2012,울산,경동,업무난방용,2623.0,15499.0
2012,울산,경동,연료전지용,,
2012,울산,경동,열병합용,2.0,407.0
2012,울산,경동,일반용1,11833.0,39070.0
2012,울산,경동,일반용2,216.0,13480.0
2012,울산,경동,집단에너지용,0.0,0.0
2012,울산,경동,취사용,6074.0,48431.0
2012,인천,삼천리,개별난방용,273548.0,187878.0
2012,인천,삼천리,냉난방용,211.0,4822.0
2012,인천,삼천리,산업용,566.0,361588.0
2012,인천,삼천리,수송용,6.0,46015.0
2012,인천,삼천리,업무난방용,3277.0,23519.0
2012,인천,삼천리,연료전지용,,
2012,인천,삼천리,열병합용,13.0,3153.0
2012,인천,삼천리,일반용1,6812.0,32026.0
2012,인천,삼천리,일반용2,127.0,8452.0
2012,인천,삼천리,집단에너지용,11.0,34876.0
2012,인천,삼천리,취사용,72432.0,37152.0
2012,인천,인천,개별난방용,513961.0,351346.0
2012,인천,인천,냉난방용,372.0,7771.0
2012,인천,인천,산업용,211.0,225050.0
2012,인천,인천,수송용,8.0,63354.0
2012,인천,인천,업무난방용,8463.0,34596.0
2012,인천,인천,연료전지용,,
2012,인천,인천,열병합용,2.0,944.0
2012,인천,인천,일반용1,11299.0,49754.0
2012,인천,인천,일반용2,266.0,25343.0
2012,인천,인천,집단에너지용,0.0,0.0
2012,인천,인천,취사용,112874.0,72208.0
2012,전남,대화,개별난방용,51867.0,32159.0
2012,전남,대화,냉난방용,41.0,1170.0
2012,전남,대화,산업용,72.0,74996.0
2012,전남,대화,수송용,2.0,8228.0
2012,전남,대화,업무난방용,393.0,4013.0
2012,전남,대화,연료전지용,,
2012,전남,대화,열병합용,2.0,4108.0
2012,전남,대화,일반용1,721.0,3042.0
2012,전남,대화,일반용2,27.0,2785.0
2012,전남,대화,집단에너지용,2.0,5275.0
2012,전남,대화,취사용,8522.0,8452.0
2012,전남,목포,개별난방용,69867.0,40084.0
2012,전남,목포,냉난방용,97.0,1646.0
2012,전남,목포,산업용,108.0,38303.0
2012,전남,목포,수송용,1.0,6498.0
2012,전남,목포,업무난방용,230.0,3743.0
2012,전남,목포,연료전지용,,
2012,전남,목포,열병합용,1.0,613.0
2012,전남,목포,일반용1,1768.0,7961.0
2012,전남,목포,일반용2,22.0,2462.0
2012,전남,목포,집단에너지용,0.0,0.0
2012,전남,목포,취사용,12969.0,8686.0
2012,전남,전남,개별난방용,105741.0,61744.0
2012,전남,전남,냉난방용,144.0,2111.0
2012,전남,전남,산업용,125.0,103811.0
2012,전남,전남,수송용,1.0,6988.0
2012,전남,전남,업무난방용,857.0,5427.0
2012,전남,전남,연료전지용,,
2012,전남,전남,열병합용,0.0,0.0
2012,전남,전남,일반용1,2403.0,7015.0
2012,전남,전남,일반용2,29.0,3067.0
2012,전남,전남,집단에너지용,0.0,0.0
2012,전남,전남,취사용,6935.0,7698.0
2012,전남,해양,개별난방용,26078.0,10375.0
2012,전남,해양,냉난방용,38.0,662.0
2012,전남,해양,산업용,98.0,46199.0
2012,전남,해양,수송용,1.0,1661.0
2012,전남,해양,업무난방용,188.0,2906.0
2012,전남,해양,연료전지용,,
2012,전남,해양,열병합용,17.0,23.0
2012,전남,해양,일반용1,458.0,1581.0
2012,전남,해양,일반용2,9.0,265.0
2012,전남,해양,집단에너지용,0.0,6.0
2012,전남,해양,취사용,1082.0,2709.0
2012,전북,군산,개별난방용,80855.0,48587.0
2012,전북,군산,냉난방용,46.0,765.0
2012,전북,군산,산업용,94.0,229026.0
2012,전북,군산,수송용,1.0,4685.0
2012,전북,군산,업무난방용,506.0,3372.0
2012,전북,군산,연료전지용,,
2012,전북,군산,열병합용,2.0,4545.0
2012,전북,군산,일반용1,811.0,4558.0
2012,전북,군산,일반용2,0.0,0.0
2012,전북,군산,집단에너지용,2.0,799.0
2012,전북,군산,취사용,4605.0,5744.0
2012,전북,전북,개별난방용,252497.0,152772.0
2012,전북,전북,냉난방용,207.0,4247.0
2012,전북,전북,산업용,321.0,152902.0
2012,전북,전북,수송용,3.0,14946.0
2012,전북,전북,업무난방용,2661.0,12869.0
2012,전북,전북,연료전지용,,
2012,전북,전북,열병합용,5.0,101.0
2012,전북,전북,일반용1,6916.0,26814.0
2012,전북,전북,일반용2,0.0,0.0
2012,전북,전북,집단에너지용,3.0,493.0
2012,전북,전북,취사용,12081.0,24539.0
2012,전북,전북ES,개별난방용,76602.0,47284.0
2012,전북,전북ES,냉난방용,98.0,1264.0
2012,전북,전북ES,산업용,90.0,44872.0
2012,전북,전북ES,수송용,1.0,5860.0
2012,전북,전북ES,업무난방용,641.0,4833.0
2012,전북,전북ES,연료전지용,,
2012,전북,전북ES,열병합용,2.0,805.0
2012,전북,전북ES,일반용1,1297.0,4512.0
2012,전북,전북ES,일반용2,113.0,2633.0
2012,전북,전북ES,집단에너지용,2.0,869.0
2012,전북,전북ES,취사용,9776.0,8277.0
2012,제주,제주,개별난방용,12239.0,5388.0
2012,제주,제주,냉난방용,14.0,1039.0
2012,제주,제주,산업용,0.0,0.0
2012,제주,제주,수송용,0.0,0.0
2012,제주,제주,업무난방용,13.0,3659.0
2012,제주,제주,연료전지용,,
2012,제주,제주,열병합용,0.0,0.0
2012,제주,제주,일반용1,118.0,624.0
2012,제주,제주,일반용2,0.0,0.0
2012,제주,제주,집단에너지용,0.0,0.0
2012,제주,제주,취사용,0.0,968.0
2012,충남,서해,개별난방용,85051.0,52439.0
2012,충남,서해,냉난방용,31.0,618.0
2012,충남,서해,산업용,74.0,432304.0
2012,충남,서해,수송용,0.0,0.0
2012,충남,서해,업무난방용,601.0,2490.0
2012,충남,서해,연료전지용,,
2012,충남,서해,열병합용,3.0,1360.0
2012,충남,서해,일반용1,911.0,7553.0
2012,충남,서해,일반용2,0.0,0.0
2012,충남,서해,집단에너지용,2.0,1041.0
2012,충남,서해,취사용,2212.0,9999.0
2012,충남,중부,개별난방용,305608.0,184320.0
2012,충남,중부,냉난방용,316.0,5536.0
2012,충남,중부,산업용,397.0,562638.0
2012,충남,중부,수송용,2.0,14952.0
2012,충남,중부,업무난방용,2989.0,20844.0
2012,충남,중부,연료전지용,,
2012,충남,중부,열병합용,9.0,39924.0
2012,충남,중부,일반용1,3853.0,11593.0
2012,충남,중부,일반용2,1710.0,22361.0
2012,충남,중부,집단에너지용,9.0,11564.0
2012,충남,중부,취사용,28280.0,43230.0
2012,충남,충남,개별난방용,12011.0,8239.0
2012,충남,충남,냉난방용,19.0,111.0
2012,충남,충남,산업용,3.0,530.0
2012,충남,충남,수송용,0.0,0.0
2012,충남,충남,업무난방용,209.0,2268.0
2012,충남,충남,연료전지용,,
2012,충남,충남,열병합용,3.0,584.0
2012,충남,충남,일반용1,306.0,1288.0
2012,충남,충남,일반용2,7.0,364.0
2012,충남,충남,집단에너지용,4.0,1591.0
2012,충남,충남,취사용,1024.0,1569.0
2012,충북,참빛충북,개별난방용,43139.0,32618.0
2012,충북,참빛충북,냉난방용,12.0,428.0
2012,충북,참빛충북,산업용,55.0,46742.0
2012,충북,참빛충북,수송용,0.0,0.0
2012,충북,참빛충북,업무난방용,149.0,2295.0
2012,충북,참빛충북,연료전지용,,
2012,충북,참빛충북,열병합용,0.0,0.0
2012,충북,참빛충북,일반용1,534.0,3568.0
2012,충북,참빛충북,일반용2,0.0,0.0
2012,충북,참빛충북,집단에너지용,0.0,0.0
2012,충북,참빛충북,취사용,1573.0,151.0
2012,충북,충청ES,개별난방용,230337.0,163286.0
2012,충북,충청ES,냉난방용,189.0,3235.0
2012,충북,충청ES,산업용,352.0,396134.0
2012,충북,충청ES,수송용,3.0,17811.0
2012,충북,충청ES,업무난방용,6098.0,20789.0
2012,충북,충청ES,연료전지용,,
2012,충북,충청ES,열병합용,4.0,2058.0
2012,충북,충청ES,일반용1,11432.0,24964.0
2012,충북,충청ES,일반용2,0.0,0.0
2012,충북,충청ES,집단에너지용,4.0,2515.0
2012,충북,충청ES,취사용,82268.0,4459.0
2013,강원,강원,개별난방용,93065.0,77774.0
2013,강원,강원,냉난방용,167.0,4765.0
2013,강원,강원,산업용,88.0,15096.0
2013,강원,강원,수송용,2.0,6493.0
2013,강원,강원,업무난방용,1504.0,7332.0
2013,강원,강원,연료전지용,,
2013,강원,강원,열병합용,28.0,1028.0
2013,강원,강원,일반용1,3529.0,8219.0
2013,강원,강원,일반용2,25.0,9254.0
2013,강원,강원,집단에너지용,7.0,1439.0
2013,강원,강원,취사용,10893.0,741.0
2013,강원,참빛,개별난방용,19263.0,9255.0
2013,강원,참빛,냉난방용,11.0,284.0
2013,강원,참빛,산업용,0.0,0.0
2013,강원,참빛,수송용,0.0,0.0
2013,강원,참빛,업무난방용,208.0,1069.0
2013,강원,참빛,연료전지용,,
2013,강원,참빛,열병합용,0.0,0.0
2013,강원,참빛,일반용1,124.0,711.0
2013,강원,참빛,일반용2,22.0,3447.0
2013,강원,참빛,집단에너지용,0.0,0.0
2013,강원,참빛,취사용,0.0,170.0
2013,강원,참빛영동,개별난방용,33177.0,19746.0
2013,강원,참빛영동,냉난방용,16.0,595.0
2013,강원,참빛영동,산업용,10.0,3693.0
2013,강원,참빛영동,수송용,0.0,0.0
2013,강원,참빛영동,업무난방용,29.0,1331.0
2013,강원,참빛영동,연료전지용,,
2013,강원,참빛영동,열병합용,0.0,0.0
2013,강원,참빛영동,일반용1,334.0,2787.0
2013,강원,참빛영동,일반용2,1.0,111.0
2013,강원,참빛영동,집단에너지용,0.0,0.0
2013,강원,참빛영동,취사용,2802.0,153.0
2013,강원,참빛원주,개별난방용,96983.0,72088.0
2013,강원,참빛원주,냉난방용,93.0,3068.0
2013,강원,참빛원주,산업용,115.0,31508.0
2013,강원,참빛원주,수송용,2.0,8343.0
2013,강원,참빛원주,업무난방용,938.0,4801.0
2013,강원,참빛원주,연료전지용,,
2013,강원,참빛원주,열병합용,3.0,886.0
2013,강원,참빛원주,일반용1,2015.0,6782.0
2013,강원,참빛원주,일반용2,28.0,3807.0
2013,강원,참빛원주,집단에너지용,4.0,893.0
2013,강원,참빛원주,취사용,3250.0,204.0
2013,경기,대륜,개별난방용,245660.0,178210.0
2013,경기,대륜,냉난방용,151.0,4552.0
2013,경기,대륜,산업용,591.0,94823.0
2013,경기,대륜,수송용,5.0,27774.0
2013,경기,대륜,업무난방용,2576.0,14315.0
2013,경기,대륜,연료전지용,,
2013,경기,대륜,열병합용,9.0,1882.0
2013,경기,대륜,일반용1,7782.0,21867.0
2013,경기,대륜,일반용2,81.0,5153.0
2013,경기,대륜,집단에너지용,8.0,11434.0
2013,경기,대륜,취사용,23000.0,36005.0
2013,경기,삼천리,개별난방용,1625502.0,1043497.0
2013,경기,삼천리,냉난방용,1206.0,63759.0
2013,경기,삼천리,산업용,1886.0,1105725.0
2013,경기,삼천리,수송용,27.0,182344.0
2013,경기,삼천리,업무난방용,25962.0,132677.0
2013,경기,삼천리,연료전지용,,
2013,경기,삼천리,열병합용,177.0,66888.0
2013,경기,삼천리,일반용1,43251.0,179641.0
2013,경기,삼천리,일반용2,866.0,57489.0
2013,경기,삼천리,집단에너지용,37.0,142432.0
2013,경기,삼천리,취사용,711531.0,242740.0
2013,경기,서울,개별난방용,247255.0,177145.0
2013,경기,서울,냉난방용,412.0,13094.0
2013,경기,서울,산업용,363.0,64599.0
2013,경기,서울,수송용,9.0,65944.0
2013,경기,서울,업무난방용,6321.0,14918.0
2013,경기,서울,연료전지용,,
2013,경기,서울,열병합용,8.0,33126.0
2013,경기,서울,일반용1,18158.0,50205.0
2013,경기,서울,일반용2,319.0,11195.0
2013,경기,서울,집단에너지용,2.0,304.0
2013,경기,서울,취사용,280741.0,45501.0
2013,경기,예스코,개별난방용,243875.0,191810.0
2013,경기,예스코,냉난방용,123.0,5763.0
2013,경기,예스코,산업용,532.0,11515.0
2013,경기,예스코,수송용,7.0,30657.0
2013,경기,예스코,업무난방용,1749.0,5791.0
2013,경기,예스코,연료전지용,,
2013,경기,예스코,열병합용,44.0,43699.0
2013,경기,예스코,일반용1,7863.0,22286.0
2013,경기,예스코,일반용2,93.0,5955.0
2013,경기,예스코,집단에너지용,4.0,6948.0
2013,경기,예스코,취사용,20292.0,32013.0
2013,경기,인천,개별난방용,3707.0,1755.0
2013,경기,인천,냉난방용,8.0,371.0
2013,경기,인천,산업용,46.0,8282.0
2013,경기,인천,수송용,1.0,2804.0
2013,경기,인천,업무난방용,109.0,341.0
2013,경기,인천,연료전지용,,
2013,경기,인천,열병합용,0.0,0.0
2013,경기,인천,일반용1,141.0,483.0
2013,경기,인천,일반용2,2.0,545.0
2013,경기,인천,집단에너지용,0.0,0.0
2013,경기,인천,취사용,1.0,406.0
2013,경기,코원ES,개별난방용,431819.0,295889.0
2013,경기,코원ES,냉난방용,679.0,15751.0
2013,경기,코원ES,산업용,765.0,200759.0
2013,경기,코원ES,수송용,6.0,66307.0
2013,경기,코원ES,업무난방용,8393.0,32700.0
2013,경기,코원ES,연료전지용,,
2013,경기,코원ES,열병합용,44.0,897.0
2013,경기,코원ES,일반용1,27742.0,66275.0
2013,경기,코원ES,일반용2,382.0,15525.0
2013,경기,코원ES,집단에너지용,2.0,425.0
2013,경기,코원ES,취사용,171351.0,61861.0
2013,경남,경남,개별난방용,501256.0,302543.0
2013,경남,경남,냉난방용,363.0,16247.0
2013,경남,경남,산업용,826.0,440875.0
2013,경남,경남,수송용,8.0,50627.0
2013,경남,경남,업무난방용,1255.0,15879.0
2013,경남,경남,연료전지용,,
2013,경남,경남,열병합용,7.0,3097.0
2013,경남,경남,일반용1,44203.0,45223.0
2013,경남,경남,일반용2,329.0,13755.0
2013,경남,경남,집단에너지용,2.0,15124.0
2013,경남,경남,취사용,45992.0,2830.0
2013,경남,경동,개별난방용,64579.0,30909.0
2013,경남,경동,냉난방용,32.0,1210.0
2013,경남,경동,산업용,265.0,118766.0
2013,경남,경동,수송용,1.0,3488.0
2013,경남,경동,업무난방용,251.0,781.0
2013,경남,경동,연료전지용,,
2013,경남,경동,열병합용,0.0,0.0
2013,경남,경동,일반용1,2312.0,6473.0
2013,경남,경동,일반용2,44.0,3929.0
2013,경남,경동,집단에너지용,1.0,12280.0
2013,경남,경동,취사용,14536.0,9825.0
2013,경남,지에스이,개별난방용,101405.0,57082.0
2013,경남,지에스이,냉난방용,88.0,3214.0
2013,경남,지에스이,산업용,155.0,40291.0
2013,경남,지에스이,수송용,2.0,12093.0
2013,경남,지에스이,업무난방용,356.0,1843.0
2013,경남,지에스이,연료전지용,,
2013,경남,지에스이,열병합용,4.0,945.0
2013,경남,지에스이,일반용1,2336.0,4845.0
2013,경남,지에스이,일반용2,66.0,4618.0
2013,경남,지에스이,집단에너지용,6.0,19670.0
2013,경남,지에스이,취사용,6906.0,549.0
2013,경북,대성,개별난방용,98839.0,48301.0
2013,경북,대성,냉난방용,160.0,3766.0
2013,경북,대성,산업용,130.0,47515.0
2013,경북,대성,수송용,3.0,21846.0
2013,경북,대성,업무난방용,341.0,1607.0
2013,경북,대성,연료전지용,,
2013,경북,대성,열병합용,2.0,318.0
2013,경북,대성,일반용1,1443.0,3374.0
2013,경북,대성,일반용2,89.0,2340.0
2013,경북,대성,집단에너지용,1.0,525.0
2013,경북,대성,취사용,2574.0,11407.0
2013,경북,대성청정,개별난방용,41973.0,30095.0
2013,경북,대성청정,냉난방용,42.0,1379.0
2013,경북,대성청정,산업용,59.0,65358.0
2013,경북,대성청정,수송용,0.0,0.0
2013,경북,대성청정,업무난방용,287.0,489.0
2013,경북,대성청정,연료전지용,,
2013,경북,대성청정,열병합용,0.0,0.0
2013,경북,대성청정,일반용1,1378.0,5171.0
2013,경북,대성청정,일반용2,0.0,0.0
2013,경북,대성청정,집단에너지용,0.0,0.0
2013,경북,대성청정,취사용,7068.0,774.0
2013,경북,서라벌,개별난방용,71205.0,38155.0
2013,경북,서라벌,냉난방용,50.0,2069.0
2013,경북,서라벌,산업용,109.0,90257.0
2013,경북,서라벌,수송용,1.0,5813.0
2013,경북,서라벌,업무난방용,438.0,2569.0
2013,경북,서라벌,연료전지용,,
2013,경북,서라벌,열병합용,0.0,0.0
2013,경북,서라벌,일반용1,1535.0,16918.0
2013,경북,서라벌,일반용2,0.0,0.0
2013,경북,서라벌,집단에너지용,0.0,0.0
2013,경북,서라벌,취사용,2394.0,7351.0
2013,경북,영남ES,개별난방용,208423.0,115631.0
2013,경북,영남ES,냉난방용,145.0,3877.0
2013,경북,영남ES,산업용,321.0,373303.0
2013,경북,영남ES,수송용,1.0,6150.0
2013,경북,영남ES,업무난방용,1561.0,9418.0
2013,경북,영남ES,연료전지용,,
2013,경북,영남ES,열병합용,2.0,905.0
2013,경북,영남ES,일반용1,5504.0,10147.0
2013,경북,영남ES,일반용2,573.0,11463.0
2013,경북,영남ES,집단에너지용,5.0,12560.0
2013,경북,영남ES,취사용,3907.0,24781.0
2013,경북,포항,개별난방용,154550.0,82976.0
2013,경북,포항,냉난방용,116.0,4665.0
2013,경북,포항,산업용,257.0,322138.0
2013,경북,포항,수송용,1.0,3430.0
2013,경북,포항,업무난방용,1252.0,4501.0
2013,경북,포항,연료전지용,,
2013,경북,포항,열병합용,3.0,5007.0
2013,경북,포항,일반용1,3968.0,14273.0
2013,경북,포항,일반용2,96.0,4008.0
2013,경북,포항,집단에너지용,2.0,2712.0
2013,경북,포항,취사용,12206.0,20354.0
2013,광주,해양,개별난방용,485062.0,241714.0
2013,광주,해양,냉난방용,303.0,43125.0
2013,광주,해양,산업용,711.0,123238.0
2013,광주,해양,수송용,6.0,40604.0
2013,광주,해양,업무난방용,7824.0,16645.0
2013,광주,해양,연료전지용,,
2013,광주,해양,열병합용,33.0,1039.0
2013,광주,해양,일반용1,15519.0,48397.0
2013,광주,해양,일반용2,227.0,10889.0
2013,광주,해양,집단에너지용,2.0,80.0
2013,광주,해양,취사용,59096.0,64632.0
2013,대구,대성,개별난방용,660241.0,374867.0
2013,대구,대성,냉난방용,750.0,33309.0
2013,대구,대성,산업용,1326.0,280979.0
2013,대구,대성,수송용,9.0,68054.0
2013,대구,대성,업무난방용,3920.0,19064.0
2013,대구,대성,연료전지용,,
2013,대구,대성,열병합용,26.0,23272.0
2013,대구,대성,일반용1,17644.0,39330.0
2013,대구,대성,일반용2,1211.0,35722.0
2013,대구,대성,집단에너지용,34.0,9510.0
2013,대구,대성,취사용,152333.0,86368.0
2013,대전,충남,개별난방용,433224.0,279007.0
2013,대전,충남,냉난방용,952.0,39855.0
2013,대전,충남,산업용,233.0,119002.0
2013,대전,충남,수송용,5.0,33254.0
2013,대전,충남,업무난방용,5898.0,37457.0
2013,대전,충남,연료전지용,,
2013,대전,충남,열병합용,33.0,5448.0
2013,대전,충남,일반용1,14852.0,60907.0
2013,대전,충남,일반용2,194.0,10276.0
2013,대전,충남,집단에너지용,36.0,107417.0
2013,대전,충남,취사용,109450.0,57916.0
2013,부산,부산,개별난방용,1005273.0,441381.0
2013,부산,부산,냉난방용,1775.0,54776.0
2013,부산,부산,산업용,938.0,409087.0
2013,부산,부산,수송용,16.0,103938.0
2013,부산,부산,업무난방용,4008.0,16213.0
2013,부산,부산,연료전지용,,
2013,부산,부산,열병합용,17.0,17905.0
2013,부산,부산,일반용1,36973.0,90106.0
2013,부산,부산,일반용2,1317.0,39156.0
2013,부산,부산,집단에너지용,2.0,25517.0
2013,부산,부산,취사용,116306.0,119957.0
2013,서울,강남,개별난방용,299735.0,196414.0
2013,서울,강남,냉난방용,314.0,10974.0
2013,서울,강남,산업용,141.0,8141.0
2013,서울,강남,수송용,4.0,42939.0
2013,서울,강남,업무난방용,8822.0,24462.0
2013,서울,강남,연료전지용,,
2013,서울,강남,열병합용,8.0,3010.0
2013,서울,강남,일반용1,9347.0,32290.0
2013,서울,강남,일반용2,78.0,5119.0
2013,서울,강남,집단에너지용,10.0,8926.0
2013,서울,강남,취사용,39989.0,38568.0
2013,서울,대륜,개별난방용,391238.0,293888.0
2013,서울,대륜,냉난방용,479.0,14158.0
2013,서울,대륜,산업용,164.0,3370.0
2013,서울,대륜,수송용,8.0,63621.0
2013,서울,대륜,업무난방용,4510.0,27480.0
2013,서울,대륜,연료전지용,,
2013,서울,대륜,열병합용,7.0,5022.0
2013,서울,대륜,일반용1,13495.0,42006.0
2013,서울,대륜,일반용2,162.0,9883.0
2013,서울,대륜,집단에너지용,8.0,78761.0
2013,서울,대륜,취사용,144035.0,65453.0
2013,서울,서울,개별난방용,1244454.0,878224.0
2013,서울,서울,냉난방용,1771.0,81345.0
2013,서울,서울,산업용,99.0,6338.0
2013,서울,서울,수송용,8.0,76247.0
2013,서울,서울,업무난방용,48642.0,93122.0
2013,서울,서울,연료전지용,,
2013,서울,서울,열병합용,73.0,10545.0
2013,서울,서울,일반용1,60127.0,187257.0
2013,서울,서울,일반용2,506.0,24169.0
2013,서울,서울,집단에너지용,6.0,113197.0
2013,서울,서울,취사용,232450.0,151331.0
2013,서울,예스코,개별난방용,840140.0,588010.0
2013,서울,예스코,냉난방용,1582.0,89393.0
2013,서울,예스코,산업용,1506.0,14498.0
2013,서울,예스코,수송용,7.0,47153.0
2013,서울,예스코,업무난방용,13612.0,94193.0
2013,서울,예스코,연료전지용,,
2013,서울,예스코,열병합용,29.0,8282.0
2013,서울,예스코,일반용1,42766.0,159085.0
2013,서울,예스코,일반용2,382.0,24503.0
2013,서울,예스코,집단에너지용,18.0,5403.0
2013,서울,예스코,취사용,44084.0,99894.0
2013,서울,코원ES,개별난방용,515164.0,359610.0
2013,서울,코원ES,냉난방용,2816.0,94478.0
2013,서울,코원ES,산업용,74.0,5694.0
2013,서울,코원ES,수송용,6.0,61920.0
2013,서울,코원ES,업무난방용,27568.0,100428.0
2013,서울,코원ES,연료전지용,,
2013,서울,코원ES,열병합용,139.0,44944.0
2013,서울,코원ES,일반용1,45863.0,140773.0
2013,서울,코원ES,일반용2,493.0,19682.0
2013,서울,코원ES,집단에너지용,25.0,107732.0
2013,서울,코원ES,취사용,240230.0,69187.0
2013,세종,중부,개별난방용,18745.0,10807.0
2013,세종,중부,냉난방용,29.0,939.0
2013,세종,중부,산업용,43.0,33660.0
2013,세종,중부,수송용,0.0,0.0
2013,세종,중부,업무난방용,206.0,501.0
2013,세종,중부,연료전지용,,
2013,세종,중부,열병합용,0.0,0.0
2013,세종,중부,일반용1,375.0,952.0
2013,세종,중부,일반용2,189.0,1278.0
2013,세종,중부,집단에너지용,1.0,8348.0
2013,세종,중부,취사용,7374.0,2854.0
2013,세종,충청ES,개별난방용,1727.0,678.0
2013,세종,충청ES,냉난방용,0.0,0.0
2013,세종,충청ES,산업용,10.0,14726.0
2013,세종,충청ES,수송용,0.0,0.0
2013,세종,충청ES,업무난방용,9.0,6.0
2013,세종,충청ES,연료전지용,,
2013,세종,충청ES,열병합용,0.0,0.0
2013,세종,충청ES,일반용1,52.0,136.0
2013,세종,충청ES,일반용2,0.0,0.0
2013,세종,충청ES,집단에너지용,0.0,0.0
2013,세종,충청ES,취사용,0.0,0.0
2013,울산,경동,개별난방용,373034.0,216322.0
2013,울산,경동,냉난방용,217.0,9011.0
2013,울산,경동,산업용,347.0,2544427.0
2013,울산,경동,수송용,5.0,32064.0
2013,울산,경동,업무난방용,2686.0,10017.0
2013,울산,경동,연료전지용,,
2013,울산,경동,열병합용,2.0,387.0
2013,울산,경동,일반용1,12764.0,39895.0
2013,울산,경동,일반용2,208.0,11491.0
2013,울산,경동,집단에너지용,0.0,0.0
2013,울산,경동,취사용,5994.0,49778.0
2013,인천,삼천리,개별난방용,276825.0,179530.0
2013,인천,삼천리,냉난방용,223.0,9639.0
2013,인천,삼천리,산업용,562.0,354668.0
2013,인천,삼천리,수송용,7.0,46127.0
2013,인천,삼천리,업무난방용,3319.0,17652.0
2013,인천,삼천리,연료전지용,,
2013,인천,삼천리,열병합용,27.0,2688.0
2013,인천,삼천리,일반용1,7317.0,33645.0
2013,인천,삼천리,일반용2,131.0,8039.0
2013,인천,삼천리,집단에너지용,11.0,24566.0
2013,인천,삼천리,취사용,71591.0,37695.0
2013,인천,인천,개별난방용,520742.0,346013.0
2013,인천,인천,냉난방용,392.0,17452.0
2013,인천,인천,산업용,235.0,249409.0
2013,인천,인천,수송용,8.0,60787.0
2013,인천,인천,업무난방용,10867.0,27618.0
2013,인천,인천,연료전지용,,
2013,인천,인천,열병합용,3.0,918.0
2013,인천,인천,일반용1,12033.0,51467.0
2013,인천,인천,일반용2,264.0,28177.0
2013,인천,인천,집단에너지용,0.0,0.0
2013,인천,인천,취사용,123269.0,73768.0
2013,전남,대화,개별난방용,56725.0,29690.0
2013,전남,대화,냉난방용,40.0,2284.0
2013,전남,대화,산업용,79.0,140312.0
2013,전남,대화,수송용,2.0,7944.0
2013,전남,대화,업무난방용,401.0,2404.0
2013,전남,대화,연료전지용,,
2013,전남,대화,열병합용,2.0,624.0
2013,전남,대화,일반용1,866.0,2906.0
2013,전남,대화,일반용2,29.0,3150.0
2013,전남,대화,집단에너지용,2.0,2998.0
2013,전남,대화,취사용,6557.0,8747.0
2013,전남,목포,개별난방용,81137.0,41139.0
2013,전남,목포,냉난방용,102.0,3768.0
2013,전남,목포,산업용,118.0,34947.0
2013,전남,목포,수송용,1.0,6664.0
2013,전남,목포,업무난방용,241.0,1588.0
2013,전남,목포,연료전지용,,
2013,전남,목포,열병합용,1.0,385.0
2013,전남,목포,일반용1,2093.0,8188.0
2013,전남,목포,일반용2,24.0,2782.0
2013,전남,목포,집단에너지용,0.0,0.0
2013,전남,목포,취사용,9224.0,9646.0
2013,전남,전남,개별난방용,113031.0,60025.0
2013,전남,전남,냉난방용,146.0,4467.0
2013,전남,전남,산업용,135.0,104341.0
2013,전남,전남,수송용,2.0,7343.0
2013,전남,전남,업무난방용,913.0,3039.0
2013,전남,전남,연료전지용,,
2013,전남,전남,열병합용,0.0,0.0
2013,전남,전남,일반용1,2649.0,7465.0
2013,전남,전남,일반용2,32.0,2709.0
2013,전남,전남,집단에너지용,0.0,0.0
2013,전남,전남,취사용,5350.0,7777.0
2013,전남,해양,개별난방용,36625.0,14278.0
2013,전남,해양,냉난방용,9.0,2409.0
2013,전남,해양,산업용,129.0,60397.0
2013,전남,해양,수송용,1.0,2289.0
2013,전남,해양,업무난방용,325.0,1692.0
2013,전남,해양,연료전지용,,
2013,전남,해양,열병합용,17.0,20.0
2013,전남,해양,일반용1,786.0,2211.0
2013,전남,해양,일반용2,17.0,353.0
2013,전남,해양,집단에너지용,1.0,588.0
2013,전남,해양,취사용,226.0,3390.0
2013,전북,군산,개별난방용,86175.0,50818.0
2013,전북,군산,냉난방용,49.0,1972.0
2013,전북,군산,산업용,104.0,219985.0
2013,전북,군산,수송용,1.0,4892.0
2013,전북,군산,업무난방용,598.0,2131.0
2013,전북,군산,연료전지용,,
2013,전북,군산,열병합용,2.0,4266.0
2013,전북,군산,일반용1,973.0,4837.0
2013,전북,군산,일반용2,0.0,0.0
2013,전북,군산,집단에너지용,2.0,1620.0
2013,전북,군산,취사용,4599.0,5656.0
2013,전북,전북,개별난방용,275842.0,152855.0
2013,전북,전북,냉난방용,183.0,10859.0
2013,전북,전북,산업용,305.0,164606.0
2013,전북,전북,수송용,3.0,16789.0
2013,전북,전북,업무난방용,2386.0,5747.0
2013,전북,전북,연료전지용,,
2013,전북,전북,열병합용,1.0,61.0
2013,전북,전북,일반용1,6340.0,27638.0
2013,전북,전북,일반용2,0.0,0.0
2013,전북,전북,집단에너지용,2.0,455.0
2013,전북,전북,취사용,-1253.0,26585.0
2013,전북,전북ES,개별난방용,85539.0,47279.0
2013,전북,전북ES,냉난방용,100.0,2797.0
2013,전북,전북ES,산업용,104.0,53608.0
2013,전북,전북ES,수송용,1.0,7630.0
2013,전북,전북ES,업무난방용,752.0,2879.0
2013,전북,전북ES,연료전지용,,
2013,전북,전북ES,열병합용,2.0,724.0
2013,전북,전북ES,일반용1,1735.0,4800.0
2013,전북,전북ES,일반용2,122.0,2372.0
2013,전북,전북ES,집단에너지용,4.0,1963.0
2013,전북,전북ES,취사용,10556.0,8286.0
2013,제주,제주,개별난방용,15599.0,5961.0
2013,제주,제주,냉난방용,14.0,1167.0
2013,제주,제주,산업용,0.0,0.0
2013,제주,제주,수송용,0.0,0.0
2013,제주,제주,업무난방용,19.0,2820.0
2013,제주,제주,연료전지용,,
2013,제주,제주,열병합용,0.0,0.0
2013,제주,제주,일반용1,141.0,880.0
2013,제주,제주,일반용2,0.0,0.0
2013,제주,제주,집단에너지용,0.0,0.0
2013,제주,제주,취사용,0.0,1261.0
2013,충남,서해,개별난방용,95260.0,56954.0
2013,충남,서해,냉난방용,32.0,1212.0
2013,충남,서해,산업용,87.0,636442.0
2013,충남,서해,수송용,0.0,0.0
2013,충남,서해,업무난방용,666.0,2174.0
2013,충남,서해,연료전지용,,
2013,충남,서해,열병합용,2.0,66.0
2013,충남,서해,일반용1,1163.0,32133.0
2013,충남,서해,일반용2,0.0,0.0
2013,충남,서해,집단에너지용,1.0,1842.0
2013,충남,서해,취사용,2827.0,11306.0
2013,충남,중부,개별난방용,314052.0,180011.0
2013,충남,중부,냉난방용,310.0,12395.0
2013,충남,중부,산업용,387.0,565496.0
2013,충남,중부,수송용,2.0,15126.0
2013,충남,중부,업무난방용,2939.0,10633.0
2013,충남,중부,연료전지용,,
2013,충남,중부,열병합용,8.0,35777.0
2013,충남,중부,일반용1,4002.0,11987.0
2013,충남,중부,일반용2,1767.0,20340.0
2013,충남,중부,집단에너지용,8.0,4168.0
2013,충남,중부,취사용,22152.0,44260.0
2013,충남,충남,개별난방용,12460.0,7967.0
2013,충남,충남,냉난방용,19.0,337.0
2013,충남,충남,산업용,1.0,890.0
2013,충남,충남,수송용,0.0,0.0
2013,충남,충남,업무난방용,213.0,4230.0
2013,충남,충남,연료전지용,,
2013,충남,충남,열병합용,1.0,250.0
2013,충남,충남,일반용1,340.0,1451.0
2013,충남,충남,일반용2,10.0,297.0
2013,충남,충남,집단에너지용,2.0,672.0
2013,충남,충남,취사용,692.0,1594.0
2013,충북,참빛충북,개별난방용,48202.0,33543.0
2013,충북,참빛충북,냉난방용,17.0,1162.0
2013,충북,참빛충북,산업용,86.0,53212.0
2013,충북,참빛충북,수송용,0.0,0.0
2013,충북,참빛충북,업무난방용,180.0,1607.0
2013,충북,참빛충북,연료전지용,,
2013,충북,참빛충북,열병합용,0.0,0.0
2013,충북,참빛충북,일반용1,640.0,4000.0
2013,충북,참빛충북,일반용2,0.0,0.0
2013,충북,참빛충북,집단에너지용,0.0,0.0
2013,충북,참빛충북,취사용,1684.0,119.0
2013,충북,충청ES,개별난방용,245889.0,162400.0
2013,충북,충청ES,냉난방용,331.0,5672.0
2013,충북,충청ES,산업용,385.0,383751.0
2013,충북,충청ES,수송용,3.0,19486.0
2013,충북,충청ES,업무난방용,6129.0,19685.0
2013,충북,충청ES,연료전지용,,
2013,충북,충청ES,열병합용,5.0,1474.0
2013,충북,충청ES,일반용1,12399.0,25611.0
2013,충북,충청ES,일반용2,0.0,0.0
2013,충북,충청ES,집단에너지용,5.0,2670.0
2013,충북,충청ES,취사용,84709.0,4384.0
2014,강원,강원,개별난방용,102482.0,74027.0
2014,강원,강원,냉난방용,178.0,4224.0
2014,강원,강원,산업용,90.0,13536.0
2014,강원,강원,수송용,3.0,7215.0
2014,강원,강원,업무난방용,1517.0,6994.0
2014,강원,강원,연료전지용,,
2014,강원,강원,열병합용,28.0,1031.0
2014,강원,강원,일반용1,3695.0,8601.0
2014,강원,강원,일반용2,34.0,8861.0
2014,강원,강원,집단에너지용,7.0,1276.0
2014,강원,강원,취사용,8475.0,655.0
2014,강원,참빛,개별난방용,20113.0,9332.0
2014,강원,참빛,냉난방용,8.0,239.0
2014,강원,참빛,산업용,0.0,0.0
2014,강원,참빛,수송용,0.0,0.0
2014,강원,참빛,업무난방용,206.0,1146.0
2014,강원,참빛,연료전지용,,
2014,강원,참빛,열병합용,0.0,0.0
2014,강원,참빛,일반용1,152.0,848.0
2014,강원,참빛,일반용2,13.0,3339.0
2014,강원,참빛,집단에너지용,0.0,0.0
2014,강원,참빛,취사용,0.0,73.0
2014,강원,참빛영동,개별난방용,36832.0,22267.0
2014,강원,참빛영동,냉난방용,19.0,2149.0
2014,강원,참빛영동,산업용,9.0,4313.0
2014,강원,참빛영동,수송용,0.0,0.0
2014,강원,참빛영동,업무난방용,31.0,860.0
2014,강원,참빛영동,연료전지용,,
2014,강원,참빛영동,열병합용,0.0,0.0
2014,강원,참빛영동,일반용1,389.0,1766.0
2014,강원,참빛영동,일반용2,5.0,259.0
2014,강원,참빛영동,집단에너지용,0.0,0.0
2014,강원,참빛영동,취사용,2308.0,83.0
2014,강원,참빛원주,개별난방용,101162.0,64848.0
2014,강원,참빛원주,냉난방용,103.0,2829.0
2014,강원,참빛원주,산업용,123.0,30529.0
2014,강원,참빛원주,수송용,11.0,8432.0
2014,강원,참빛원주,업무난방용,994.0,4230.0
2014,강원,참빛원주,연료전지용,,
2014,강원,참빛원주,열병합용,3.0,826.0
2014,강원,참빛원주,일반용1,2255.0,6966.0
2014,강원,참빛원주,일반용2,31.0,3679.0
2014,강원,참빛원주,집단에너지용,4.0,806.0
2014,강원,참빛원주,취사용,3209.0,198.0
2014,경기,대륜,개별난방용,253877.0,157532.0
2014,경기,대륜,냉난방용,162.0,3990.0
2014,경기,대륜,산업용,621.0,99923.0
2014,경기,대륜,수송용,5.0,27802.0
2014,경기,대륜,업무난방용,2871.0,12020.0
2014,경기,대륜,연료전지용,,
2014,경기,대륜,열병합용,9.0,1134.0
2014,경기,대륜,일반용1,8109.0,22033.0
2014,경기,대륜,일반용2,77.0,4321.0
2014,경기,대륜,집단에너지용,9.0,8920.0
2014,경기,대륜,취사용,23116.0,34459.0
2014,경기,삼천리,개별난방용,1667967.0,902408.0
2014,경기,삼천리,냉난방용,1269.0,57712.0
2014,경기,삼천리,산업용,1921.0,1056267.0
2014,경기,삼천리,수송용,28.0,188932.0
2014,경기,삼천리,업무난방용,25972.0,122103.0
2014,경기,삼천리,연료전지용,,
2014,경기,삼천리,열병합용,295.0,124833.0
2014,경기,삼천리,일반용1,45952.0,183409.0
2014,경기,삼천리,일반용2,869.0,49813.0
2014,경기,삼천리,집단에너지용,42.0,92543.0
2014,경기,삼천리,취사용,716959.0,247829.0
2014,경기,서울,개별난방용,257454.0,157996.0
2014,경기,서울,냉난방용,454.0,11461.0
2014,경기,서울,산업용,391.0,76910.0
2014,경기,서울,수송용,10.0,64030.0
2014,경기,서울,업무난방용,8622.0,12574.0
2014,경기,서울,연료전지용,,
2014,경기,서울,열병합용,9.0,3916.0
2014,경기,서울,일반용1,20102.0,51563.0
2014,경기,서울,일반용2,341.0,10521.0
2014,경기,서울,집단에너지용,3.0,68.0
2014,경기,서울,취사용,298773.0,46183.0
2014,경기,예스코,개별난방용,244699.0,166553.0
2014,경기,예스코,냉난방용,131.0,5162.0
2014,경기,예스코,산업용,577.0,11442.0
2014,경기,예스코,수송용,7.0,29600.0
2014,경기,예스코,업무난방용,1786.0,5199.0
2014,경기,예스코,연료전지용,,
2014,경기,예스코,열병합용,44.0,818.0
2014,경기,예스코,일반용1,8551.0,22712.0
2014,경기,예스코,일반용2,87.0,5952.0
2014,경기,예스코,집단에너지용,4.0,2061.0
2014,경기,예스코,취사용,25592.0,32900.0
2014,경기,인천,개별난방용,4160.0,1776.0
2014,경기,인천,냉난방용,8.0,300.0
2014,경기,인천,산업용,47.0,8333.0
2014,경기,인천,수송용,2.0,7187.0
2014,경기,인천,업무난방용,125.0,279.0
2014,경기,인천,연료전지용,,
2014,경기,인천,열병합용,0.0,0.0
2014,경기,인천,일반용1,168.0,552.0
2014,경기,인천,일반용2,1.0,530.0
2014,경기,인천,집단에너지용,0.0,0.0
2014,경기,인천,취사용,452.0,456.0
2014,경기,코원ES,개별난방용,425504.0,259814.0
2014,경기,코원ES,냉난방용,458.0,14515.0
2014,경기,코원ES,산업용,531.0,147195.0
2014,경기,코원ES,수송용,7.0,66058.0
2014,경기,코원ES,업무난방용,7362.0,28664.0
2014,경기,코원ES,연료전지용,,
2014,경기,코원ES,열병합용,40.0,876.0
2014,경기,코원ES,일반용1,18543.0,67398.0
2014,경기,코원ES,일반용2,283.0,13861.0
2014,경기,코원ES,집단에너지용,2.0,537.0
2014,경기,코원ES,취사용,170417.0,63347.0
2014,경남,경남,개별난방용,530193.0,289758.0
2014,경남,경남,냉난방용,377.0,14672.0
2014,경남,경남,산업용,827.0,441656.0
2014,경남,경남,수송용,8.0,51313.0
2014,경남,경남,업무난방용,1338.0,17805.0
2014,경남,경남,연료전지용,,
2014,경남,경남,열병합용,10.0,3120.0
2014,경남,경남,일반용1,46032.0,45067.0
2014,경남,경남,일반용2,336.0,12750.0
2014,경남,경남,집단에너지용,2.0,13642.0
2014,경남,경남,취사용,46829.0,2995.0
2014,경남,경동,개별난방용,64387.0,30695.0
2014,경남,경동,냉난방용,35.0,1110.0
2014,경남,경동,산업용,278.0,104695.0
2014,경남,경동,수송용,1.0,3551.0
2014,경남,경동,업무난방용,261.0,798.0
2014,경남,경동,연료전지용,,
2014,경남,경동,열병합용,0.0,0.0
2014,경남,경동,일반용1,2531.0,7084.0
2014,경남,경동,일반용2,41.0,2951.0
2014,경남,경동,집단에너지용,1.0,14196.0
2014,경남,경동,취사용,25396.0,10494.0
2014,경남,지에스이,개별난방용,115897.0,62654.0
2014,경남,지에스이,냉난방용,97.0,2807.0
2014,경남,지에스이,산업용,178.0,37487.0
2014,경남,지에스이,수송용,2.0,12064.0
2014,경남,지에스이,업무난방용,398.0,1580.0
2014,경남,지에스이,연료전지용,,
2014,경남,지에스이,열병합용,3.0,849.0
2014,경남,지에스이,일반용1,2687.0,5206.0
2014,경남,지에스이,일반용2,73.0,3782.0
2014,경남,지에스이,집단에너지용,5.0,14519.0
2014,경남,지에스이,취사용,7948.0,511.0
2014,경북,대성,개별난방용,102219.0,44540.0
2014,경북,대성,냉난방용,163.0,3256.0
2014,경북,대성,산업용,135.0,46247.0
2014,경북,대성,수송용,3.0,21215.0
2014,경북,대성,업무난방용,342.0,1503.0
2014,경북,대성,연료전지용,,
2014,경북,대성,열병합용,2.0,0.0
2014,경북,대성,일반용1,1585.0,3578.0
2014,경북,대성,일반용2,96.0,2124.0
2014,경북,대성,집단에너지용,1.0,654.0
2014,경북,대성,취사용,2667.0,11814.0
2014,경북,대성청정,개별난방용,47359.0,25824.0
2014,경북,대성청정,냉난방용,41.0,1054.0
2014,경북,대성청정,산업용,62.0,69789.0
2014,경북,대성청정,수송용,0.0,0.0
2014,경북,대성청정,업무난방용,485.0,546.0
2014,경북,대성청정,연료전지용,,
2014,경북,대성청정,열병합용,0.0,0.0
2014,경북,대성청정,일반용1,1507.0,5552.0
2014,경북,대성청정,일반용2,0.0,0.0
2014,경북,대성청정,집단에너지용,0.0,0.0
2014,경북,대성청정,취사용,6680.0,6033.0
2014,경북,서라벌,개별난방용,76723.0,38105.0
2014,경북,서라벌,냉난방용,52.0,1834.0
2014,경북,서라벌,산업용,119.0,99893.0
2014,경북,서라벌,수송용,1.0,5845.0
2014,경북,서라벌,업무난방용,395.0,2760.0
2014,경북,서라벌,연료전지용,,
2014,경북,서라벌,열병합용,0.0,0.0
2014,경북,서라벌,일반용1,1560.0,16887.0
2014,경북,서라벌,일반용2,0.0,0.0
2014,경북,서라벌,집단에너지용,0.0,0.0
2014,경북,서라벌,취사용,2372.0,9258.0
2014,경북,영남ES,개별난방용,223345.0,113755.0
2014,경북,영남ES,냉난방용,158.0,3758.0
2014,경북,영남ES,산업용,315.0,318773.0
2014,경북,영남ES,수송용,1.0,6986.0
2014,경북,영남ES,업무난방용,1699.0,9832.0
2014,경북,영남ES,연료전지용,,
2014,경북,영남ES,열병합용,2.0,970.0
2014,경북,영남ES,일반용1,5722.0,10786.0
2014,경북,영남ES,일반용2,563.0,10904.0
2014,경북,영남ES,집단에너지용,5.0,12035.0
2014,경북,영남ES,취사용,2804.0,27491.0
2014,경북,포항,개별난방용,162609.0,82642.0
2014,경북,포항,냉난방용,124.0,3964.0
2014,경북,포항,산업용,264.0,308163.0
2014,경북,포항,수송용,1.0,3576.0
2014,경북,포항,업무난방용,1275.0,4388.0
2014,경북,포항,연료전지용,,
2014,경북,포항,열병합용,3.0,4730.0
2014,경북,포항,일반용1,4174.0,13225.0
2014,경북,포항,일반용2,96.0,5152.0
2014,경북,포항,집단에너지용,2.0,2710.0
2014,경북,포항,취사용,10191.0,21226.0
2014,광주,해양,개별난방용,507640.0,295627.0
2014,광주,해양,냉난방용,322.0,20705.0
2014,광주,해양,산업용,739.0,142181.0
2014,광주,해양,수송용,6.0,39527.0
2014,광주,해양,업무난방용,8079.0,16847.0
2014,광주,해양,연료전지용,,
2014,광주,해양,열병합용,33.0,988.0
2014,광주,해양,일반용1,16891.0,50439.0
2014,광주,해양,일반용2,228.0,10186.0
2014,광주,해양,집단에너지용,2.0,57.0
2014,광주,해양,취사용,63641.0,3642.0
2014,대구,대성,개별난방용,696932.0,345724.0
2014,대구,대성,냉난방용,774.0,28348.0
2014,대구,대성,산업용,1356.0,272934.0
2014,대구,대성,수송용,9.0,67042.0
2014,대구,대성,업무난방용,3964.0,18048.0
2014,대구,대성,연료전지용,,
2014,대구,대성,열병합용,26.0,25038.0
2014,대구,대성,일반용1,18718.0,40851.0
2014,대구,대성,일반용2,1261.0,33710.0
2014,대구,대성,집단에너지용,35.0,11591.0
2014,대구,대성,취사용,152198.0,90176.0
2014,대전,충남,개별난방용,446439.0,256681.0
2014,대전,충남,냉난방용,978.0,40345.0
2014,대전,충남,산업용,220.0,113950.0
2014,대전,충남,수송용,5.0,34432.0
2014,대전,충남,업무난방용,6236.0,30759.0
2014,대전,충남,연료전지용,,
2014,대전,충남,열병합용,31.0,4635.0
2014,대전,충남,일반용1,15529.0,61849.0
2014,대전,충남,일반용2,201.0,9695.0
2014,대전,충남,집단에너지용,12.0,36976.0
2014,대전,충남,취사용,106914.0,60725.0
2014,부산,부산,개별난방용,1028059.0,436726.0
2014,부산,부산,냉난방용,1795.0,48301.0
2014,부산,부산,산업용,992.0,401256.0
2014,부산,부산,수송용,16.0,110875.0
2014,부산,부산,업무난방용,4442.0,16907.0
2014,부산,부산,연료전지용,,
2014,부산,부산,열병합용,18.0,16341.0
2014,부산,부산,일반용1,39643.0,93294.0
2014,부산,부산,일반용2,1312.0,36440.0
2014,부산,부산,집단에너지용,2.0,28677.0
2014,부산,부산,취사용,150037.0,124256.0
2014,서울,강남,개별난방용,306025.0,170419.0
2014,서울,강남,냉난방용,319.0,9681.0
2014,서울,강남,산업용,137.0,7077.0
2014,서울,강남,수송용,4.0,41193.0
2014,서울,강남,업무난방용,8725.0,21904.0
2014,서울,강남,연료전지용,,
2014,서울,강남,열병합용,8.0,2654.0
2014,서울,강남,일반용1,9772.0,31728.0
2014,서울,강남,일반용2,73.0,3619.0
2014,서울,강남,집단에너지용,10.0,7133.0
2014,서울,강남,취사용,39134.0,39107.0
2014,서울,대륜,개별난방용,393994.0,259240.0
2014,서울,대륜,냉난방용,471.0,11201.0
2014,서울,대륜,산업용,159.0,3197.0
2014,서울,대륜,수송용,8.0,61116.0
2014,서울,대륜,업무난방용,4473.0,23140.0
2014,서울,대륜,연료전지용,,
2014,서울,대륜,열병합용,6.0,4341.0
2014,서울,대륜,일반용1,13827.0,40295.0
2014,서울,대륜,일반용2,153.0,8608.0
2014,서울,대륜,집단에너지용,7.0,68670.0
2014,서울,대륜,취사용,142195.0,61379.0
2014,서울,서울,개별난방용,1267801.0,764536.0
2014,서울,서울,냉난방용,1800.0,75127.0
2014,서울,서울,산업용,90.0,5778.0
2014,서울,서울,수송용,8.0,73449.0
2014,서울,서울,업무난방용,50409.0,78881.0
2014,서울,서울,연료전지용,,
2014,서울,서울,열병합용,122.0,9656.0
2014,서울,서울,일반용1,62833.0,181895.0
2014,서울,서울,일반용2,495.0,20394.0
2014,서울,서울,집단에너지용,6.0,105365.0
2014,서울,서울,취사용,241145.0,149129.0
2014,서울,예스코,개별난방용,840882.0,490323.0
2014,서울,예스코,냉난방용,1572.0,80439.0
2014,서울,예스코,산업용,1578.0,13083.0
2014,서울,예스코,수송용,7.0,45114.0
2014,서울,예스코,업무난방용,13458.0,83960.0
2014,서울,예스코,연료전지용,,
2014,서울,예스코,열병합용,32.0,6547.0
2014,서울,예스코,일반용1,43752.0,154468.0
2014,서울,예스코,일반용2,368.0,21168.0
2014,서울,예스코,집단에너지용,19.0,5056.0
2014,서울,예스코,취사용,43293.0,98920.0
2014,서울,코원ES,개별난방용,506765.0,311774.0
2014,서울,코원ES,냉난방용,2090.0,91774.0
2014,서울,코원ES,산업용,49.0,6141.0
2014,서울,코원ES,수송용,6.0,60920.0
2014,서울,코원ES,업무난방용,22084.0,85613.0
2014,서울,코원ES,연료전지용,,
2014,서울,코원ES,열병합용,126.0,48683.0
2014,서울,코원ES,일반용1,31325.0,138271.0
2014,서울,코원ES,일반용2,251.0,15612.0
2014,서울,코원ES,집단에너지용,20.0,86974.0
2014,서울,코원ES,취사용,232015.0,76452.0
2014,세종,중부,개별난방용,24836.0,11617.0
2014,세종,중부,냉난방용,51.0,982.0
2014,세종,중부,산업용,45.0,33433.0
2014,세종,중부,수송용,0.0,0.0
2014,세종,중부,업무난방용,219.0,469.0
2014,세종,중부,연료전지용,,
2014,세종,중부,열병합용,0.0,0.0
2014,세종,중부,일반용1,661.0,1592.0
2014,세종,중부,일반용2,316.0,1671.0
2014,세종,중부,집단에너지용,1.0,606.0
2014,세종,중부,취사용,18652.0,3930.0
2014,세종,충청ES,개별난방용,1831.0,823.0
2014,세종,충청ES,냉난방용,0.0,0.0
2014,세종,충청ES,산업용,10.0,13830.0
2014,세종,충청ES,수송용,0.0,0.0
2014,세종,충청ES,업무난방용,9.0,32.0
2014,세종,충청ES,연료전지용,,
2014,세종,충청ES,열병합용,0.0,0.0
2014,세종,충청ES,일반용1,60.0,134.0
2014,세종,충청ES,일반용2,0.0,0.0
2014,세종,충청ES,집단에너지용,0.0,0.0
2014,세종,충청ES,취사용,0.0,0.0
2014,울산,경동,개별난방용,388657.0,211084.0
2014,울산,경동,냉난방용,247.0,8432.0
2014,울산,경동,산업용,364.0,2064168.0
2014,울산,경동,수송용,5.0,34590.0
2014,울산,경동,업무난방용,2733.0,9282.0
2014,울산,경동,연료전지용,,
2014,울산,경동,열병합용,3.0,369.0
2014,울산,경동,일반용1,13726.0,41192.0
2014,울산,경동,일반용2,207.0,10253.0
2014,울산,경동,집단에너지용,0.0,0.0
2014,울산,경동,취사용,5901.0,52375.0
2014,인천,삼천리,개별난방용,280827.0,151437.0
2014,인천,삼천리,냉난방용,235.0,8893.0
2014,인천,삼천리,산업용,577.0,331286.0
2014,인천,삼천리,수송용,7.0,46689.0
2014,인천,삼천리,업무난방용,3282.0,15596.0
2014,인천,삼천리,연료전지용,,
2014,인천,삼천리,열병합용,30.0,2644.0
2014,인천,삼천리,일반용1,7845.0,34564.0
2014,인천,삼천리,일반용2,142.0,7798.0
2014,인천,삼천리,집단에너지용,11.0,23781.0
2014,인천,삼천리,취사용,78991.0,37211.0
2014,인천,인천,개별난방용,531551.0,293123.0
2014,인천,인천,냉난방용,398.0,16066.0
2014,인천,인천,산업용,231.0,272887.0
2014,인천,인천,수송용,8.0,57671.0
2014,인천,인천,업무난방용,11442.0,25998.0
2014,인천,인천,연료전지용,,
2014,인천,인천,열병합용,5.0,1314.0
2014,인천,인천,일반용1,12764.0,51688.0
2014,인천,인천,일반용2,267.0,27054.0
2014,인천,인천,집단에너지용,0.0,0.0
2014,인천,인천,취사용,125893.0,74228.0
2014,전남,대화,개별난방용,61785.0,28712.0
2014,전남,대화,냉난방용,42.0,1598.0
2014,전남,대화,산업용,81.0,93294.0
2014,전남,대화,수송용,2.0,8189.0
2014,전남,대화,업무난방용,461.0,2281.0
2014,전남,대화,연료전지용,,
2014,전남,대화,열병합용,1.0,1009.0
2014,전남,대화,일반용1,1063.0,3225.0
2014,전남,대화,일반용2,27.0,3994.0
2014,전남,대화,집단에너지용,2.0,10176.0
2014,전남,대화,취사용,6624.0,9349.0
2014,전남,목포,개별난방용,89587.0,40295.0
2014,전남,목포,냉난방용,111.0,3435.0
2014,전남,목포,산업용,143.0,33742.0
2014,전남,목포,수송용,1.0,6737.0
2014,전남,목포,업무난방용,246.0,1578.0
2014,전남,목포,연료전지용,,
2014,전남,목포,열병합용,1.0,101.0
2014,전남,목포,일반용1,2348.0,8621.0
2014,전남,목포,일반용2,24.0,2947.0
2014,전남,목포,집단에너지용,0.0,0.0
2014,전남,목포,취사용,8797.0,10586.0
2014,전남,전남,개별난방용,118492.0,59004.0
2014,전남,전남,냉난방용,145.0,3722.0
2014,전남,전남,산업용,139.0,116518.0
2014,전남,전남,수송용,2.0,7123.0
2014,전남,전남,업무난방용,961.0,3053.0
2014,전남,전남,연료전지용,,
2014,전남,전남,열병합용,0.0,0.0
2014,전남,전남,일반용1,2896.0,7867.0
2014,전남,전남,일반용2,33.0,2272.0
2014,전남,전남,집단에너지용,0.0,0.0
2014,전남,전남,취사용,5179.0,7916.0
2014,전남,해양,개별난방용,40809.0,20975.0
2014,전남,해양,냉난방용,13.0,2288.0
2014,전남,해양,산업용,153.0,62625.0
2014,전남,해양,수송용,1.0,3254.0
2014,전남,해양,업무난방용,386.0,2185.0
2014,전남,해양,연료전지용,,
2014,전남,해양,열병합용,17.0,18.0
2014,전남,해양,일반용1,1056.0,3077.0
2014,전남,해양,일반용2,21.0,527.0
2014,전남,해양,집단에너지용,1.0,1611.0
2014,전남,해양,취사용,2241.0,61.0
2014,전북,군산,개별난방용,90223.0,50625.0
2014,전북,군산,냉난방용,47.0,1701.0
2014,전북,군산,산업용,116.0,226697.0
2014,전북,군산,수송용,1.0,5041.0
2014,전북,군산,업무난방용,621.0,2213.0
2014,전북,군산,연료전지용,,
2014,전북,군산,열병합용,2.0,4418.0
2014,전북,군산,일반용1,1059.0,5384.0
2014,전북,군산,일반용2,0.0,0.0
2014,전북,군산,집단에너지용,0.0,0.0
2014,전북,군산,취사용,4485.0,5429.0
2014,전북,전북,개별난방용,289828.0,152744.0
2014,전북,전북,냉난방용,197.0,10466.0
2014,전북,전북,산업용,324.0,148451.0
2014,전북,전북,수송용,3.0,17835.0
2014,전북,전북,업무난방용,2722.0,6171.0
2014,전북,전북,연료전지용,,
2014,전북,전북,열병합용,1.0,57.0
2014,전북,전북,일반용1,7125.0,29206.0
2014,전북,전북,일반용2,0.0,0.0
2014,전북,전북,집단에너지용,2.0,455.0
2014,전북,전북,취사용,1041.0,28557.0
2014,전북,전북ES,개별난방용,88140.0,45588.0
2014,전북,전북ES,냉난방용,99.0,2569.0
2014,전북,전북ES,산업용,108.0,58994.0
2014,전북,전북ES,수송용,1.0,6649.0
2014,전북,전북ES,업무난방용,705.0,2703.0
2014,전북,전북ES,연료전지용,,
2014,전북,전북ES,열병합용,2.0,673.0
2014,전북,전북ES,일반용1,1571.0,5068.0
2014,전북,전북ES,일반용2,112.0,2415.0
2014,전북,전북ES,집단에너지용,4.0,1832.0
2014,전북,전북ES,취사용,9598.0,8686.0
2014,제주,제주,개별난방용,17559.0,7210.0
2014,제주,제주,냉난방용,13.0,2718.0
2014,제주,제주,산업용,0.0,0.0
2014,제주,제주,수송용,0.0,0.0
2014,제주,제주,업무난방용,23.0,1685.0
2014,제주,제주,연료전지용,,
2014,제주,제주,열병합용,0.0,0.0
2014,제주,제주,일반용1,107.0,1153.0
2014,제주,제주,일반용2,0.0,0.0
2014,제주,제주,집단에너지용,0.0,0.0
2014,제주,제주,취사용,0.0,1398.0
2014,충남,서해,개별난방용,101643.0,54225.0
2014,충남,서해,냉난방용,34.0,1060.0
2014,충남,서해,산업용,107.0,598932.0
2014,충남,서해,수송용,0.0,0.0
2014,충남,서해,업무난방용,760.0,2101.0
2014,충남,서해,연료전지용,,
2014,충남,서해,열병합용,2.0,106.0
2014,충남,서해,일반용1,1393.0,25908.0
2014,충남,서해,일반용2,0.0,0.0
2014,충남,서해,집단에너지용,1.0,2923.0
2014,충남,서해,취사용,4329.0,12358.0
2014,충남,중부,개별난방용,333485.0,170337.0
2014,충남,중부,냉난방용,302.0,11388.0
2014,충남,중부,산업용,405.0,469532.0
2014,충남,중부,수송용,2.0,14472.0
2014,충남,중부,업무난방용,3092.0,11268.0
2014,충남,중부,연료전지용,,
2014,충남,중부,열병합용,6.0,22280.0
2014,충남,중부,일반용1,4482.0,13028.0
2014,충남,중부,일반용2,1959.0,21270.0
2014,충남,중부,집단에너지용,7.0,9356.0
2014,충남,중부,취사용,24164.0,47650.0
2014,충남,충남,개별난방용,13025.0,7475.0
2014,충남,충남,냉난방용,19.0,304.0
2014,충남,충남,산업용,3.0,1043.0
2014,충남,충남,수송용,0.0,0.0
2014,충남,충남,업무난방용,217.0,4041.0
2014,충남,충남,연료전지용,,
2014,충남,충남,열병합용,0.0,84.0
2014,충남,충남,일반용1,360.0,1521.0
2014,충남,충남,일반용2,10.0,203.0
2014,충남,충남,집단에너지용,0.0,254.0
2014,충남,충남,취사용,272.0,1796.0
2014,충북,참빛충북,개별난방용,51724.0,32558.0
2014,충북,참빛충북,냉난방용,21.0,1061.0
2014,충북,참빛충북,산업용,91.0,55716.0
2014,충북,참빛충북,수송용,0.0,0.0
2014,충북,참빛충북,업무난방용,170.0,1444.0
2014,충북,참빛충북,연료전지용,,
2014,충북,참빛충북,열병합용,0.0,0.0
2014,충북,참빛충북,일반용1,681.0,4214.0
2014,충북,참빛충북,일반용2,0.0,0.0
2014,충북,참빛충북,집단에너지용,0.0,0.0
2014,충북,참빛충북,취사용,1695.0,85.0
2014,충북,충청ES,개별난방용,250092.0,164025.0
2014,충북,충청ES,냉난방용,357.0,8572.0
2014,충북,충청ES,산업용,373.0,362164.0
2014,충북,충청ES,수송용,3.0,20588.0
2014,충북,충청ES,업무난방용,6297.0,14037.0
2014,충북,충청ES,연료전지용,,
2014,충북,충청ES,열병합용,5.0,754.0
2014,충북,충청ES,일반용1,13143.0,25217.0
2014,충북,충청ES,일반용2,0.0,0.0
2014,충북,충청ES,집단에너지용,5.0,2720.0
2014,충북,충청ES,취사용,101678.0,4388.0
2015,강원,강원,개별난방용,100121.0,73789.0
2015,강원,강원,냉난방용,185.0,4101.0
2015,강원,강원,산업용,95.0,13713.0
2015,강원,강원,수송용,3.0,7990.0
2015,강원,강원,업무난방용,1560.0,6744.0
2015,강원,강원,연료전지용,,
2015,강원,강원,열병합용,28.0,1100.0
2015,강원,강원,일반용1,3917.0,16441.0
2015,강원,강원,일반용2,26.0,979.0
2015,강원,강원,집단에너지용,7.0,1219.0
2015,강원,강원,취사용,14308.0,592.0
2015,강원,참빛,개별난방용,21031.0,7232.0
2015,강원,참빛,냉난방용,9.0,234.0
2015,강원,참빛,산업용,0.0,0.0
2015,강원,참빛,수송용,0.0,0.0
2015,강원,참빛,업무난방용,257.0,1242.0
2015,강원,참빛,연료전지용,,
2015,강원,참빛,열병합용,0.0,0.0
2015,강원,참빛,일반용1,180.0,854.0
2015,강원,참빛,일반용2,13.0,3789.0
2015,강원,참빛,집단에너지용,0.0,0.0
2015,강원,참빛,취사용,0.0,2932.0
2015,강원,참빛영동,개별난방용,38179.0,23479.0
2015,강원,참빛영동,냉난방용,41.0,2663.0
2015,강원,참빛영동,산업용,28.0,4210.0
2015,강원,참빛영동,수송용,0.0,0.0
2015,강원,참빛영동,업무난방용,49.0,952.0
2015,강원,참빛영동,연료전지용,,
2015,강원,참빛영동,열병합용,0.0,0.0
2015,강원,참빛영동,일반용1,518.0,1970.0
2015,강원,참빛영동,일반용2,9.0,289.0
2015,강원,참빛영동,집단에너지용,0.0,0.0
2015,강원,참빛영동,취사용,541.0,84.0
2015,강원,참빛원주,개별난방용,106183.0,67933.0
2015,강원,참빛원주,냉난방용,119.0,3231.0
2015,강원,참빛원주,산업용,136.0,29265.0
2015,강원,참빛원주,수송용,2.0,8374.0
2015,강원,참빛원주,업무난방용,1027.0,4633.0
2015,강원,참빛원주,연료전지용,,
2015,강원,참빛원주,열병합용,3.0,840.0
2015,강원,참빛원주,일반용1,2443.0,7741.0
2015,강원,참빛원주,일반용2,31.0,4365.0
2015,강원,참빛원주,집단에너지용,4.0,831.0
2015,강원,참빛원주,취사용,3187.0,186.0
2015,경기,대륜,개별난방용,260818.0,156164.0
2015,경기,대륜,냉난방용,168.0,5105.0
2015,경기,대륜,산업용,621.0,82642.0
2015,경기,대륜,수송용,5.0,26771.0
2015,경기,대륜,업무난방용,3102.0,14052.0
2015,경기,대륜,연료전지용,,
2015,경기,대륜,열병합용,9.0,2229.0
2015,경기,대륜,일반용1,8600.0,23381.0
2015,경기,대륜,일반용2,73.0,3917.0
2015,경기,대륜,집단에너지용,9.0,7101.0
2015,경기,대륜,취사용,22587.0,36971.0
2015,경기,삼천리,개별난방용,1701861.0,909212.0
2015,경기,삼천리,냉난방용,1348.0,62094.0
2015,경기,삼천리,산업용,1924.0,1041698.0
2015,경기,삼천리,수송용,31.0,185868.0
2015,경기,삼천리,업무난방용,25678.0,119836.0
2015,경기,삼천리,연료전지용,,
2015,경기,삼천리,열병합용,331.0,124573.0
2015,경기,삼천리,일반용1,48445.0,189421.0
2015,경기,삼천리,일반용2,871.0,47173.0
2015,경기,삼천리,집단에너지용,43.0,64863.0
2015,경기,삼천리,취사용,730032.0,246422.0
2015,경기,서울,개별난방용,269783.0,156049.0
2015,경기,서울,냉난방용,468.0,12128.0
2015,경기,서울,산업용,401.0,85960.0
2015,경기,서울,수송용,10.0,63739.0
2015,경기,서울,업무난방용,8833.0,13307.0
2015,경기,서울,연료전지용,,
2015,경기,서울,열병합용,10.0,5464.0
2015,경기,서울,일반용1,21601.0,55374.0
2015,경기,서울,일반용2,351.0,10167.0
2015,경기,서울,집단에너지용,3.0,1496.0
2015,경기,서울,취사용,307388.0,47380.0
2015,경기,예스코,개별난방용,264716.0,170495.0
2015,경기,예스코,냉난방용,141.0,5301.0
2015,경기,예스코,산업용,609.0,12395.0
2015,경기,예스코,수송용,7.0,27873.0
2015,경기,예스코,업무난방용,1791.0,5426.0
2015,경기,예스코,연료전지용,,
2015,경기,예스코,열병합용,42.0,367.0
2015,경기,예스코,일반용1,9095.0,24128.0
2015,경기,예스코,일반용2,86.0,6107.0
2015,경기,예스코,집단에너지용,2.0,1757.0
2015,경기,예스코,취사용,26868.0,34014.0
2015,경기,인천,개별난방용,4382.0,1851.0
2015,경기,인천,냉난방용,10.0,341.0
2015,경기,인천,산업용,53.0,8708.0
2015,경기,인천,수송용,3.0,10916.0
2015,경기,인천,업무난방용,131.0,307.0
2015,경기,인천,연료전지용,,
2015,경기,인천,열병합용,0.0,0.0
2015,경기,인천,일반용1,192.0,682.0
2015,경기,인천,일반용2,1.0,231.0
2015,경기,인천,집단에너지용,0.0,0.0
2015,경기,인천,취사용,626.0,519.0
2015,경기,코원ES,개별난방용,437123.0,251686.0
2015,경기,코원ES,냉난방용,463.0,14613.0
2015,경기,코원ES,산업용,519.0,146918.0
2015,경기,코원ES,수송용,7.0,62475.0
2015,경기,코원ES,업무난방용,7364.0,28341.0
2015,경기,코원ES,연료전지용,,
2015,경기,코원ES,열병합용,44.0,943.0
2015,경기,코원ES,일반용1,18983.0,66905.0
2015,경기,코원ES,일반용2,263.0,12343.0
2015,경기,코원ES,집단에너지용,2.0,1374.0
2015,경기,코원ES,취사용,173408.0,62716.0
2015,경남,경남,개별난방용,561954.0,304896.0
2015,경남,경남,냉난방용,391.0,13840.0
2015,경남,경남,산업용,848.0,421858.0
2015,경남,경남,수송용,8.0,51253.0
2015,경남,경남,업무난방용,1486.0,16982.0
2015,경남,경남,연료전지용,,
2015,경남,경남,열병합용,12.0,3084.0
2015,경남,경남,일반용1,48207.0,46281.0
2015,경남,경남,일반용2,337.0,12390.0
2015,경남,경남,집단에너지용,2.0,12546.0
2015,경남,경남,취사용,50703.0,2945.0
2015,경남,경동,개별난방용,69365.0,31436.0
2015,경남,경동,냉난방용,40.0,1046.0
2015,경남,경동,산업용,256.0,94960.0
2015,경남,경동,수송용,2.0,5087.0
2015,경남,경동,업무난방용,272.0,969.0
2015,경남,경동,연료전지용,,
2015,경남,경동,열병합용,0.0,0.0
2015,경남,경동,일반용1,2897.0,7921.0
2015,경남,경동,일반용2,41.0,2897.0
2015,경남,경동,집단에너지용,1.0,15340.0
2015,경남,경동,취사용,27071.0,11256.0
2015,경남,지에스이,개별난방용,122210.0,66766.0
2015,경남,지에스이,냉난방용,81.0,2996.0
2015,경남,지에스이,산업용,57.0,37681.0
2015,경남,지에스이,수송용,2.0,11167.0
2015,경남,지에스이,업무난방용,409.0,1570.0
2015,경남,지에스이,연료전지용,,
2015,경남,지에스이,열병합용,2.0,686.0
2015,경남,지에스이,일반용1,2978.0,6050.0
2015,경남,지에스이,일반용2,66.0,3271.0
2015,경남,지에스이,집단에너지용,3.0,11114.0
2015,경남,지에스이,취사용,8693.0,419.0
2015,경북,대성,개별난방용,108140.0,46855.0
2015,경북,대성,냉난방용,168.0,3478.0
2015,경북,대성,산업용,139.0,43381.0
2015,경북,대성,수송용,3.0,20908.0
2015,경북,대성,업무난방용,347.0,1594.0
2015,경북,대성,연료전지용,,
2015,경북,대성,열병합용,2.0,0.0
2015,경북,대성,일반용1,1721.0,3699.0
2015,경북,대성,일반용2,95.0,2130.0
2015,경북,대성,집단에너지용,1.0,611.0
2015,경북,대성,취사용,2757.0,12204.0
2015,경북,대성청정,개별난방용,54282.0,27779.0
2015,경북,대성청정,냉난방용,40.0,1042.0
2015,경북,대성청정,산업용,16.0,73368.0
2015,경북,대성청정,수송용,0.0,0.0
2015,경북,대성청정,업무난방용,572.0,646.0
2015,경북,대성청정,연료전지용,,
2015,경북,대성청정,열병합용,1.0,2.0
2015,경북,대성청정,일반용1,1593.0,5805.0
2015,경북,대성청정,일반용2,0.0,0.0
2015,경북,대성청정,집단에너지용,0.0,0.0
2015,경북,대성청정,취사용,3516.0,6489.0
2015,경북,서라벌,개별난방용,89224.0,38980.0
2015,경북,서라벌,냉난방용,53.0,1868.0
2015,경북,서라벌,산업용,128.0,95928.0
2015,경북,서라벌,수송용,1.0,5720.0
2015,경북,서라벌,업무난방용,402.0,2866.0
2015,경북,서라벌,연료전지용,,
2015,경북,서라벌,열병합용,0.0,0.0
2015,경북,서라벌,일반용1,1583.0,16762.0
2015,경북,서라벌,일반용2,0.0,0.0
2015,경북,서라벌,집단에너지용,0.0,0.0
2015,경북,서라벌,취사용,2500.0,10077.0
2015,경북,영남ES,개별난방용,235277.0,113984.0
2015,경북,영남ES,냉난방용,232.0,3811.0
2015,경북,영남ES,산업용,313.0,287648.0
2015,경북,영남ES,수송용,1.0,7437.0
2015,경북,영남ES,업무난방용,1952.0,10446.0
2015,경북,영남ES,연료전지용,,
2015,경북,영남ES,열병합용,2.0,771.0
2015,경북,영남ES,일반용1,6175.0,11270.0
2015,경북,영남ES,일반용2,597.0,9489.0
2015,경북,영남ES,집단에너지용,5.0,11647.0
2015,경북,영남ES,취사용,2119.0,28426.0
2015,경북,포항,개별난방용,166864.0,81545.0
2015,경북,포항,냉난방용,131.0,3826.0
2015,경북,포항,산업용,271.0,272724.0
2015,경북,포항,수송용,1.0,3896.0
2015,경북,포항,업무난방용,1294.0,4237.0
2015,경북,포항,연료전지용,,
2015,경북,포항,열병합용,3.0,4454.0
2015,경북,포항,일반용1,4244.0,13397.0
2015,경북,포항,일반용2,90.0,4828.0
2015,경북,포항,집단에너지용,2.0,2571.0
2015,경북,포항,취사용,10034.0,20721.0
2015,광주,해양,개별난방용,495288.0,298595.0
2015,광주,해양,냉난방용,335.0,20981.0
2015,광주,해양,산업용,665.0,124079.0
2015,광주,해양,수송용,6.0,41771.0
2015,광주,해양,업무난방용,6065.0,15246.0
2015,광주,해양,연료전지용,,
2015,광주,해양,열병합용,52.0,984.0
2015,광주,해양,일반용1,14395.0,52207.0
2015,광주,해양,일반용2,188.0,9240.0
2015,광주,해양,집단에너지용,2.0,158.0
2015,광주,해양,취사용,60564.0,3622.0
2015,대구,대성,개별난방용,738568.0,367660.0
2015,대구,대성,냉난방용,791.0,28475.0
2015,대구,대성,산업용,1374.0,251266.0
2015,대구,대성,수송용,9.0,64208.0
2015,대구,대성,업무난방용,4012.0,18294.0
2015,대구,대성,연료전지용,,
2015,대구,대성,열병합용,26.0,21355.0
2015,대구,대성,일반용1,19757.0,42825.0
2015,대구,대성,일반용2,1275.0,32745.0
2015,대구,대성,집단에너지용,35.0,8285.0
2015,대구,대성,취사용,152549.0,93164.0
2015,대전,충남,개별난방용,456544.0,259442.0
2015,대전,충남,냉난방용,993.0,35519.0
2015,대전,충남,산업용,260.0,93928.0
2015,대전,충남,수송용,5.0,33957.0
2015,대전,충남,업무난방용,6131.0,34775.0
2015,대전,충남,연료전지용,,
2015,대전,충남,열병합용,31.0,4373.0
2015,대전,충남,일반용1,16428.0,62843.0
2015,대전,충남,일반용2,186.0,8829.0
2015,대전,충남,집단에너지용,2.0,23891.0
2015,대전,충남,취사용,105273.0,59409.0
2015,부산,부산,개별난방용,1072198.0,428055.0
2015,부산,부산,냉난방용,1820.0,47066.0
2015,부산,부산,산업용,1020.0,388166.0
2015,부산,부산,수송용,15.0,114312.0
2015,부산,부산,업무난방용,4465.0,16289.0
2015,부산,부산,연료전지용,,
2015,부산,부산,열병합용,18.0,14825.0
2015,부산,부산,일반용1,42546.0,96790.0
2015,부산,부산,일반용2,1277.0,34523.0
2015,부산,부산,집단에너지용,2.0,26354.0
2015,부산,부산,취사용,156072.0,130602.0
2015,서울,귀뚜라미,개별난방용,311716.0,165276.0
2015,서울,귀뚜라미,냉난방용,320.0,9594.0
2015,서울,귀뚜라미,산업용,124.0,6256.0
2015,서울,귀뚜라미,수송용,4.0,40487.0
2015,서울,귀뚜라미,업무난방용,8437.0,21678.0
2015,서울,귀뚜라미,연료전지용,,
2015,서울,귀뚜라미,열병합용,8.0,2819.0
2015,서울,귀뚜라미,일반용1,10321.0,31978.0
2015,서울,귀뚜라미,일반용2,67.0,3277.0
2015,서울,귀뚜라미,집단에너지용,10.0,7227.0
2015,서울,귀뚜라미,취사용,36862.0,38814.0
2015,서울,대륜,개별난방용,394498.0,237005.0
2015,서울,대륜,냉난방용,467.0,13627.0
2015,서울,대륜,산업용,153.0,3108.0
2015,서울,대륜,수송용,8.0,58769.0
2015,서울,대륜,업무난방용,4444.0,25145.0
2015,서울,대륜,연료전지용,,
2015,서울,대륜,열병합용,6.0,5297.0
2015,서울,대륜,일반용1,13884.0,40606.0
2015,서울,대륜,일반용2,149.0,7686.0
2015,서울,대륜,집단에너지용,7.0,63820.0
2015,서울,대륜,취사용,138665.0,63292.0
2015,서울,서울,개별난방용,1278952.0,739494.0
2015,서울,서울,냉난방용,1851.0,76073.0
2015,서울,서울,산업용,81.0,5431.0
2015,서울,서울,수송용,8.0,71079.0
2015,서울,서울,업무난방용,50404.0,76715.0
2015,서울,서울,연료전지용,,
2015,서울,서울,열병합용,181.0,10849.0
2015,서울,서울,일반용1,65511.0,184783.0
2015,서울,서울,일반용2,472.0,18497.0
2015,서울,서울,집단에너지용,6.0,95369.0
2015,서울,서울,취사용,246517.0,147826.0
2015,서울,예스코,개별난방용,867680.0,492248.0
2015,서울,예스코,냉난방용,1609.0,82276.0
2015,서울,예스코,산업용,1574.0,12982.0
2015,서울,예스코,수송용,7.0,41730.0
2015,서울,예스코,업무난방용,13564.0,83408.0
2015,서울,예스코,연료전지용,,
2015,서울,예스코,열병합용,38.0,3942.0
2015,서울,예스코,일반용1,44829.0,152871.0
2015,서울,예스코,일반용2,345.0,19569.0
2015,서울,예스코,집단에너지용,19.0,5229.0
2015,서울,예스코,취사용,39800.0,99250.0
2015,서울,코원ES,개별난방용,506323.0,301382.0
2015,서울,코원ES,냉난방용,2080.0,90422.0
2015,서울,코원ES,산업용,43.0,5222.0
2015,서울,코원ES,수송용,6.0,58548.0
2015,서울,코원ES,업무난방용,21529.0,87447.0
2015,서울,코원ES,연료전지용,,
2015,서울,코원ES,열병합용,127.0,64713.0
2015,서울,코원ES,일반용1,31104.0,136270.0
2015,서울,코원ES,일반용2,231.0,14383.0
2015,서울,코원ES,집단에너지용,21.0,62324.0
2015,서울,코원ES,취사용,227703.0,75447.0
2015,세종,중부,개별난방용,27117.0,11466.0
2015,세종,중부,냉난방용,110.0,1259.0
2015,세종,중부,산업용,48.0,35767.0
2015,세종,중부,수송용,0.0,0.0
2015,세종,중부,업무난방용,227.0,481.0
2015,세종,중부,연료전지용,,
2015,세종,중부,열병합용,0.0,0.0
2015,세종,중부,일반용1,1007.0,2578.0
2015,세종,중부,일반용2,466.0,2112.0
2015,세종,중부,집단에너지용,1.0,3192.0
2015,세종,중부,취사용,35652.0,5277.0
2015,세종,충청ES,개별난방용,1909.0,894.0
2015,세종,충청ES,냉난방용,0.0,0.0
2015,세종,충청ES,산업용,9.0,13514.0
2015,세종,충청ES,수송용,0.0,0.0
2015,세종,충청ES,업무난방용,10.0,63.0
2015,세종,충청ES,연료전지용,,
2015,세종,충청ES,열병합용,0.0,0.0
2015,세종,충청ES,일반용1,78.0,124.0
2015,세종,충청ES,일반용2,0.0,0.0
2015,세종,충청ES,집단에너지용,0.0,0.0
2015,세종,충청ES,취사용,0.0,0.0
2015,울산,경동,개별난방용,403666.0,212380.0
2015,울산,경동,냉난방용,271.0,8469.0
2015,울산,경동,산업용,316.0,1247061.0
2015,울산,경동,수송용,5.0,33587.0
2015,울산,경동,업무난방용,2835.0,9395.0
2015,울산,경동,연료전지용,,
2015,울산,경동,열병합용,4.0,262.0
2015,울산,경동,일반용1,14981.0,43555.0
2015,울산,경동,일반용2,198.0,9272.0
2015,울산,경동,집단에너지용,0.0,0.0
2015,울산,경동,취사용,5806.0,54191.0
2015,인천,삼천리,개별난방용,284229.0,150235.0
2015,인천,삼천리,냉난방용,239.0,9699.0
2015,인천,삼천리,산업용,554.0,330327.0
2015,인천,삼천리,수송용,7.0,43948.0
2015,인천,삼천리,업무난방용,3282.0,14964.0
2015,인천,삼천리,연료전지용,,
2015,인천,삼천리,열병합용,34.0,2580.0
2015,인천,삼천리,일반용1,8452.0,35693.0
2015,인천,삼천리,일반용2,144.0,7521.0
2015,인천,삼천리,집단에너지용,11.0,6558.0
2015,인천,삼천리,취사용,83178.0,38072.0
2015,인천,인천,개별난방용,545272.0,290807.0
2015,인천,인천,냉난방용,408.0,17224.0
2015,인천,인천,산업용,236.0,208205.0
2015,인천,인천,수송용,8.0,54939.0
2015,인천,인천,업무난방용,11180.0,26750.0
2015,인천,인천,연료전지용,,
2015,인천,인천,열병합용,29.0,1057.0
2015,인천,인천,일반용1,13293.0,53350.0
2015,인천,인천,일반용2,278.0,26141.0
2015,인천,인천,집단에너지용,0.0,0.0
2015,인천,인천,취사용,129734.0,75382.0
2015,전남,대화,개별난방용,66530.0,29596.0
2015,전남,대화,냉난방용,44.0,1573.0
2015,전남,대화,산업용,92.0,70375.0
2015,전남,대화,수송용,2.0,8536.0
2015,전남,대화,업무난방용,509.0,2426.0
2015,전남,대화,연료전지용,,
2015,전남,대화,열병합용,1.0,442.0
2015,전남,대화,일반용1,1311.0,3678.0
2015,전남,대화,일반용2,27.0,3565.0
2015,전남,대화,집단에너지용,2.0,714.0
2015,전남,대화,취사용,6545.0,10071.0
2015,전남,목포,개별난방용,92025.0,43174.0
2015,전남,목포,냉난방용,117.0,3255.0
2015,전남,목포,산업용,139.0,34927.0
2015,전남,목포,수송용,3.0,6693.0
2015,전남,목포,업무난방용,239.0,1608.0
2015,전남,목포,연료전지용,,
2015,전남,목포,열병합용,1.0,0.0
2015,전남,목포,일반용1,2532.0,9200.0
2015,전남,목포,일반용2,24.0,2859.0
2015,전남,목포,집단에너지용,0.0,0.0
2015,전남,목포,취사용,13235.0,11439.0
2015,전남,전남,개별난방용,125606.0,68578.0
2015,전남,전남,냉난방용,143.0,3307.0
2015,전남,전남,산업용,150.0,106366.0
2015,전남,전남,수송용,2.0,7067.0
2015,전남,전남,업무난방용,981.0,3131.0
2015,전남,전남,연료전지용,,
2015,전남,전남,열병합용,0.0,0.0
2015,전남,전남,일반용1,3151.0,8359.0
2015,전남,전남,일반용2,34.0,1982.0
2015,전남,전남,집단에너지용,0.0,0.0
2015,전남,전남,취사용,5121.0,312.0
2015,전남,해양,개별난방용,43713.0,22580.0
2015,전남,해양,냉난방용,22.0,2298.0
2015,전남,해양,산업용,167.0,66864.0
2015,전남,해양,수송용,1.0,3959.0
2015,전남,해양,업무난방용,417.0,2128.0
2015,전남,해양,연료전지용,,
2015,전남,해양,열병합용,17.0,12.0
2015,전남,해양,일반용1,1438.0,4199.0
2015,전남,해양,일반용2,21.0,648.0
2015,전남,해양,집단에너지용,1.0,1265.0
2015,전남,해양,취사용,4929.0,171.0
2015,전북,군산,개별난방용,94420.0,52183.0
2015,전북,군산,냉난방용,53.0,1817.0
2015,전북,군산,산업용,118.0,213724.0
2015,전북,군산,수송용,1.0,5139.0
2015,전북,군산,업무난방용,680.0,2326.0
2015,전북,군산,연료전지용,,
2015,전북,군산,열병합용,2.0,4470.0
2015,전북,군산,일반용1,1143.0,5867.0
2015,전북,군산,일반용2,0.0,0.0
2015,전북,군산,집단에너지용,2.0,5940.0
2015,전북,군산,취사용,4476.0,6535.0
2015,전북,전북,개별난방용,305611.0,154276.0
2015,전북,전북,냉난방용,216.0,10594.0
2015,전북,전북,산업용,348.0,137678.0
2015,전북,전북,수송용,5.0,17048.0
2015,전북,전북,업무난방용,2633.0,6977.0
2015,전북,전북,연료전지용,,
2015,전북,전북,열병합용,1.0,46.0
2015,전북,전북,일반용1,7573.0,30842.0
2015,전북,전북,일반용2,0.0,0.0
2015,전북,전북,집단에너지용,2.0,437.0
2015,전북,전북,취사용,-3640.0,30285.0
2015,전북,전북ES,개별난방용,91231.0,45703.0
2015,전북,전북ES,냉난방용,100.0,2548.0
2015,전북,전북ES,산업용,102.0,55411.0
2015,전북,전북ES,수송용,1.0,6192.0
2015,전북,전북ES,업무난방용,716.0,2682.0
2015,전북,전북ES,연료전지용,,
2015,전북,전북ES,열병합용,2.0,827.0
2015,전북,전북ES,일반용1,1667.0,5257.0
2015,전북,전북ES,일반용2,110.0,2322.0
2015,전북,전북ES,집단에너지용,6.0,2720.0
2015,전북,전북ES,취사용,10165.0,9125.0
2015,제주,제주,개별난방용,20609.0,8260.0
2015,제주,제주,냉난방용,34.0,1941.0
2015,제주,제주,산업용,0.0,0.0
2015,제주,제주,수송용,0.0,0.0
2015,제주,제주,업무난방용,53.0,2808.0
2015,제주,제주,연료전지용,,
2015,제주,제주,열병합용,0.0,0.0
2015,제주,제주,일반용1,212.0,1299.0
2015,제주,제주,일반용2,0.0,0.0
2015,제주,제주,집단에너지용,0.0,0.0
2015,제주,제주,취사용,-2.0,1652.0
2015,충남,서해,개별난방용,111231.0,56234.0
2015,충남,서해,냉난방용,42.0,1115.0
2015,충남,서해,산업용,114.0,379966.0
2015,충남,서해,수송용,0.0,0.0
2015,충남,서해,업무난방용,850.0,2317.0
2015,충남,서해,연료전지용,,
2015,충남,서해,열병합용,2.0,55.0
2015,충남,서해,일반용1,1723.0,12119.0
2015,충남,서해,일반용2,0.0,0.0
2015,충남,서해,집단에너지용,1.0,4114.0
2015,충남,서해,취사용,5755.0,13518.0
2015,충남,중부,개별난방용,355071.0,175115.0
2015,충남,중부,냉난방용,428.0,10993.0
2015,충남,중부,산업용,408.0,443860.0
2015,충남,중부,수송용,2.0,14461.0
2015,충남,중부,업무난방용,3051.0,11443.0
2015,충남,중부,연료전지용,,
2015,충남,중부,열병합용,6.0,11488.0
2015,충남,중부,일반용1,4914.0,14224.0
2015,충남,중부,일반용2,2117.0,21465.0
2015,충남,중부,집단에너지용,7.0,20630.0
2015,충남,중부,취사용,25405.0,50793.0
2015,충남,충남,개별난방용,13872.0,7493.0
2015,충남,충남,냉난방용,20.0,240.0
2015,충남,충남,산업용,3.0,1042.0
2015,충남,충남,수송용,0.0,0.0
2015,충남,충남,업무난방용,212.0,4261.0
2015,충남,충남,연료전지용,,
2015,충남,충남,열병합용,0.0,0.0
2015,충남,충남,일반용1,390.0,1514.0
2015,충남,충남,일반용2,8.0,197.0
2015,충남,충남,집단에너지용,0.0,0.0
2015,충남,충남,취사용,177.0,1687.0
2015,충북,참빛충북,개별난방용,52163.0,33961.0
2015,충북,참빛충북,냉난방용,45.0,1282.0
2015,충북,참빛충북,산업용,141.0,60273.0
2015,충북,참빛충북,수송용,0.0,0.0
2015,충북,참빛충북,업무난방용,234.0,1517.0
2015,충북,참빛충북,연료전지용,,
2015,충북,참빛충북,열병합용,0.0,0.0
2015,충북,참빛충북,일반용1,950.0,4396.0
2015,충북,참빛충북,일반용2,0.0,0.0
2015,충북,참빛충북,집단에너지용,0.0,0.0
2015,충북,참빛충북,취사용,3277.0,17.0
2015,충북,충청ES,개별난방용,289911.0,164311.0
2015,충북,충청ES,냉난방용,271.0,9561.0
2015,충북,충청ES,산업용,391.0,359471.0
2015,충북,충청ES,수송용,3.0,20630.0
2015,충북,충청ES,업무난방용,6423.0,14481.0
2015,충북,충청ES,연료전지용,,
2015,충북,충청ES,열병합용,5.0,71.0
2015,충북,충청ES,일반용1,13557.0,25918.0
2015,충북,충청ES,일반용2,0.0,0.0
2015,충북,충청ES,집단에너지용,5.0,2837.0
2015,충북,충청ES,취사용,79672.0,4146.0
2016,강원,강원,개별난방용,102494.0,79672.0
2016,강원,강원,냉난방용,185.0,4673.0
2016,강원,강원,산업용,90.0,13557.0
2016,강원,강원,수송용,3.0,8053.0
2016,강원,강원,업무난방용,1450.0,7273.0
2016,강원,강원,연료전지용,,
2016,강원,강원,열병합용,30.0,1123.0
2016,강원,강원,일반용1,3851.0,17515.0
2016,강원,강원,일반용2,26.0,1073.0
2016,강원,강원,집단에너지용,7.0,1431.0
2016,강원,강원,취사용,13854.0,538.0
2016,강원,명성,개별난방용,0.0,0.0
2016,강원,명성,냉난방용,0.0,0.0
2016,강원,명성,산업용,0.0,0.0
2016,강원,명성,수송용,0.0,0.0
2016,강원,명성,업무난방용,0.0,0.0
2016,강원,명성,연료전지용,,
2016,강원,명성,열병합용,0.0,0.0
2016,강원,명성,일반용1,1.0,68.0
2016,강원,명성,일반용2,0.0,0.0
2016,강원,명성,집단에너지용,0.0,0.0
2016,강원,명성,취사용,0.0,0.0
2016,강원,참빛,개별난방용,22371.0,8274.0
2016,강원,참빛,냉난방용,9.0,280.0
2016,강원,참빛,산업용,0.0,0.0
2016,강원,참빛,수송용,0.0,0.0
2016,강원,참빛,업무난방용,257.0,1277.0
2016,강원,참빛,연료전지용,,
2016,강원,참빛,열병합용,0.0,0.0
2016,강원,참빛,일반용1,195.0,1102.0
2016,강원,참빛,일반용2,65.0,3847.0
2016,강원,참빛,집단에너지용,0.0,0.0
2016,강원,참빛,취사용,0.0,3146.0
2016,강원,참빛영동,개별난방용,43169.0,25798.0
2016,강원,참빛영동,냉난방용,29.0,3592.0
2016,강원,참빛영동,산업용,9.0,3549.0
2016,강원,참빛영동,수송용,0.0,0.0
2016,강원,참빛영동,업무난방용,41.0,990.0
2016,강원,참빛영동,연료전지용,,
2016,강원,참빛영동,열병합용,0.0,0.0
2016,강원,참빛영동,일반용1,458.0,3227.0
2016,강원,참빛영동,일반용2,5.0,207.0
2016,강원,참빛영동,집단에너지용,0.0,0.0
2016,강원,참빛영동,취사용,2233.0,156.0
2016,강원,참빛원주,개별난방용,114432.0,71626.0
2016,강원,참빛원주,냉난방용,122.0,3491.0
2016,강원,참빛원주,산업용,145.0,36502.0
2016,강원,참빛원주,수송용,2.0,8602.0
2016,강원,참빛원주,업무난방용,1097.0,4954.0
2016,강원,참빛원주,연료전지용,,
2016,강원,참빛원주,열병합용,3.0,757.0
2016,강원,참빛원주,일반용1,2655.0,8087.0
2016,강원,참빛원주,일반용2,30.0,3681.0
2016,강원,참빛원주,집단에너지용,3.0,912.0
2016,강원,참빛원주,취사용,3134.0,174.0
2016,경기,대륜,개별난방용,268259.0,167734.0
2016,경기,대륜,냉난방용,182.0,5402.0
2016,경기,대륜,산업용,582.0,70027.0
2016,경기,대륜,수송용,5.0,24535.0
2016,경기,대륜,업무난방용,2981.0,15566.0
2016,경기,대륜,연료전지용,,
2016,경기,대륜,열병합용,9.0,1615.0
2016,경기,대륜,일반용1,8993.0,24841.0
2016,경기,대륜,일반용2,71.0,3768.0
2016,경기,대륜,집단에너지용,9.0,2794.0
2016,경기,대륜,취사용,23457.0,37765.0
2016,경기,삼천리,개별난방용,1756740.0,969673.0
2016,경기,삼천리,냉난방용,1445.0,75677.0
2016,경기,삼천리,산업용,1934.0,1075959.0
2016,경기,삼천리,수송용,32.0,184951.0
2016,경기,삼천리,업무난방용,25803.0,127973.0
2016,경기,삼천리,연료전지용,,
2016,경기,삼천리,열병합용,424.0,112033.0
2016,경기,삼천리,일반용1,50634.0,201584.0
2016,경기,삼천리,일반용2,882.0,47376.0
2016,경기,삼천리,집단에너지용,43.0,75184.0
2016,경기,삼천리,취사용,744867.0,257118.0
2016,경기,서울,개별난방용,287197.0,174125.0
2016,경기,서울,냉난방용,483.0,13654.0
2016,경기,서울,산업용,408.0,84983.0
2016,경기,서울,수송용,10.0,65696.0
2016,경기,서울,업무난방용,7058.0,13934.0
2016,경기,서울,연료전지용,,
2016,경기,서울,열병합용,13.0,4834.0
2016,경기,서울,일반용1,23042.0,58914.0
2016,경기,서울,일반용2,340.0,11132.0
2016,경기,서울,집단에너지용,3.0,323.0
2016,경기,서울,취사용,313849.0,48558.0
2016,경기,예스코,개별난방용,274251.0,178950.0
2016,경기,예스코,냉난방용,160.0,5814.0
2016,경기,예스코,산업용,699.0,11223.0
2016,경기,예스코,수송용,5.0,24259.0
2016,경기,예스코,업무난방용,1949.0,5426.0
2016,경기,예스코,연료전지용,,
2016,경기,예스코,열병합용,1.0,131.0
2016,경기,예스코,일반용1,10535.0,25901.0
2016,경기,예스코,일반용2,92.0,6953.0
2016,경기,예스코,집단에너지용,2.0,1006.0
2016,경기,예스코,취사용,31803.0,35371.0
2016,경기,인천,개별난방용,5015.0,1914.0
2016,경기,인천,냉난방용,9.0,379.0
2016,경기,인천,산업용,60.0,8912.0
2016,경기,인천,수송용,3.0,8294.0
2016,경기,인천,업무난방용,130.0,317.0
2016,경기,인천,연료전지용,,
2016,경기,인천,열병합용,0.0,0.0
2016,경기,인천,일반용1,220.0,817.0
2016,경기,인천,일반용2,1.0,207.0
2016,경기,인천,집단에너지용,0.0,0.0
2016,경기,인천,취사용,627.0,766.0
2016,경기,코원ES,개별난방용,449874.0,279138.0
2016,경기,코원ES,냉난방용,564.0,18353.0
2016,경기,코원ES,산업용,481.0,152759.0
2016,경기,코원ES,수송용,7.0,60179.0
2016,경기,코원ES,업무난방용,7291.0,31424.0
2016,경기,코원ES,연료전지용,,
2016,경기,코원ES,열병합용,48.0,927.0
2016,경기,코원ES,일반용1,19861.0,72540.0
2016,경기,코원ES,일반용2,256.0,13184.0
2016,경기,코원ES,집단에너지용,3.0,2025.0
2016,경기,코원ES,취사용,194159.0,64856.0
2016,경남,경남,개별난방용,593410.0,319090.0
2016,경남,경남,냉난방용,415.0,16531.0
2016,경남,경남,산업용,787.0,429411.0
2016,경남,경남,수송용,7.0,50191.0
2016,경남,경남,업무난방용,1548.0,19410.0
2016,경남,경남,연료전지용,,
2016,경남,경남,열병합용,14.0,4581.0
2016,경남,경남,일반용1,50379.0,47675.0
2016,경남,경남,일반용2,341.0,13016.0
2016,경남,경남,집단에너지용,2.0,12956.0
2016,경남,경남,취사용,51243.0,3022.0
2016,경남,경동,개별난방용,75485.0,38749.0
2016,경남,경동,냉난방용,41.0,1396.0
2016,경남,경동,산업용,256.0,92833.0
2016,경남,경동,수송용,2.0,6564.0
2016,경남,경동,업무난방용,274.0,1040.0
2016,경남,경동,연료전지용,,
2016,경남,경동,열병합용,0.0,0.0
2016,경남,경동,일반용1,3243.0,9117.0
2016,경남,경동,일반용2,42.0,2778.0
2016,경남,경동,집단에너지용,1.0,18021.0
2016,경남,경동,취사용,31906.0,7201.0
2016,경남,지에스이,개별난방용,130050.0,73783.0
2016,경남,지에스이,냉난방용,94.0,3571.0
2016,경남,지에스이,산업용,55.0,39003.0
2016,경남,지에스이,수송용,2.0,9628.0
2016,경남,지에스이,업무난방용,440.0,1605.0
2016,경남,지에스이,연료전지용,,
2016,경남,지에스이,열병합용,2.0,256.0
2016,경남,지에스이,일반용1,3410.0,7005.0
2016,경남,지에스이,일반용2,68.0,3244.0
2016,경남,지에스이,집단에너지용,3.0,8811.0
2016,경남,지에스이,취사용,8682.0,436.0
2016,경북,대성,개별난방용,111098.0,49862.0
2016,경북,대성,냉난방용,163.0,4183.0
2016,경북,대성,산업용,139.0,45634.0
2016,경북,대성,수송용,3.0,21058.0
2016,경북,대성,업무난방용,335.0,1549.0
2016,경북,대성,연료전지용,,
2016,경북,대성,열병합용,2.0,0.0
2016,경북,대성,일반용1,1738.0,3920.0
2016,경북,대성,일반용2,107.0,2101.0
2016,경북,대성,집단에너지용,1.0,659.0
2016,경북,대성,취사용,2700.0,12556.0
2016,경북,대성청정,개별난방용,62454.0,33971.0
2016,경북,대성청정,냉난방용,46.0,1335.0
2016,경북,대성청정,산업용,19.0,76796.0
2016,경북,대성청정,수송용,0.0,0.0
2016,경북,대성청정,업무난방용,656.0,832.0
2016,경북,대성청정,연료전지용,,
2016,경북,대성청정,열병합용,1.0,97.0
2016,경북,대성청정,일반용1,1598.0,5619.0
2016,경북,대성청정,일반용2,0.0,0.0
2016,경북,대성청정,집단에너지용,0.0,0.0
2016,경북,대성청정,취사용,3515.0,4247.0
2016,경북,서라벌,개별난방용,97226.0,44713.0
2016,경북,서라벌,냉난방용,53.0,2296.0
2016,경북,서라벌,산업용,135.0,94355.0
2016,경북,서라벌,수송용,1.0,5384.0
2016,경북,서라벌,업무난방용,407.0,2968.0
2016,경북,서라벌,연료전지용,,
2016,경북,서라벌,열병합용,0.0,0.0
2016,경북,서라벌,일반용1,1583.0,17712.0
2016,경북,서라벌,일반용2,0.0,0.0
2016,경북,서라벌,집단에너지용,0.0,0.0
2016,경북,서라벌,취사용,3225.0,10956.0
2016,경북,영남ES,개별난방용,246061.0,117218.0
2016,경북,영남ES,냉난방용,249.0,4485.0
2016,경북,영남ES,산업용,304.0,301836.0
2016,경북,영남ES,수송용,1.0,7804.0
2016,경북,영남ES,업무난방용,1999.0,11116.0
2016,경북,영남ES,연료전지용,,
2016,경북,영남ES,열병합용,2.0,534.0
2016,경북,영남ES,일반용1,6362.0,11933.0
2016,경북,영남ES,일반용2,598.0,10540.0
2016,경북,영남ES,집단에너지용,5.0,7788.0
2016,경북,영남ES,취사용,1998.0,29548.0
2016,경북,포항,개별난방용,172702.0,87183.0
2016,경북,포항,냉난방용,136.0,4362.0
2016,경북,포항,산업용,253.0,256295.0
2016,경북,포항,수송용,1.0,3980.0
2016,경북,포항,업무난방용,1295.0,4146.0
2016,경북,포항,연료전지용,,
2016,경북,포항,열병합용,4.0,3609.0
2016,경북,포항,일반용1,4365.0,13711.0
2016,경북,포항,일반용2,88.0,4629.0
2016,경북,포항,집단에너지용,2.0,2573.0
2016,경북,포항,취사용,9849.0,21894.0
2016,광주,해양,개별난방용,515874.0,316773.0
2016,광주,해양,냉난방용,339.0,24277.0
2016,광주,해양,산업용,643.0,129150.0
2016,광주,해양,수송용,6.0,41175.0
2016,광주,해양,업무난방용,6155.0,14919.0
2016,광주,해양,연료전지용,,
2016,광주,해양,열병합용,69.0,1059.0
2016,광주,해양,일반용1,15161.0,55114.0
2016,광주,해양,일반용2,186.0,8951.0
2016,광주,해양,집단에너지용,2.0,267.0
2016,광주,해양,취사용,56786.0,3510.0
2016,대구,대성,개별난방용,777707.0,386160.0
2016,대구,대성,냉난방용,787.0,31168.0
2016,대구,대성,산업용,1324.0,231451.0
2016,대구,대성,수송용,9.0,64353.0
2016,대구,대성,업무난방용,4159.0,18867.0
2016,대구,대성,연료전지용,,
2016,대구,대성,열병합용,33.0,21323.0
2016,대구,대성,일반용1,19790.0,44540.0
2016,대구,대성,일반용2,1188.0,32270.0
2016,대구,대성,집단에너지용,35.0,9383.0
2016,대구,대성,취사용,156860.0,95521.0
2016,대전,충남,개별난방용,467298.0,282372.0
2016,대전,충남,냉난방용,1026.0,42541.0
2016,대전,충남,산업용,275.0,93169.0
2016,대전,충남,수송용,5.0,33938.0
2016,대전,충남,업무난방용,6100.0,36314.0
2016,대전,충남,연료전지용,,
2016,대전,충남,열병합용,33.0,4928.0
2016,대전,충남,일반용1,17462.0,65383.0
2016,대전,충남,일반용2,179.0,8781.0
2016,대전,충남,집단에너지용,3.0,28191.0
2016,대전,충남,취사용,104689.0,58601.0
2016,부산,부산,개별난방용,1143670.0,481264.0
2016,부산,부산,냉난방용,1869.0,53457.0
2016,부산,부산,산업용,1063.0,391094.0
2016,부산,부산,수송용,15.0,113908.0
2016,부산,부산,업무난방용,4407.0,16399.0
2016,부산,부산,연료전지용,,
2016,부산,부산,열병합용,20.0,16453.0
2016,부산,부산,일반용1,45466.0,102431.0
2016,부산,부산,일반용2,1242.0,33431.0
2016,부산,부산,집단에너지용,2.0,26289.0
2016,부산,부산,취사용,127413.0,126278.0
2016,서울,귀뚜라미,개별난방용,314962.0,177446.0
2016,서울,귀뚜라미,냉난방용,343.0,10980.0
2016,서울,귀뚜라미,산업용,122.0,5400.0
2016,서울,귀뚜라미,수송용,4.0,41479.0
2016,서울,귀뚜라미,업무난방용,8221.0,22262.0
2016,서울,귀뚜라미,연료전지용,,
2016,서울,귀뚜라미,열병합용,10.0,2779.0
2016,서울,귀뚜라미,일반용1,10270.0,32569.0
2016,서울,귀뚜라미,일반용2,66.0,3047.0
2016,서울,귀뚜라미,집단에너지용,10.0,4532.0
2016,서울,귀뚜라미,취사용,36577.0,38334.0
2016,서울,대륜,개별난방용,399534.0,254739.0
2016,서울,대륜,냉난방용,481.0,13912.0
2016,서울,대륜,산업용,138.0,2994.0
2016,서울,대륜,수송용,8.0,59660.0
2016,서울,대륜,업무난방용,4438.0,24626.0
2016,서울,대륜,연료전지용,,
2016,서울,대륜,열병합용,6.0,5302.0
2016,서울,대륜,일반용1,13801.0,41182.0
2016,서울,대륜,일반용2,144.0,7068.0
2016,서울,대륜,집단에너지용,7.0,66489.0
2016,서울,대륜,취사용,135670.0,62935.0
2016,서울,서울,개별난방용,1292727.0,781336.0
2016,서울,서울,냉난방용,1921.0,86335.0
2016,서울,서울,산업용,72.0,5127.0
2016,서울,서울,수송용,8.0,72866.0
2016,서울,서울,업무난방용,50401.0,80033.0
2016,서울,서울,연료전지용,,
2016,서울,서울,열병합용,177.0,12673.0
2016,서울,서울,일반용1,67630.0,191115.0
2016,서울,서울,일반용2,440.0,18004.0
2016,서울,서울,집단에너지용,7.0,60769.0
2016,서울,서울,취사용,250441.0,145695.0
2016,서울,예스코,개별난방용,900066.0,504092.0
2016,서울,예스코,냉난방용,1675.0,94495.0
2016,서울,예스코,산업용,1584.0,12562.0
2016,서울,예스코,수송용,5.0,41417.0
2016,서울,예스코,업무난방용,13595.0,82792.0
2016,서울,예스코,연료전지용,,
2016,서울,예스코,열병합용,19.0,4735.0
2016,서울,예스코,일반용1,49844.0,162826.0
2016,서울,예스코,일반용2,378.0,18630.0
2016,서울,예스코,집단에너지용,17.0,4635.0
2016,서울,예스코,취사용,39566.0,100127.0
2016,서울,코원ES,개별난방용,505506.0,311713.0
2016,서울,코원ES,냉난방용,2203.0,99889.0
2016,서울,코원ES,산업용,40.0,5349.0
2016,서울,코원ES,수송용,6.0,59497.0
2016,서울,코원ES,업무난방용,21135.0,94854.0
2016,서울,코원ES,연료전지용,,
2016,서울,코원ES,열병합용,138.0,64854.0
2016,서울,코원ES,일반용1,31506.0,137708.0
2016,서울,코원ES,일반용2,242.0,12802.0
2016,서울,코원ES,집단에너지용,14.0,33528.0
2016,서울,코원ES,취사용,230768.0,72345.0
2016,세종,중부,개별난방용,28691.0,12877.0
2016,세종,중부,냉난방용,211.0,1778.0
2016,세종,중부,산업용,52.0,33954.0
2016,세종,중부,수송용,0.0,0.0
2016,세종,중부,업무난방용,228.0,488.0
2016,세종,중부,연료전지용,,
2016,세종,중부,열병합용,0.0,0.0
2016,세종,중부,일반용1,1240.0,3406.0
2016,세종,중부,일반용2,591.0,2624.0
2016,세종,중부,집단에너지용,1.0,6015.0
2016,세종,중부,취사용,44300.0,6210.0
2016,세종,충청ES,개별난방용,1854.0,1024.0
2016,세종,충청ES,냉난방용,2.0,0.0
2016,세종,충청ES,산업용,9.0,13826.0
2016,세종,충청ES,수송용,0.0,0.0
2016,세종,충청ES,업무난방용,10.0,266.0
2016,세종,충청ES,연료전지용,,
2016,세종,충청ES,열병합용,0.0,0.0
2016,세종,충청ES,일반용1,72.0,240.0
2016,세종,충청ES,일반용2,0.0,0.0
2016,세종,충청ES,집단에너지용,0.0,0.0
2016,세종,충청ES,취사용,0.0,0.0
2016,울산,경동,개별난방용,412289.0,248470.0
2016,울산,경동,냉난방용,289.0,10239.0
2016,울산,경동,산업용,314.0,1142253.0
2016,울산,경동,수송용,5.0,33765.0
2016,울산,경동,업무난방용,2863.0,10061.0
2016,울산,경동,연료전지용,,
2016,울산,경동,열병합용,4.0,243.0
2016,울산,경동,일반용1,15913.0,45851.0
2016,울산,경동,일반용2,197.0,9446.0
2016,울산,경동,집단에너지용,0.0,0.0
2016,울산,경동,취사용,5723.0,30242.0
2016,인천,삼천리,개별난방용,291920.0,159625.0
2016,인천,삼천리,냉난방용,253.0,11083.0
2016,인천,삼천리,산업용,519.0,344321.0
2016,인천,삼천리,수송용,7.0,41201.0
2016,인천,삼천리,업무난방용,3313.0,15414.0
2016,인천,삼천리,연료전지용,,
2016,인천,삼천리,열병합용,36.0,2340.0
2016,인천,삼천리,일반용1,8754.0,37967.0
2016,인천,삼천리,일반용2,151.0,7772.0
2016,인천,삼천리,집단에너지용,11.0,5705.0
2016,인천,삼천리,취사용,89155.0,39861.0
2016,인천,인천,개별난방용,556978.0,306740.0
2016,인천,인천,냉난방용,425.0,18979.0
2016,인천,인천,산업용,240.0,220573.0
2016,인천,인천,수송용,8.0,54242.0
2016,인천,인천,업무난방용,10929.0,25276.0
2016,인천,인천,연료전지용,,
2016,인천,인천,열병합용,36.0,1067.0
2016,인천,인천,일반용1,14089.0,58229.0
2016,인천,인천,일반용2,295.0,21069.0
2016,인천,인천,집단에너지용,0.0,0.0
2016,인천,인천,취사용,129404.0,77228.0
2016,전남,대화,개별난방용,69921.0,33292.0
2016,전남,대화,냉난방용,45.0,1754.0
2016,전남,대화,산업용,102.0,67786.0
2016,전남,대화,수송용,2.0,9032.0
2016,전남,대화,업무난방용,561.0,2345.0
2016,전남,대화,연료전지용,,
2016,전남,대화,열병합용,1.0,515.0
2016,전남,대화,일반용1,1476.0,4156.0
2016,전남,대화,일반용2,30.0,3813.0
2016,전남,대화,집단에너지용,2.0,695.0
2016,전남,대화,취사용,6592.0,10424.0
2016,전남,목포,개별난방용,111933.0,48057.0
2016,전남,목포,냉난방용,126.0,3656.0
2016,전남,목포,산업용,145.0,32631.0
2016,전남,목포,수송용,3.0,6655.0
2016,전남,목포,업무난방용,246.0,2012.0
2016,전남,목포,연료전지용,,
2016,전남,목포,열병합용,0.0,0.0
2016,전남,목포,일반용1,2762.0,9831.0
2016,전남,목포,일반용2,27.0,2583.0
2016,전남,목포,집단에너지용,0.0,0.0
2016,전남,목포,취사용,45.0,12224.0
2016,전남,전남,개별난방용,132290.0,75215.0
2016,전남,전남,냉난방용,146.0,3479.0
2016,전남,전남,산업용,145.0,115506.0
2016,전남,전남,수송용,2.0,7077.0
2016,전남,전남,업무난방용,1031.0,3211.0
2016,전남,전남,연료전지용,,
2016,전남,전남,열병합용,0.0,0.0
2016,전남,전남,일반용1,3468.0,9469.0
2016,전남,전남,일반용2,33.0,2112.0
2016,전남,전남,집단에너지용,0.0,0.0
2016,전남,전남,취사용,4903.0,285.0
2016,전남,해양,개별난방용,48275.0,26725.0
2016,전남,해양,냉난방용,21.0,2473.0
2016,전남,해양,산업용,182.0,70366.0
2016,전남,해양,수송용,1.0,4770.0
2016,전남,해양,업무난방용,458.0,2285.0
2016,전남,해양,연료전지용,,
2016,전남,해양,열병합용,17.0,17.0
2016,전남,해양,일반용1,1671.0,5056.0
2016,전남,해양,일반용2,22.0,684.0
2016,전남,해양,집단에너지용,1.0,7885.0
2016,전남,해양,취사용,8362.0,317.0
2016,전북,군산,개별난방용,96639.0,53500.0
2016,전북,군산,냉난방용,62.0,2014.0
2016,전북,군산,산업용,122.0,213863.0
2016,전북,군산,수송용,1.0,5279.0
2016,전북,군산,업무난방용,710.0,2468.0
2016,전북,군산,연료전지용,,
2016,전북,군산,열병합용,2.0,2328.0
2016,전북,군산,일반용1,1196.0,5786.0
2016,전북,군산,일반용2,0.0,0.0
2016,전북,군산,집단에너지용,2.0,1970.0
2016,전북,군산,취사용,4476.0,7262.0
2016,전북,전북,개별난방용,320812.0,167502.0
2016,전북,전북,냉난방용,228.0,11378.0
2016,전북,전북,산업용,341.0,132435.0
2016,전북,전북,수송용,5.0,17129.0
2016,전북,전북,업무난방용,2716.0,8038.0
2016,전북,전북,연료전지용,,
2016,전북,전북,열병합용,1.0,3.0
2016,전북,전북,일반용1,8125.0,32025.0
2016,전북,전북,일반용2,0.0,0.0
2016,전북,전북,집단에너지용,2.0,459.0
2016,전북,전북,취사용,-5369.0,31672.0
2016,전북,전북ES,개별난방용,94109.0,49344.0
2016,전북,전북ES,냉난방용,104.0,2987.0
2016,전북,전북ES,산업용,106.0,52663.0
2016,전북,전북ES,수송용,1.0,5890.0
2016,전북,전북ES,업무난방용,738.0,2720.0
2016,전북,전북ES,연료전지용,,
2016,전북,전북ES,열병합용,2.0,759.0
2016,전북,전북ES,일반용1,1751.0,5502.0
2016,전북,전북ES,일반용2,115.0,2456.0
2016,전북,전북ES,집단에너지용,6.0,3495.0
2016,전북,전북ES,취사용,10481.0,9497.0
2016,제주,제주,개별난방용,23455.0,10194.0
2016,제주,제주,냉난방용,36.0,3492.0
2016,제주,제주,산업용,0.0,0.0
2016,제주,제주,수송용,0.0,0.0
2016,제주,제주,업무난방용,70.0,2033.0
2016,제주,제주,연료전지용,,
2016,제주,제주,열병합용,0.0,0.0
2016,제주,제주,일반용1,243.0,1565.0
2016,제주,제주,일반용2,0.0,0.0
2016,제주,제주,집단에너지용,0.0,0.0
2016,제주,제주,취사용,0.0,1934.0
2016,충남,서해,개별난방용,121202.0,61997.0
2016,충남,서해,냉난방용,52.0,1420.0
2016,충남,서해,산업용,132.0,379896.0
2016,충남,서해,수송용,0.0,0.0
2016,충남,서해,업무난방용,922.0,2442.0
2016,충남,서해,연료전지용,,
2016,충남,서해,열병합용,2.0,0.0
2016,충남,서해,일반용1,2070.0,13560.0
2016,충남,서해,일반용2,0.0,0.0
2016,충남,서해,집단에너지용,1.0,7515.0
2016,충남,서해,취사용,9957.0,14367.0
2016,충남,중부,개별난방용,378652.0,191431.0
2016,충남,중부,냉난방용,339.0,12755.0
2016,충남,중부,산업용,417.0,440367.0
2016,충남,중부,수송용,2.0,14482.0
2016,충남,중부,업무난방용,3272.0,12242.0
2016,충남,중부,연료전지용,,
2016,충남,중부,열병합용,23.0,13363.0
2016,충남,중부,일반용1,5244.0,15482.0
2016,충남,중부,일반용2,2279.0,22631.0
2016,충남,중부,집단에너지용,7.0,26747.0
2016,충남,중부,취사용,28282.0,53997.0
2016,충남,충남,개별난방용,13918.0,8622.0
2016,충남,충남,냉난방용,21.0,334.0
2016,충남,충남,산업용,3.0,1101.0
2016,충남,충남,수송용,0.0,0.0
2016,충남,충남,업무난방용,214.0,4352.0
2016,충남,충남,연료전지용,,
2016,충남,충남,열병합용,0.0,0.0
2016,충남,충남,일반용1,411.0,1615.0
2016,충남,충남,일반용2,8.0,234.0
2016,충남,충남,집단에너지용,0.0,0.0
2016,충남,충남,취사용,159.0,1662.0
2016,충북,참빛충북,개별난방용,58503.0,35914.0
2016,충북,참빛충북,냉난방용,56.0,1498.0
2016,충북,참빛충북,산업용,144.0,64237.0
2016,충북,참빛충북,수송용,0.0,0.0
2016,충북,참빛충북,업무난방용,242.0,1471.0
2016,충북,참빛충북,연료전지용,,
2016,충북,참빛충북,열병합용,0.0,0.0
2016,충북,참빛충북,일반용1,1024.0,4768.0
2016,충북,참빛충북,일반용2,0.0,0.0
2016,충북,참빛충북,집단에너지용,0.0,0.0
2016,충북,참빛충북,취사용,1800.0,24.0
2016,충북,충청ES,개별난방용,289929.0,183504.0
2016,충북,충청ES,냉난방용,273.0,11262.0
2016,충북,충청ES,산업용,389.0,372045.0
2016,충북,충청ES,수송용,3.0,20780.0
2016,충북,충청ES,업무난방용,3920.0,15168.0
2016,충북,충청ES,연료전지용,,
2016,충북,충청ES,열병합용,5.0,73.0
2016,충북,충청ES,일반용1,8316.0,26544.0
2016,충북,충청ES,일반용2,0.0,0.0
2016,충북,충청ES,집단에너지용,2.0,1005.0
2016,충북,충청ES,취사용,78312.0,4046.0
2017,강원,강원,개별난방용,105325.0,82485.0
2017,강원,강원,냉난방용,197.0,4678.0
2017,강원,강원,산업용,87.0,16236.0
2017,강원,강원,수송용,3.0,9906.0
2017,강원,강원,업무난방용,1439.0,6963.0
2017,강원,강원,연료전지용,,
2017,강원,강원,열병합용,33.0,1315.0
2017,강원,강원,일반용1,3908.0,24442.0
2017,강원,강원,일반용2,27.0,1049.0
2017,강원,강원,집단에너지용,7.0,1664.0
2017,강원,강원,취사용,14912.0,471.0
2017,강원,명성,개별난방용,807.0,137.0
2017,강원,명성,냉난방용,1.0,455.0
2017,강원,명성,산업용,0.0,0.0
2017,강원,명성,수송용,0.0,0.0
2017,강원,명성,업무난방용,0.0,0.0
2017,강원,명성,연료전지용,,
2017,강원,명성,열병합용,0.0,0.0
2017,강원,명성,일반용1,2.0,431.0
2017,강원,명성,일반용2,0.0,0.0
2017,강원,명성,집단에너지용,0.0,0.0
2017,강원,명성,취사용,0.0,0.0
2017,강원,참빛,개별난방용,23356.0,8697.0
2017,강원,참빛,냉난방용,15.0,320.0
2017,강원,참빛,산업용,0.0,0.0
2017,강원,참빛,수송용,0.0,0.0
2017,강원,참빛,업무난방용,245.0,1187.0
2017,강원,참빛,연료전지용,,
2017,강원,참빛,열병합용,0.0,0.0
2017,강원,참빛,일반용1,222.0,1585.0
2017,강원,참빛,일반용2,68.0,4471.0
2017,강원,참빛,집단에너지용,0.0,0.0
2017,강원,참빛,취사용,0.0,3198.0
2017,강원,참빛영동,개별난방용,45130.0,28943.0
2017,강원,참빛영동,냉난방용,34.0,4036.0
2017,강원,참빛영동,산업용,10.0,3633.0
2017,강원,참빛영동,수송용,0.0,0.0
2017,강원,참빛영동,업무난방용,39.0,1030.0
2017,강원,참빛영동,연료전지용,,
2017,강원,참빛영동,열병합용,0.0,0.0
2017,강원,참빛영동,일반용1,498.0,3414.0
2017,강원,참빛영동,일반용2,7.0,771.0
2017,강원,참빛영동,집단에너지용,0.0,0.0
2017,강원,참빛영동,취사용,3354.0,62.0
2017,강원,참빛원주,개별난방용,122253.0,80826.0
2017,강원,참빛원주,냉난방용,129.0,3610.0
2017,강원,참빛원주,산업용,148.0,40958.0
2017,강원,참빛원주,수송용,2.0,8956.0
2017,강원,참빛원주,업무난방용,1113.0,5353.0
2017,강원,참빛원주,연료전지용,,
2017,강원,참빛원주,열병합용,2.0,668.0
2017,강원,참빛원주,일반용1,2968.0,9068.0
2017,강원,참빛원주,일반용2,31.0,3160.0
2017,강원,참빛원주,집단에너지용,2.0,923.0
2017,강원,참빛원주,취사용,2634.0,161.0
2017,경기,대륜,개별난방용,273903.0,185464.0
2017,경기,대륜,냉난방용,192.0,5669.0
2017,경기,대륜,산업용,590.0,71831.0
2017,경기,대륜,수송용,5.0,24394.0
2017,경기,대륜,업무난방용,3284.0,17368.0
2017,경기,대륜,연료전지용,,
2017,경기,대륜,열병합용,9.0,2287.0
2017,경기,대륜,일반용1,9328.0,26280.0
2017,경기,대륜,일반용2,72.0,3839.0
2017,경기,대륜,집단에너지용,9.0,8774.0
2017,경기,대륜,취사용,29835.0,36740.0
2017,경기,삼천리,개별난방용,1804613.0,1046743.0
2017,경기,삼천리,냉난방용,1639.0,83412.0
2017,경기,삼천리,산업용,1945.0,1115556.0
2017,경기,삼천리,수송용,33.0,185412.0
2017,경기,삼천리,업무난방용,26016.0,131012.0
2017,경기,삼천리,연료전지용,,
2017,경기,삼천리,열병합용,503.0,126635.0
2017,경기,삼천리,일반용1,52770.0,212590.0
2017,경기,삼천리,일반용2,912.0,52889.0
2017,경기,삼천리,집단에너지용,45.0,72950.0
2017,경기,삼천리,취사용,766337.0,260736.0
2017,경기,서울,개별난방용,297336.0,197323.0
2017,경기,서울,냉난방용,494.0,13918.0
2017,경기,서울,산업용,418.0,89275.0
2017,경기,서울,수송용,10.0,65142.0
2017,경기,서울,업무난방용,10304.0,15585.0
2017,경기,서울,연료전지용,,
2017,경기,서울,열병합용,15.0,10429.0
2017,경기,서울,일반용1,24567.0,62726.0
2017,경기,서울,일반용2,332.0,11560.0
2017,경기,서울,집단에너지용,3.0,570.0
2017,경기,서울,취사용,326648.0,49043.0
2017,경기,예스코,개별난방용,280972.0,191993.0
2017,경기,예스코,냉난방용,170.0,6299.0
2017,경기,예스코,산업용,756.0,11358.0
2017,경기,예스코,수송용,5.0,21362.0
2017,경기,예스코,업무난방용,1856.0,3994.0
2017,경기,예스코,연료전지용,,
2017,경기,예스코,열병합용,1.0,134.0
2017,경기,예스코,일반용1,11269.0,29279.0
2017,경기,예스코,일반용2,97.0,7329.0
2017,경기,예스코,집단에너지용,2.0,1094.0
2017,경기,예스코,취사용,40556.0,36631.0
2017,경기,인천,개별난방용,5636.0,2408.0
2017,경기,인천,냉난방용,9.0,402.0
2017,경기,인천,산업용,64.0,9626.0
2017,경기,인천,수송용,3.0,8635.0
2017,경기,인천,업무난방용,124.0,374.0
2017,경기,인천,연료전지용,,
2017,경기,인천,열병합용,0.0,0.0
2017,경기,인천,일반용1,268.0,924.0
2017,경기,인천,일반용2,1.0,246.0
2017,경기,인천,집단에너지용,0.0,0.0
2017,경기,인천,취사용,2019.0,663.0
2017,경기,코원ES,개별난방용,464033.0,306546.0
2017,경기,코원ES,냉난방용,580.0,18717.0
2017,경기,코원ES,산업용,484.0,164348.0
2017,경기,코원ES,수송용,8.0,57926.0
2017,경기,코원ES,업무난방용,7192.0,30262.0
2017,경기,코원ES,연료전지용,,
2017,경기,코원ES,열병합용,139.0,959.0
2017,경기,코원ES,일반용1,20356.0,79762.0
2017,경기,코원ES,일반용2,253.0,14107.0
2017,경기,코원ES,집단에너지용,3.0,1103.0
2017,경기,코원ES,취사용,201720.0,67701.0
2017,경남,경남,개별난방용,644017.0,340152.0
2017,경남,경남,냉난방용,438.0,17799.0
2017,경남,경남,산업용,791.0,406878.0
2017,경남,경남,수송용,7.0,48910.0
2017,경남,경남,업무난방용,1601.0,20020.0
2017,경남,경남,연료전지용,,
2017,경남,경남,열병합용,14.0,4302.0
2017,경남,경남,일반용1,52586.0,49489.0
2017,경남,경남,일반용2,341.0,13424.0
2017,경남,경남,집단에너지용,2.0,12928.0
2017,경남,경남,취사용,52469.0,2743.0
2017,경남,경동,개별난방용,78256.0,46833.0
2017,경남,경동,냉난방용,43.0,1362.0
2017,경남,경동,산업용,260.0,93909.0
2017,경남,경동,수송용,2.0,6600.0
2017,경남,경동,업무난방용,277.0,969.0
2017,경남,경동,연료전지용,,
2017,경남,경동,열병합용,0.0,0.0
2017,경남,경동,일반용1,3571.0,10114.0
2017,경남,경동,일반용2,46.0,3361.0
2017,경남,경동,집단에너지용,1.0,23838.0
2017,경남,경동,취사용,40686.0,2028.0
2017,경남,지에스이,개별난방용,139024.0,80072.0
2017,경남,지에스이,냉난방용,114.0,3821.0
2017,경남,지에스이,산업용,57.0,40686.0
2017,경남,지에스이,수송용,2.0,6902.0
2017,경남,지에스이,업무난방용,457.0,1625.0
2017,경남,지에스이,연료전지용,,
2017,경남,지에스이,열병합용,2.0,194.0
2017,경남,지에스이,일반용1,3755.0,7684.0
2017,경남,지에스이,일반용2,68.0,3375.0
2017,경남,지에스이,집단에너지용,3.0,8733.0
2017,경남,지에스이,취사용,8985.0,429.0
2017,경북,대성,개별난방용,114948.0,65152.0
2017,경북,대성,냉난방용,171.0,4261.0
2017,경북,대성,산업용,134.0,45431.0
2017,경북,대성,수송용,3.0,21383.0
2017,경북,대성,업무난방용,361.0,1569.0
2017,경북,대성,연료전지용,,
2017,경북,대성,열병합용,1.0,0.0
2017,경북,대성,일반용1,1867.0,3963.0
2017,경북,대성,일반용2,118.0,2054.0
2017,경북,대성,집단에너지용,0.0,466.0
2017,경북,대성,취사용,1966.0,211.0
2017,경북,대성청정,개별난방용,71095.0,43527.0
2017,경북,대성청정,냉난방용,46.0,1459.0
2017,경북,대성청정,산업용,21.0,78874.0
2017,경북,대성청정,수송용,0.0,0.0
2017,경북,대성청정,업무난방용,825.0,1000.0
2017,경북,대성청정,연료전지용,,
2017,경북,대성청정,열병합용,1.0,91.0
2017,경북,대성청정,일반용1,1635.0,6020.0
2017,경북,대성청정,일반용2,0.0,0.0
2017,경북,대성청정,집단에너지용,0.0,0.0
2017,경북,대성청정,취사용,3518.0,320.0
2017,경북,서라벌,개별난방용,103642.0,48358.0
2017,경북,서라벌,냉난방용,55.0,2296.0
2017,경북,서라벌,산업용,136.0,90444.0
2017,경북,서라벌,수송용,1.0,4869.0
2017,경북,서라벌,업무난방용,400.0,3052.0
2017,경북,서라벌,연료전지용,,
2017,경북,서라벌,열병합용,0.0,0.0
2017,경북,서라벌,일반용1,1588.0,18176.0
2017,경북,서라벌,일반용2,0.0,0.0
2017,경북,서라벌,집단에너지용,0.0,0.0
2017,경북,서라벌,취사용,1807.0,11750.0
2017,경북,영남ES,개별난방용,255143.0,136027.0
2017,경북,영남ES,냉난방용,261.0,4707.0
2017,경북,영남ES,산업용,294.0,332221.0
2017,경북,영남ES,수송용,1.0,7793.0
2017,경북,영남ES,업무난방용,2024.0,12160.0
2017,경북,영남ES,연료전지용,,
2017,경북,영남ES,열병합용,2.0,482.0
2017,경북,영남ES,일반용1,6318.0,12277.0
2017,경북,영남ES,일반용2,595.0,10992.0
2017,경북,영남ES,집단에너지용,5.0,7736.0
2017,경북,영남ES,취사용,2345.0,31148.0
2017,경북,포항,개별난방용,177319.0,93033.0
2017,경북,포항,냉난방용,138.0,4768.0
2017,경북,포항,산업용,252.0,268194.0
2017,경북,포항,수송용,1.0,4073.0
2017,경북,포항,업무난방용,1259.0,4142.0
2017,경북,포항,연료전지용,,
2017,경북,포항,열병합용,4.0,4308.0
2017,경북,포항,일반용1,4469.0,14355.0
2017,경북,포항,일반용2,86.0,4790.0
2017,경북,포항,집단에너지용,2.0,2728.0
2017,경북,포항,취사용,9743.0,22865.0
2017,광주,해양,개별난방용,532453.0,338241.0
2017,광주,해양,냉난방용,341.0,25154.0
2017,광주,해양,산업용,658.0,134411.0
2017,광주,해양,수송용,6.0,39148.0
2017,광주,해양,업무난방용,5994.0,15353.0
2017,광주,해양,연료전지용,,
2017,광주,해양,열병합용,83.0,1045.0
2017,광주,해양,일반용1,15487.0,56361.0
2017,광주,해양,일반용2,184.0,8328.0
2017,광주,해양,집단에너지용,2.0,3186.0
2017,광주,해양,취사용,56062.0,3182.0
2017,대구,대성,개별난방용,803228.0,493760.0
2017,대구,대성,냉난방용,813.0,33234.0
2017,대구,대성,산업용,1275.0,230293.0
2017,대구,대성,수송용,9.0,65370.0
2017,대구,대성,업무난방용,4253.0,19428.0
2017,대구,대성,연료전지용,,
2017,대구,대성,열병합용,43.0,18002.0
2017,대구,대성,일반용1,19711.0,46341.0
2017,대구,대성,일반용2,1178.0,31186.0
2017,대구,대성,집단에너지용,35.0,9308.0
2017,대구,대성,취사용,159735.0,10062.0
2017,대전,CNCITY,개별난방용,483634.0,300725.0
2017,대전,CNCITY,냉난방용,1057.0,45772.0
2017,대전,CNCITY,산업용,266.0,99498.0
2017,대전,CNCITY,수송용,5.0,35499.0
2017,대전,CNCITY,업무난방용,5915.0,36585.0
2017,대전,CNCITY,연료전지용,,
2017,대전,CNCITY,열병합용,33.0,4621.0
2017,대전,CNCITY,일반용1,17982.0,67429.0
2017,대전,CNCITY,일반용2,173.0,9064.0
2017,대전,CNCITY,집단에너지용,3.0,30407.0
2017,대전,CNCITY,취사용,97819.0,59080.0
2017,부산,부산,개별난방용,1191514.0,505737.0
2017,부산,부산,냉난방용,1907.0,47064.0
2017,부산,부산,산업용,1119.0,386145.0
2017,부산,부산,수송용,14.0,113779.0
2017,부산,부산,업무난방용,4347.0,23161.0
2017,부산,부산,연료전지용,,
2017,부산,부산,열병합용,20.0,51994.0
2017,부산,부산,일반용1,48374.0,108805.0
2017,부산,부산,일반용2,1158.0,27873.0
2017,부산,부산,집단에너지용,2.0,22448.0
2017,부산,부산,취사용,128242.0,140367.0
2017,서울,귀뚜라미,개별난방용,321683.0,188532.0
2017,서울,귀뚜라미,냉난방용,340.0,11320.0
2017,서울,귀뚜라미,산업용,108.0,4609.0
2017,서울,귀뚜라미,수송용,4.0,41729.0
2017,서울,귀뚜라미,업무난방용,8098.0,22714.0
2017,서울,귀뚜라미,연료전지용,,
2017,서울,귀뚜라미,열병합용,9.0,2384.0
2017,서울,귀뚜라미,일반용1,10279.0,32830.0
2017,서울,귀뚜라미,일반용2,64.0,3223.0
2017,서울,귀뚜라미,집단에너지용,10.0,4530.0
2017,서울,귀뚜라미,취사용,34364.0,39661.0
2017,서울,대륜,개별난방용,405025.0,266660.0
2017,서울,대륜,냉난방용,479.0,14406.0
2017,서울,대륜,산업용,123.0,2516.0
2017,서울,대륜,수송용,8.0,58929.0
2017,서울,대륜,업무난방용,4504.0,25502.0
2017,서울,대륜,연료전지용,,
2017,서울,대륜,열병합용,7.0,4459.0
2017,서울,대륜,일반용1,13846.0,41469.0
2017,서울,대륜,일반용2,143.0,7315.0
2017,서울,대륜,집단에너지용,7.0,69836.0
2017,서울,대륜,취사용,131728.0,63361.0
2017,서울,서울,개별난방용,1315207.0,836890.0
2017,서울,서울,냉난방용,1963.0,88153.0
2017,서울,서울,산업용,70.0,5049.0
2017,서울,서울,수송용,8.0,71977.0
2017,서울,서울,업무난방용,51396.0,84597.0
2017,서울,서울,연료전지용,,
2017,서울,서울,열병합용,180.0,41449.0
2017,서울,서울,일반용1,70106.0,203698.0
2017,서울,서울,일반용2,422.0,17776.0
2017,서울,서울,집단에너지용,8.0,59598.0
2017,서울,서울,취사용,249236.0,142352.0
2017,서울,예스코,개별난방용,924135.0,534600.0
2017,서울,예스코,냉난방용,1725.0,96264.0
2017,서울,예스코,산업용,1572.0,10900.0
2017,서울,예스코,수송용,5.0,40663.0
2017,서울,예스코,업무난방용,12961.0,64630.0
2017,서울,예스코,연료전지용,,
2017,서울,예스코,열병합용,20.0,4613.0
2017,서울,예스코,일반용1,52252.0,186574.0
2017,서울,예스코,일반용2,348.0,17920.0
2017,서울,예스코,집단에너지용,16.0,3576.0
2017,서울,예스코,취사용,37777.0,102196.0
2017,서울,코원ES,개별난방용,506468.0,325325.0
2017,서울,코원ES,냉난방용,2217.0,97336.0
2017,서울,코원ES,산업용,36.0,5093.0
2017,서울,코원ES,수송용,6.0,58122.0
2017,서울,코원ES,업무난방용,20416.0,93539.0
2017,서울,코원ES,연료전지용,,
2017,서울,코원ES,열병합용,146.0,67134.0
2017,서울,코원ES,일반용1,31985.0,142876.0
2017,서울,코원ES,일반용2,213.0,12307.0
2017,서울,코원ES,집단에너지용,14.0,36005.0
2017,서울,코원ES,취사용,234162.0,72264.0
2017,세종,중부,개별난방용,30481.0,14251.0
2017,세종,중부,냉난방용,318.0,2392.0
2017,세종,중부,산업용,54.0,34412.0
2017,세종,중부,수송용,0.0,0.0
2017,세종,중부,업무난방용,263.0,566.0
2017,세종,중부,연료전지용,,
2017,세종,중부,열병합용,0.0,0.0
2017,세종,중부,일반용1,1566.0,4112.0
2017,세종,중부,일반용2,653.0,2933.0
2017,세종,중부,집단에너지용,1.0,2180.0
2017,세종,중부,취사용,56743.0,6898.0
2017,세종,충청ES,개별난방용,1922.0,1145.0
2017,세종,충청ES,냉난방용,2.0,194.0
2017,세종,충청ES,산업용,8.0,15598.0
2017,세종,충청ES,수송용,0.0,0.0
2017,세종,충청ES,업무난방용,14.0,39.0
2017,세종,충청ES,연료전지용,,
2017,세종,충청ES,열병합용,0.0,0.0
2017,세종,충청ES,일반용1,78.0,276.0
2017,세종,충청ES,일반용2,0.0,0.0
2017,세종,충청ES,집단에너지용,0.0,0.0
2017,세종,충청ES,취사용,0.0,0.0
2017,울산,경동,개별난방용,421557.0,282555.0
2017,울산,경동,냉난방용,290.0,11402.0
2017,울산,경동,산업용,312.0,1528459.0
2017,울산,경동,수송용,5.0,33655.0
2017,울산,경동,업무난방용,2906.0,10042.0
2017,울산,경동,연료전지용,,
2017,울산,경동,열병합용,4.0,356.0
2017,울산,경동,일반용1,16453.0,47868.0
2017,울산,경동,일반용2,188.0,8941.0
2017,울산,경동,집단에너지용,0.0,0.0
2017,울산,경동,취사용,5592.0,271.0
2017,인천,삼천리,개별난방용,299278.0,172559.0
2017,인천,삼천리,냉난방용,263.0,11523.0
2017,인천,삼천리,산업용,487.0,342374.0
2017,인천,삼천리,수송용,7.0,39469.0
2017,인천,삼천리,업무난방용,3351.0,15495.0
2017,인천,삼천리,연료전지용,,
2017,인천,삼천리,열병합용,57.0,2138.0
2017,인천,삼천리,일반용1,9182.0,40442.0
2017,인천,삼천리,일반용2,157.0,7208.0
2017,인천,삼천리,집단에너지용,11.0,5006.0
2017,인천,삼천리,취사용,91371.0,41197.0
2017,인천,인천,개별난방용,571130.0,329310.0
2017,인천,인천,냉난방용,465.0,19451.0
2017,인천,인천,산업용,248.0,211752.0
2017,인천,인천,수송용,9.0,55488.0
2017,인천,인천,업무난방용,10916.0,27854.0
2017,인천,인천,연료전지용,,
2017,인천,인천,열병합용,33.0,1143.0
2017,인천,인천,일반용1,14634.0,61763.0
2017,인천,인천,일반용2,309.0,21787.0
2017,인천,인천,집단에너지용,0.0,0.0
2017,인천,인천,취사용,130447.0,79316.0
2017,전남,대화,개별난방용,71716.0,36623.0
2017,전남,대화,냉난방용,49.0,1942.0
2017,전남,대화,산업용,99.0,72804.0
2017,전남,대화,수송용,2.0,9198.0
2017,전남,대화,업무난방용,545.0,2253.0
2017,전남,대화,연료전지용,,
2017,전남,대화,열병합용,1.0,703.0
2017,전남,대화,일반용1,1651.0,4725.0
2017,전남,대화,일반용2,31.0,4146.0
2017,전남,대화,집단에너지용,2.0,714.0
2017,전남,대화,취사용,7844.0,11040.0
2017,전남,목포,개별난방용,116317.0,51405.0
2017,전남,목포,냉난방용,135.0,4021.0
2017,전남,목포,산업용,144.0,27272.0
2017,전남,목포,수송용,3.0,6441.0
2017,전남,목포,업무난방용,296.0,1994.0
2017,전남,목포,연료전지용,,
2017,전남,목포,열병합용,0.0,0.0
2017,전남,목포,일반용1,3036.0,10390.0
2017,전남,목포,일반용2,28.0,2699.0
2017,전남,목포,집단에너지용,0.0,0.0
2017,전남,목포,취사용,0.0,12438.0
2017,전남,전남,개별난방용,138232.0,81822.0
2017,전남,전남,냉난방용,146.0,3828.0
2017,전남,전남,산업용,147.0,128380.0
2017,전남,전남,수송용,2.0,7216.0
2017,전남,전남,업무난방용,1079.0,3099.0
2017,전남,전남,연료전지용,,
2017,전남,전남,열병합용,2.0,1.0
2017,전남,전남,일반용1,3708.0,10305.0
2017,전남,전남,일반용2,34.0,2215.0
2017,전남,전남,집단에너지용,0.0,0.0
2017,전남,전남,취사용,4716.0,341.0
2017,전남,해양,개별난방용,52515.0,30580.0
2017,전남,해양,냉난방용,23.0,2680.0
2017,전남,해양,산업용,207.0,69311.0
2017,전남,해양,수송용,1.0,5623.0
2017,전남,해양,업무난방용,515.0,2394.0
2017,전남,해양,연료전지용,,
2017,전남,해양,열병합용,16.0,1593.0
2017,전남,해양,일반용1,1983.0,5825.0
2017,전남,해양,일반용2,24.0,775.0
2017,전남,해양,집단에너지용,1.0,9779.0
2017,전남,해양,취사용,10361.0,484.0
2017,전북,군산,개별난방용,98921.0,58237.0
2017,전북,군산,냉난방용,64.0,2106.0
2017,전북,군산,산업용,125.0,221384.0
2017,전북,군산,수송용,1.0,5419.0
2017,전북,군산,업무난방용,667.0,2897.0
2017,전북,군산,연료전지용,,
2017,전북,군산,열병합용,2.0,1532.0
2017,전북,군산,일반용1,1262.0,6126.0
2017,전북,군산,일반용2,0.0,0.0
2017,전북,군산,집단에너지용,2.0,0.0
2017,전북,군산,취사용,4476.0,7148.0
2017,전북,전북,개별난방용,310623.0,183754.0
2017,전북,전북,냉난방용,243.0,11418.0
2017,전북,전북,산업용,335.0,130500.0
2017,전북,전북,수송용,5.0,16711.0
2017,전북,전북,업무난방용,2850.0,8724.0
2017,전북,전북,연료전지용,,
2017,전북,전북,열병합용,2.0,190.0
2017,전북,전북,일반용1,8507.0,33005.0
2017,전북,전북,일반용2,0.0,0.0
2017,전북,전북,집단에너지용,2.0,482.0
2017,전북,전북,취사용,14748.0,32722.0
2017,전북,전북ES,개별난방용,97658.0,53186.0
2017,전북,전북ES,냉난방용,107.0,3176.0
2017,전북,전북ES,산업용,108.0,52528.0
2017,전북,전북ES,수송용,1.0,5359.0
2017,전북,전북ES,업무난방용,768.0,3127.0
2017,전북,전북ES,연료전지용,,
2017,전북,전북ES,열병합용,2.0,821.0
2017,전북,전북ES,일반용1,1791.0,5615.0
2017,전북,전북ES,일반용2,118.0,2510.0
2017,전북,전북ES,집단에너지용,4.0,3427.0
2017,전북,전북ES,취사용,7889.0,9706.0
2017,제주,제주,개별난방용,25556.0,11666.0
2017,제주,제주,냉난방용,37.0,3566.0
2017,제주,제주,산업용,0.0,0.0
2017,제주,제주,수송용,0.0,0.0
2017,제주,제주,업무난방용,114.0,2168.0
2017,제주,제주,연료전지용,,
2017,제주,제주,열병합용,0.0,0.0
2017,제주,제주,일반용1,249.0,1546.0
2017,제주,제주,일반용2,0.0,0.0
2017,제주,제주,집단에너지용,0.0,0.0
2017,제주,제주,취사용,0.0,2117.0
2017,충남,CNCITY,개별난방용,14745.0,9523.0
2017,충남,CNCITY,냉난방용,22.0,382.0
2017,충남,CNCITY,산업용,3.0,1277.0
2017,충남,CNCITY,수송용,0.0,0.0
2017,충남,CNCITY,업무난방용,189.0,4588.0
2017,충남,CNCITY,연료전지용,,
2017,충남,CNCITY,열병합용,0.0,0.0
2017,충남,CNCITY,일반용1,428.0,1636.0
2017,충남,CNCITY,일반용2,7.0,232.0
2017,충남,CNCITY,집단에너지용,0.0,0.0
2017,충남,CNCITY,취사용,107.0,1600.0
2017,충남,서해,개별난방용,131930.0,64890.0
2017,충남,서해,냉난방용,61.0,1393.0
2017,충남,서해,산업용,147.0,387768.0
2017,충남,서해,수송용,0.0,0.0
2017,충남,서해,업무난방용,936.0,2320.0
2017,충남,서해,연료전지용,,
2017,충남,서해,열병합용,2.0,0.0
2017,충남,서해,일반용1,2204.0,9796.0
2017,충남,서해,일반용2,0.0,0.0
2017,충남,서해,집단에너지용,1.0,8456.0
2017,충남,서해,취사용,10947.0,13641.0
2017,충남,중부,개별난방용,407108.0,213123.0
2017,충남,중부,냉난방용,359.0,13288.0
2017,충남,중부,산업용,431.0,468011.0
2017,충남,중부,수송용,2.0,14869.0
2017,충남,중부,업무난방용,3338.0,12965.0
2017,충남,중부,연료전지용,,
2017,충남,중부,열병합용,27.0,14177.0
2017,충남,중부,일반용1,5789.0,16811.0
2017,충남,중부,일반용2,2508.0,24629.0
2017,충남,중부,집단에너지용,7.0,36559.0
2017,충남,중부,취사용,31027.0,57762.0
2017,충북,참빛충북,개별난방용,61870.0,38182.0
2017,충북,참빛충북,냉난방용,62.0,1493.0
2017,충북,참빛충북,산업용,158.0,69708.0
2017,충북,참빛충북,수송용,0.0,0.0
2017,충북,참빛충북,업무난방용,272.0,1588.0
2017,충북,참빛충북,연료전지용,,
2017,충북,참빛충북,열병합용,0.0,0.0
2017,충북,참빛충북,일반용1,1042.0,4648.0
2017,충북,참빛충북,일반용2,0.0,0.0
2017,충북,참빛충북,집단에너지용,0.0,0.0
2017,충북,참빛충북,취사용,1798.0,22.0
2017,충북,충청ES,개별난방용,311602.0,206736.0
2017,충북,충청ES,냉난방용,292.0,12347.0
2017,충북,충청ES,산업용,394.0,380001.0
2017,충북,충청ES,수송용,3.0,21179.0
2017,충북,충청ES,업무난방용,3933.0,15760.0
2017,충북,충청ES,연료전지용,,
2017,충북,충청ES,열병합용,5.0,48.0
2017,충북,충청ES,일반용1,8453.0,28296.0
2017,충북,충청ES,일반용2,0.0,0.0
2017,충북,충청ES,집단에너지용,2.0,1094.0
2017,충북,충청ES,취사용,76951.0,3808.0
2018,강원,강원,개별난방용,115125.0,94017.0
2018,강원,강원,냉난방용,204.0,5485.0
2018,강원,강원,산업용,87.0,14957.0
2018,강원,강원,수송용,3.0,7220.0
2018,강원,강원,업무난방용,1430.0,7668.0
2018,강원,강원,연료전지용,,
2018,강원,강원,열병합용,27.0,1161.0
2018,강원,강원,일반용1,4033.0,28221.0
2018,강원,강원,일반용2,27.0,1311.0
2018,강원,강원,집단에너지용,8.0,1442.0
2018,강원,강원,취사용,9163.0,477.0
2018,강원,명성,개별난방용,835.0,455.0
2018,강원,명성,냉난방용,3.0,758.0
2018,강원,명성,산업용,0.0,0.0
2018,강원,명성,수송용,0.0,0.0
2018,강원,명성,업무난방용,4.0,79.0
2018,강원,명성,연료전지용,,
2018,강원,명성,열병합용,1.0,49.0
2018,강원,명성,일반용1,35.0,3300.0
2018,강원,명성,일반용2,0.0,0.0
2018,강원,명성,집단에너지용,0.0,0.0
2018,강원,명성,취사용,0.0,0.0
2018,강원,참빛,개별난방용,24836.0,13880.0
2018,강원,참빛,냉난방용,13.0,316.0
2018,강원,참빛,산업용,0.0,0.0
2018,강원,참빛,수송용,0.0,0.0
2018,강원,참빛,업무난방용,257.0,1218.0
2018,강원,참빛,연료전지용,,
2018,강원,참빛,열병합용,0.0,0.0
2018,강원,참빛,일반용1,542.0,2096.0
2018,강원,참빛,일반용2,71.0,6202.0
2018,강원,참빛,집단에너지용,0.0,0.0
2018,강원,참빛,취사용,478.0,5.0
2018,강원,참빛영동,개별난방용,53207.0,34429.0
2018,강원,참빛영동,냉난방용,34.0,5593.0
2018,강원,참빛영동,산업용,9.0,3903.0
2018,강원,참빛영동,수송용,0.0,0.0
2018,강원,참빛영동,업무난방용,42.0,1090.0
2018,강원,참빛영동,연료전지용,,
2018,강원,참빛영동,열병합용,0.0,0.0
2018,강원,참빛영동,일반용1,529.0,3699.0
2018,강원,참빛영동,일반용2,8.0,1530.0
2018,강원,참빛영동,집단에너지용,0.0,0.0
2018,강원,참빛영동,취사용,3292.0,35.0
2018,강원,참빛원주,개별난방용,130763.0,93198.0
2018,강원,참빛원주,냉난방용,133.0,4107.0
2018,강원,참빛원주,산업용,146.0,41556.0
2018,강원,참빛원주,수송용,2.0,8904.0
2018,강원,참빛원주,업무난방용,1123.0,5658.0
2018,강원,참빛원주,연료전지용,,
2018,강원,참빛원주,열병합용,1.0,484.0
2018,강원,참빛원주,일반용1,3130.0,9803.0
2018,강원,참빛원주,일반용2,21.0,2932.0
2018,강원,참빛원주,집단에너지용,1.0,608.0
2018,강원,참빛원주,취사용,1911.0,137.0
2018,경기,대륜,개별난방용,288664.0,199278.0
2018,경기,대륜,냉난방용,199.0,6256.0
2018,경기,대륜,산업용,608.0,76943.0
2018,경기,대륜,수송용,5.0,22480.0
2018,경기,대륜,업무난방용,2449.0,17904.0
2018,경기,대륜,연료전지용,,
2018,경기,대륜,열병합용,8.0,2424.0
2018,경기,대륜,일반용1,9717.0,28504.0
2018,경기,대륜,일반용2,72.0,3794.0
2018,경기,대륜,집단에너지용,10.0,23120.0
2018,경기,대륜,취사용,37006.0,34742.0
2018,경기,삼천리,개별난방용,1843147.0,1153890.0
2018,경기,삼천리,냉난방용,1708.0,93413.0
2018,경기,삼천리,산업용,1975.0,1170205.0
2018,경기,삼천리,수송용,33.0,185261.0
2018,경기,삼천리,업무난방용,25645.0,127914.0
2018,경기,삼천리,연료전지용,,
2018,경기,삼천리,열병합용,592.0,98456.0
2018,경기,삼천리,일반용1,55631.0,226100.0
2018,경기,삼천리,일반용2,920.0,57425.0
2018,경기,삼천리,집단에너지용,46.0,65249.0
2018,경기,삼천리,취사용,806307.0,228145.0
2018,경기,서울,개별난방용,311786.0,212731.0
2018,경기,서울,냉난방용,504.0,14949.0
2018,경기,서울,산업용,427.0,91256.0
2018,경기,서울,수송용,10.0,60956.0
2018,경기,서울,업무난방용,11370.0,17236.0
2018,경기,서울,연료전지용,,
2018,경기,서울,열병합용,12.0,34694.0
2018,경기,서울,일반용1,25765.0,67086.0
2018,경기,서울,일반용2,342.0,11960.0
2018,경기,서울,집단에너지용,2.0,913.0
2018,경기,서울,취사용,344916.0,48878.0
2018,경기,예스코,개별난방용,286151.0,212559.0
2018,경기,예스코,냉난방용,175.0,6903.0
2018,경기,예스코,산업용,754.0,11396.0
2018,경기,예스코,수송용,7.0,20058.0
2018,경기,예스코,업무난방용,1678.0,4029.0
2018,경기,예스코,연료전지용,,
2018,경기,예스코,열병합용,44.0,145.0
2018,경기,예스코,일반용1,10329.0,31156.0
2018,경기,예스코,일반용2,88.0,7452.0
2018,경기,예스코,집단에너지용,2.0,1119.0
2018,경기,예스코,취사용,43113.0,37478.0
2018,경기,인천,개별난방용,6112.0,2824.0
2018,경기,인천,냉난방용,10.0,418.0
2018,경기,인천,산업용,64.0,10185.0
2018,경기,인천,수송용,3.0,7175.0
2018,경기,인천,업무난방용,135.0,418.0
2018,경기,인천,연료전지용,,
2018,경기,인천,열병합용,0.0,0.0
2018,경기,인천,일반용1,358.0,1141.0
2018,경기,인천,일반용2,1.0,256.0
2018,경기,인천,집단에너지용,0.0,0.0
2018,경기,인천,취사용,3772.0,791.0
2018,경기,코원ES,개별난방용,478639.0,324213.0
2018,경기,코원ES,냉난방용,593.0,19672.0
2018,경기,코원ES,산업용,479.0,178490.0
2018,경기,코원ES,수송용,8.0,57478.0
2018,경기,코원ES,업무난방용,6763.0,27920.0
2018,경기,코원ES,연료전지용,,
2018,경기,코원ES,열병합용,174.0,962.0
2018,경기,코원ES,일반용1,20317.0,82662.0
2018,경기,코원ES,일반용2,255.0,14709.0
2018,경기,코원ES,집단에너지용,3.0,621.0
2018,경기,코원ES,취사용,219402.0,67791.0
2018,경남,경남,개별난방용,681141.0,387375.0
2018,경남,경남,냉난방용,454.0,17866.0
2018,경남,경남,산업용,801.0,396831.0
2018,경남,경남,수송용,7.0,48546.0
2018,경남,경남,업무난방용,1649.0,20542.0
2018,경남,경남,연료전지용,,
2018,경남,경남,열병합용,18.0,4356.0
2018,경남,경남,일반용1,54956.0,51598.0
2018,경남,경남,일반용2,348.0,14405.0
2018,경남,경남,집단에너지용,2.0,13893.0
2018,경남,경남,취사용,54864.0,2604.0
2018,경남,경동,개별난방용,80272.0,49953.0
2018,경남,경동,냉난방용,45.0,1435.0
2018,경남,경동,산업용,260.0,100438.0
2018,경남,경동,수송용,2.0,6884.0
2018,경남,경동,업무난방용,275.0,920.0
2018,경남,경동,연료전지용,,
2018,경남,경동,열병합용,0.0,0.0
2018,경남,경동,일반용1,3928.0,10710.0
2018,경남,경동,일반용2,50.0,3353.0
2018,경남,경동,집단에너지용,1.0,27647.0
2018,경남,경동,취사용,43665.0,2283.0
2018,경남,지에스이,개별난방용,152222.0,89102.0
2018,경남,지에스이,냉난방용,130.0,4003.0
2018,경남,지에스이,산업용,62.0,42835.0
2018,경남,지에스이,수송용,2.0,6251.0
2018,경남,지에스이,업무난방용,625.0,1705.0
2018,경남,지에스이,연료전지용,,
2018,경남,지에스이,열병합용,3.0,305.0
2018,경남,지에스이,일반용1,4059.0,8221.0
2018,경남,지에스이,일반용2,70.0,3358.0
2018,경남,지에스이,집단에너지용,2.0,45944.0
2018,경남,지에스이,취사용,11393.0,411.0
2018,경북,대성,개별난방용,118570.0,73129.0
2018,경북,대성,냉난방용,171.0,4155.0
2018,경북,대성,산업용,131.0,47081.0
2018,경북,대성,수송용,3.0,21633.0
2018,경북,대성,업무난방용,391.0,1636.0
2018,경북,대성,연료전지용,,
2018,경북,대성,열병합용,1.0,0.0
2018,경북,대성,일반용1,1875.0,3898.0
2018,경북,대성,일반용2,99.0,2124.0
2018,경북,대성,집단에너지용,0.0,0.0
2018,경북,대성,취사용,1944.0,155.0
2018,경북,대성청정,개별난방용,78263.0,51708.0
2018,경북,대성청정,냉난방용,46.0,1880.0
2018,경북,대성청정,산업용,24.0,82379.0
2018,경북,대성청정,수송용,0.0,0.0
2018,경북,대성청정,업무난방용,924.0,1380.0
2018,경북,대성청정,연료전지용,,
2018,경북,대성청정,열병합용,1.0,63.0
2018,경북,대성청정,일반용1,1823.0,6824.0
2018,경북,대성청정,일반용2,0.0,0.0
2018,경북,대성청정,집단에너지용,0.0,0.0
2018,경북,대성청정,취사용,3515.0,329.0
2018,경북,서라벌,개별난방용,113713.0,51703.0
2018,경북,서라벌,냉난방용,92.0,2439.0
2018,경북,서라벌,산업용,274.0,91529.0
2018,경북,서라벌,수송용,1.0,4496.0
2018,경북,서라벌,업무난방용,805.0,3162.0
2018,경북,서라벌,연료전지용,,
2018,경북,서라벌,열병합용,0.0,0.0
2018,경북,서라벌,일반용1,3675.0,18590.0
2018,경북,서라벌,일반용2,0.0,0.0
2018,경북,서라벌,집단에너지용,0.0,0.0
2018,경북,서라벌,취사용,1808.0,13582.0
2018,경북,영남ES,개별난방용,262047.0,146761.0
2018,경북,영남ES,냉난방용,277.0,5025.0
2018,경북,영남ES,산업용,284.0,344159.0
2018,경북,영남ES,수송용,1.0,7947.0
2018,경북,영남ES,업무난방용,2028.0,10804.0
2018,경북,영남ES,연료전지용,,
2018,경북,영남ES,열병합용,41.0,609.0
2018,경북,영남ES,일반용1,6330.0,12641.0
2018,경북,영남ES,일반용2,590.0,13069.0
2018,경북,영남ES,집단에너지용,5.0,10533.0
2018,경북,영남ES,취사용,3058.0,31987.0
2018,경북,포항,개별난방용,184347.0,101192.0
2018,경북,포항,냉난방용,141.0,5292.0
2018,경북,포항,산업용,256.0,268000.0
2018,경북,포항,수송용,1.0,4183.0
2018,경북,포항,업무난방용,1310.0,4295.0
2018,경북,포항,연료전지용,,
2018,경북,포항,열병합용,5.0,3572.0
2018,경북,포항,일반용1,4620.0,15118.0
2018,경북,포항,일반용2,83.0,4674.0
2018,경북,포항,집단에너지용,2.0,2977.0
2018,경북,포항,취사용,9521.0,23296.0
2018,광주,해양,개별난방용,549808.0,350772.0
2018,광주,해양,냉난방용,355.0,26384.0
2018,광주,해양,산업용,666.0,131698.0
2018,광주,해양,수송용,6.0,37081.0
2018,광주,해양,업무난방용,6009.0,15373.0
2018,광주,해양,연료전지용,,
2018,광주,해양,열병합용,99.0,1065.0
2018,광주,해양,일반용1,15904.0,57137.0
2018,광주,해양,일반용2,172.0,8201.0
2018,광주,해양,집단에너지용,2.0,3397.0
2018,광주,해양,취사용,52691.0,2912.0
2018,대구,대성,개별난방용,822339.0,547595.0
2018,대구,대성,냉난방용,822.0,33766.0
2018,대구,대성,산업용,1223.0,223118.0
2018,대구,대성,수송용,9.0,63751.0
2018,대구,대성,업무난방용,4355.0,20084.0
2018,대구,대성,연료전지용,,
2018,대구,대성,열병합용,60.0,18179.0
2018,대구,대성,일반용1,19753.0,47517.0
2018,대구,대성,일반용2,1147.0,30804.0
2018,대구,대성,집단에너지용,35.0,10329.0
2018,대구,대성,취사용,161809.0,9240.0
2018,대전,CNCITY,개별난방용,499071.0,319840.0
2018,대전,CNCITY,냉난방용,1086.0,48479.0
2018,대전,CNCITY,산업용,203.0,113744.0
2018,대전,CNCITY,수송용,5.0,36499.0
2018,대전,CNCITY,업무난방용,5719.0,36903.0
2018,대전,CNCITY,연료전지용,,
2018,대전,CNCITY,열병합용,31.0,4444.0
2018,대전,CNCITY,일반용1,18330.0,68394.0
2018,대전,CNCITY,일반용2,173.0,9335.0
2018,대전,CNCITY,집단에너지용,3.0,50509.0
2018,대전,CNCITY,취사용,93532.0,58042.0
2018,부산,부산,개별난방용,1233308.0,538759.0
2018,부산,부산,냉난방용,1966.0,35364.0
2018,부산,부산,산업용,881.0,372329.0
2018,부산,부산,수송용,14.0,112167.0
2018,부산,부산,업무난방용,4240.0,34020.0
2018,부산,부산,연료전지용,,
2018,부산,부산,열병합용,26.0,69655.0
2018,부산,부산,일반용1,50958.0,113492.0
2018,부산,부산,일반용2,1137.0,28329.0
2018,부산,부산,집단에너지용,2.0,17413.0
2018,부산,부산,취사용,133797.0,140310.0
2018,서울,귀뚜라미,개별난방용,328594.0,199041.0
2018,서울,귀뚜라미,냉난방용,345.0,11403.0
2018,서울,귀뚜라미,산업용,106.0,4116.0
2018,서울,귀뚜라미,수송용,4.0,41372.0
2018,서울,귀뚜라미,업무난방용,7784.0,22039.0
2018,서울,귀뚜라미,연료전지용,,
2018,서울,귀뚜라미,열병합용,9.0,3399.0
2018,서울,귀뚜라미,일반용1,10570.0,34894.0
2018,서울,귀뚜라미,일반용2,60.0,3196.0
2018,서울,귀뚜라미,집단에너지용,8.0,4343.0
2018,서울,귀뚜라미,취사용,33119.0,39236.0
2018,서울,대륜,개별난방용,417452.0,290547.0
2018,서울,대륜,냉난방용,481.0,14670.0
2018,서울,대륜,산업용,126.0,2394.0
2018,서울,대륜,수송용,8.0,59581.0
2018,서울,대륜,업무난방용,3975.0,25670.0
2018,서울,대륜,연료전지용,,
2018,서울,대륜,열병합용,7.0,5019.0
2018,서울,대륜,일반용1,13969.0,41698.0
2018,서울,대륜,일반용2,133.0,6942.0
2018,서울,대륜,집단에너지용,7.0,74894.0
2018,서울,대륜,취사용,127997.0,54452.0
2018,서울,서울,개별난방용,1341033.0,876041.0
2018,서울,서울,냉난방용,1939.0,92133.0
2018,서울,서울,산업용,61.0,4972.0
2018,서울,서울,수송용,8.0,73100.0
2018,서울,서울,업무난방용,52706.0,88252.0
2018,서울,서울,연료전지용,,
2018,서울,서울,열병합용,176.0,42305.0
2018,서울,서울,일반용1,71979.0,217231.0
2018,서울,서울,일반용2,409.0,17740.0
2018,서울,서울,집단에너지용,8.0,73705.0
2018,서울,서울,취사용,249733.0,137701.0
2018,서울,예스코,개별난방용,921871.0,577513.0
2018,서울,예스코,냉난방용,1676.0,98652.0
2018,서울,예스코,산업용,1531.0,10230.0
2018,서울,예스코,수송용,6.0,39765.0
2018,서울,예스코,업무난방용,10521.0,62974.0
2018,서울,예스코,연료전지용,,
2018,서울,예스코,열병합용,55.0,4722.0
2018,서울,예스코,일반용1,45851.0,192843.0
2018,서울,예스코,일반용2,275.0,15522.0
2018,서울,예스코,집단에너지용,16.0,3820.0
2018,서울,예스코,취사용,31777.0,102738.0
2018,서울,코원ES,개별난방용,504737.0,339072.0
2018,서울,코원ES,냉난방용,2174.0,98963.0
2018,서울,코원ES,산업용,25.0,3260.0
2018,서울,코원ES,수송용,6.0,56397.0
2018,서울,코원ES,업무난방용,18601.0,77780.0
2018,서울,코원ES,연료전지용,,
2018,서울,코원ES,열병합용,157.0,65474.0
2018,서울,코원ES,일반용1,30925.0,161224.0
2018,서울,코원ES,일반용2,204.0,14143.0
2018,서울,코원ES,집단에너지용,14.0,54853.0
2018,서울,코원ES,취사용,230023.0,72372.0
2018,세종,중부,개별난방용,31474.0,15553.0
2018,세종,중부,냉난방용,340.0,2867.0
2018,세종,중부,산업용,54.0,37470.0
2018,세종,중부,수송용,0.0,0.0
2018,세종,중부,업무난방용,292.0,736.0
2018,세종,중부,연료전지용,,
2018,세종,중부,열병합용,3.0,4.0
2018,세종,중부,일반용1,2046.0,5163.0
2018,세종,중부,일반용2,645.0,2900.0
2018,세종,중부,집단에너지용,1.0,1176.0
2018,세종,중부,취사용,66702.0,7482.0
2018,세종,충청ES,개별난방용,2058.0,1244.0
2018,세종,충청ES,냉난방용,5.0,123.0
2018,세종,충청ES,산업용,8.0,14325.0
2018,세종,충청ES,수송용,0.0,0.0
2018,세종,충청ES,업무난방용,16.0,13.0
2018,세종,충청ES,연료전지용,,
2018,세종,충청ES,열병합용,0.0,0.0
2018,세종,충청ES,일반용1,80.0,302.0
2018,세종,충청ES,일반용2,0.0,0.0
2018,세종,충청ES,집단에너지용,0.0,0.0
2018,세종,충청ES,취사용,0.0,0.0
2018,울산,경동,개별난방용,428088.0,301856.0
2018,울산,경동,냉난방용,306.0,11859.0
2018,울산,경동,산업용,312.0,2158399.0
2018,울산,경동,수송용,5.0,33480.0
2018,울산,경동,업무난방용,2973.0,10676.0
2018,울산,경동,연료전지용,,
2018,울산,경동,열병합용,6.0,633.0
2018,울산,경동,일반용1,16744.0,49308.0
2018,울산,경동,일반용2,179.0,8558.0
2018,울산,경동,집단에너지용,2.0,21055.0
2018,울산,경동,취사용,5435.0,250.0
2018,인천,삼천리,개별난방용,300218.0,190620.0
2018,인천,삼천리,냉난방용,280.0,12772.0
2018,인천,삼천리,산업용,468.0,312231.0
2018,인천,삼천리,수송용,7.0,38122.0
2018,인천,삼천리,업무난방용,3289.0,15060.0
2018,인천,삼천리,연료전지용,,
2018,인천,삼천리,열병합용,62.0,2140.0
2018,인천,삼천리,일반용1,9641.0,42628.0
2018,인천,삼천리,일반용2,157.0,7244.0
2018,인천,삼천리,집단에너지용,11.0,12963.0
2018,인천,삼천리,취사용,95393.0,34819.0
2018,인천,인천,개별난방용,582937.0,359635.0
2018,인천,인천,냉난방용,496.0,21329.0
2018,인천,인천,산업용,284.0,280660.0
2018,인천,인천,수송용,9.0,60088.0
2018,인천,인천,업무난방용,10535.0,28755.0
2018,인천,인천,연료전지용,,
2018,인천,인천,열병합용,33.0,1043.0
2018,인천,인천,일반용1,15367.0,64930.0
2018,인천,인천,일반용2,312.0,21199.0
2018,인천,인천,집단에너지용,0.0,0.0
2018,인천,인천,취사용,137419.0,80321.0
2018,전남,대화,개별난방용,82824.0,45640.0
2018,전남,대화,냉난방용,52.0,1992.0
2018,전남,대화,산업용,104.0,138227.0
2018,전남,대화,수송용,2.0,9301.0
2018,전남,대화,업무난방용,570.0,2017.0
2018,전남,대화,연료전지용,,
2018,전남,대화,열병합용,1.0,293.0
2018,전남,대화,일반용1,1946.0,5519.0
2018,전남,대화,일반용2,33.0,4173.0
2018,전남,대화,집단에너지용,3.0,2679.0
2018,전남,대화,취사용,527.0,5504.0
2018,전남,목포,개별난방용,109909.0,54773.0
2018,전남,목포,냉난방용,136.0,3988.0
2018,전남,목포,산업용,150.0,32330.0
2018,전남,목포,수송용,3.0,6216.0
2018,전남,목포,업무난방용,314.0,1962.0
2018,전남,목포,연료전지용,,
2018,전남,목포,열병합용,0.0,0.0
2018,전남,목포,일반용1,3235.0,10626.0
2018,전남,목포,일반용2,29.0,2745.0
2018,전남,목포,집단에너지용,0.0,0.0
2018,전남,목포,취사용,11367.0,12769.0
2018,전남,전남,개별난방용,145584.0,86735.0
2018,전남,전남,냉난방용,161.0,3722.0
2018,전남,전남,산업용,143.0,158482.0
2018,전남,전남,수송용,2.0,7351.0
2018,전남,전남,업무난방용,1106.0,3193.0
2018,전남,전남,연료전지용,,
2018,전남,전남,열병합용,2.0,1.0
2018,전남,전남,일반용1,3961.0,10895.0
2018,전남,전남,일반용2,35.0,2185.0
2018,전남,전남,집단에너지용,0.0,0.0
2018,전남,전남,취사용,3746.0,288.0
2018,전남,해양,개별난방용,58428.0,33488.0
2018,전남,해양,냉난방용,22.0,2884.0
2018,전남,해양,산업용,219.0,74136.0
2018,전남,해양,수송용,1.0,6605.0
2018,전남,해양,업무난방용,550.0,2533.0
2018,전남,해양,연료전지용,,
2018,전남,해양,열병합용,17.0,367.0
2018,전남,해양,일반용1,2195.0,6459.0
2018,전남,해양,일반용2,24.0,1046.0
2018,전남,해양,집단에너지용,1.0,12435.0
2018,전남,해양,취사용,11018.0,517.0
2018,전북,군산,개별난방용,105066.0,60816.0
2018,전북,군산,냉난방용,74.0,2331.0
2018,전북,군산,산업용,129.0,233728.0
2018,전북,군산,수송용,1.0,5534.0
2018,전북,군산,업무난방용,705.0,3056.0
2018,전북,군산,연료전지용,,
2018,전북,군산,열병합용,2.0,1566.0
2018,전북,군산,일반용1,1355.0,6272.0
2018,전북,군산,일반용2,0.0,0.0
2018,전북,군산,집단에너지용,0.0,0.0
2018,전북,군산,취사용,4476.0,8378.0
2018,전북,전북,개별난방용,321657.0,197148.0
2018,전북,전북,냉난방용,254.0,12121.0
2018,전북,전북,산업용,354.0,147986.0
2018,전북,전북,수송용,5.0,17585.0
2018,전북,전북,업무난방용,2858.0,9509.0
2018,전북,전북,연료전지용,,
2018,전북,전북,열병합용,1.0,659.0
2018,전북,전북,일반용1,8839.0,33757.0
2018,전북,전북,일반용2,0.0,0.0
2018,전북,전북,집단에너지용,2.0,473.0
2018,전북,전북,취사용,14496.0,34007.0
2018,전북,전북ES,개별난방용,100692.0,55952.0
2018,전북,전북ES,냉난방용,128.0,3447.0
2018,전북,전북ES,산업용,119.0,58173.0
2018,전북,전북ES,수송용,1.0,5490.0
2018,전북,전북ES,업무난방용,770.0,3751.0
2018,전북,전북ES,연료전지용,,
2018,전북,전북ES,열병합용,2.0,825.0
2018,전북,전북ES,일반용1,1877.0,6070.0
2018,전북,전북ES,일반용2,125.0,2580.0
2018,전북,전북ES,집단에너지용,4.0,2419.0
2018,전북,전북ES,취사용,10323.0,10021.0
2018,제주,제주,개별난방용,27762.0,12122.0
2018,제주,제주,냉난방용,41.0,3687.0
2018,제주,제주,산업용,0.0,0.0
2018,제주,제주,수송용,0.0,0.0
2018,제주,제주,업무난방용,159.0,2885.0
2018,제주,제주,연료전지용,,
2018,제주,제주,열병합용,0.0,0.0
2018,제주,제주,일반용1,262.0,1626.0
2018,제주,제주,일반용2,0.0,0.0
2018,제주,제주,집단에너지용,0.0,0.0
2018,제주,제주,취사용,0.0,2257.0
2018,충남,CNCITY,개별난방용,14938.0,10310.0
2018,충남,CNCITY,냉난방용,22.0,472.0
2018,충남,CNCITY,산업용,4.0,1184.0
2018,충남,CNCITY,수송용,0.0,0.0
2018,충남,CNCITY,업무난방용,212.0,4551.0
2018,충남,CNCITY,연료전지용,,
2018,충남,CNCITY,열병합용,0.0,0.0
2018,충남,CNCITY,일반용1,422.0,1681.0
2018,충남,CNCITY,일반용2,7.0,287.0
2018,충남,CNCITY,집단에너지용,0.0,0.0
2018,충남,CNCITY,취사용,111.0,1549.0
2018,충남,서해,개별난방용,143479.0,68784.0
2018,충남,서해,냉난방용,74.0,1418.0
2018,충남,서해,산업용,165.0,439665.0
2018,충남,서해,수송용,0.0,0.0
2018,충남,서해,업무난방용,1004.0,2286.0
2018,충남,서해,연료전지용,,
2018,충남,서해,열병합용,2.0,0.0
2018,충남,서해,일반용1,2465.0,9883.0
2018,충남,서해,일반용2,0.0,0.0
2018,충남,서해,집단에너지용,1.0,8765.0
2018,충남,서해,취사용,11543.0,13743.0
2018,충남,중부,개별난방용,430239.0,234023.0
2018,충남,중부,냉난방용,369.0,13888.0
2018,충남,중부,산업용,447.0,488747.0
2018,충남,중부,수송용,2.0,15386.0
2018,충남,중부,업무난방용,3439.0,13706.0
2018,충남,중부,연료전지용,,
2018,충남,중부,열병합용,55.0,18479.0
2018,충남,중부,일반용1,6364.0,18014.0
2018,충남,중부,일반용2,2678.0,25176.0
2018,충남,중부,집단에너지용,7.0,50692.0
2018,충남,중부,취사용,33781.0,61320.0
2018,충북,참빛충북,개별난방용,67844.0,47232.0
2018,충북,참빛충북,냉난방용,66.0,1569.0
2018,충북,참빛충북,산업용,165.0,72173.0
2018,충북,참빛충북,수송용,0.0,0.0
2018,충북,참빛충북,업무난방용,354.0,1668.0
2018,충북,참빛충북,연료전지용,,
2018,충북,참빛충북,열병합용,0.0,0.0
2018,충북,참빛충북,일반용1,1086.0,4818.0
2018,충북,참빛충북,일반용2,0.0,0.0
2018,충북,참빛충북,집단에너지용,0.0,0.0
2018,충북,참빛충북,취사용,1740.0,20.0
2018,충북,충청ES,개별난방용,328437.0,224447.0
2018,충북,충청ES,냉난방용,474.0,14078.0
2018,충북,충청ES,산업용,409.0,412409.0
2018,충북,충청ES,수송용,3.0,21571.0
2018,충북,충청ES,업무난방용,3933.0,17173.0
2018,충북,충청ES,연료전지용,,
2018,충북,충청ES,열병합용,3.0,19.0
2018,충북,충청ES,일반용1,8870.0,31371.0
2018,충북,충청ES,일반용2,0.0,0.0
2018,충북,충청ES,집단에너지용,2.0,1158.0
2018,충북,충청ES,취사용,60746.0,3827.0
2019,강원,강원,개별난방용,123755.0,87626.04824022067
2019,강원,강원,냉난방용,242.0,5212.979564800001
2019,강원,강원,산업용,98.0,15341.8437704
2019,강원,강원,수송용,2.0,6057.8785654
2019,강원,강원,업무난방용,1416.0,7097.847086100001
2019,강원,강원,연료전지용,24.0,43.52841500000001
2019,강원,강원,열병합용,2.0,921.112652
2019,강원,강원,일반용1,4241.0,30303.7858984
2019,강원,강원,일반용2,30.0,1157.0227619
2019,강원,강원,집단에너지용,5.0,1146.848
2019,강원,강원,취사용,8165.0,3919.102811877496
2019,강원,명성,개별난방용,848.0,205.714
2019,강원,명성,냉난방용,3.0,37.922
2019,강원,명성,산업용,0.0,0.0
2019,강원,명성,수송용,0.0,0.0
2019,강원,명성,업무난방용,4.0,183.314
2019,강원,명성,연료전지용,1.0,96.317
2019,강원,명성,열병합용,0.0,92.292
2019,강원,명성,일반용1,41.0,9546.979
2019,강원,명성,일반용2,0.0,0.0
2019,강원,명성,집단에너지용,0.0,0.0
2019,강원,명성,취사용,0.0,120.557
2019,강원,참빛,개별난방용,27176.0,13751.0
2019,강원,참빛,냉난방용,16.0,651.0
2019,강원,참빛,산업용,0.0,0.0
2019,강원,참빛,수송용,0.0,0.0
2019,강원,참빛,업무난방용,200.0,1006.0
2019,강원,참빛,연료전지용,0.0,0.0
2019,강원,참빛,열병합용,0.0,0.0
2019,강원,참빛,일반용1,1196.0,1791.0
2019,강원,참빛,일반용2,73.0,6315.0
2019,강원,참빛,집단에너지용,0.0,0.0
2019,강원,참빛,취사용,442.0,12.0
2019,강원,참빛영동,개별난방용,57717.0,34133.0
2019,강원,참빛영동,냉난방용,37.0,5151.0
2019,강원,참빛영동,산업용,9.0,4539.0
2019,강원,참빛영동,수송용,0.0,0.0
2019,강원,참빛영동,업무난방용,44.0,917.0
2019,강원,참빛영동,연료전지용,0.0,0.0
2019,강원,참빛영동,열병합용,0.0,0.0
2019,강원,참빛영동,일반용1,578.0,3948.0
2019,강원,참빛영동,일반용2,9.0,1881.0
2019,강원,참빛영동,집단에너지용,0.0,0.0
2019,강원,참빛영동,취사용,3238.0,15.0
2019,강원,참빛원주,개별난방용,139608.0,770.9700456
2019,강원,참빛원주,냉난방용,141.0,3815.068052600001
2019,강원,참빛원주,산업용,164.0,44086.21736839999
2019,강원,참빛원주,수송용,2.0,8153.348071500001
2019,강원,참빛원주,업무난방용,1133.0,5292.6229519
2019,강원,참빛원주,연료전지용,2.0,0.0069264999999999
2019,강원,참빛원주,열병합용,1.0,401.5219999999999
2019,강원,참빛원주,일반용1,3367.0,10164.0910413
2019,강원,참빛원주,일반용2,22.0,2378.0232356
2019,강원,참빛원주,집단에너지용,1.0,286.542
2019,강원,참빛원주,취사용,1856.0,94643.30301130004
2019,경기,대륜,개별난방용,297761.0,177396.73824534
2019,경기,대륜,냉난방용,205.0,5452.83999
2019,경기,대륜,산업용,652.0,82911.45021000001
2019,경기,대륜,수송용,5.0,21928.57
2019,경기,대륜,업무난방용,2416.0,15790.50853
2019,경기,대륜,연료전지용,3.0,0.0
2019,경기,대륜,열병합용,8.0,3504.228
2019,경기,대륜,일반용1,10108.0,29633.38775
2019,경기,대륜,일반용2,78.0,3840.84964
2019,경기,대륜,집단에너지용,9.0,14721.141
2019,경기,대륜,취사용,39953.0,43688.59684466
2019,경기,삼천리,개별난방용,1865684.0,918272.76537666
2019,경기,삼천리,냉난방용,1856.0,80203.01243921
2019,경기,삼천리,산업용,1956.0,1142846.9039487
2019,경기,삼천리,수송용,33.0,184386.7899975
2019,경기,삼천리,업무난방용,24971.0,129330.665244
2019,경기,삼천리,연료전지용,715.0,53518.2792472
2019,경기,삼천리,열병합용,29.0,31705.4331831
2019,경기,삼천리,일반용1,59085.0,230773.65278051
2019,경기,삼천리,일반용2,961.0,57899.34205588
2019,경기,삼천리,집단에너지용,43.0,12325.5975492
2019,경기,삼천리,취사용,840096.0,394939.06277839
2019,경기,서울,개별난방용,322366.0,201647.0
2019,경기,서울,냉난방용,538.0,14557.0
2019,경기,서울,산업용,446.0,85950.1
2019,경기,서울,수송용,10.0,61004.4
2019,경기,서울,업무난방용,11658.0,16276.3
2019,경기,서울,연료전지용,16.0,14.90738181
2019,경기,서울,열병합용,3.0,31337.45629059
2019,경기,서울,일반용1,27246.0,67477.0
2019,경기,서울,일반용2,363.0,11341.0
2019,경기,서울,집단에너지용,2.0,1255.3
2019,경기,서울,취사용,361012.0,48828.0
2019,경기,예스코,개별난방용,258174.0,203234.0751097
2019,경기,예스코,냉난방용,191.0,6315.1645469
2019,경기,예스코,산업용,877.0,10633.3711899
2019,경기,예스코,수송용,8.0,21139.836
2019,경기,예스코,업무난방용,1743.0,3759.9793972
2019,경기,예스코,연료전지용,44.0,127.3926587
2019,경기,예스코,열병합용,1.0,0.0
2019,경기,예스코,일반용1,11095.0,31632.724988
2019,경기,예스코,일반용2,94.0,7267.0283985
2019,경기,예스코,집단에너지용,1.0,0.0
2019,경기,예스코,취사용,95980.0,38386.41249
2019,경기,인천,개별난방용,5955.0,2729.0
2019,경기,인천,냉난방용,10.0,376.0
2019,경기,인천,산업용,71.0,11318.0
2019,경기,인천,수송용,3.0,6695.0
2019,경기,인천,업무난방용,134.0,465.0
2019,경기,인천,연료전지용,0.0,0.0
2019,경기,인천,열병합용,0.0,0.0
2019,경기,인천,일반용1,439.0,1480.0
2019,경기,인천,일반용2,3.0,230.0
2019,경기,인천,집단에너지용,0.0,0.0
2019,경기,인천,취사용,4872.0,869.0
2019,경기,코원ES,개별난방용,490313.0,307740.0
2019,경기,코원ES,냉난방용,618.0,18935.0
2019,경기,코원ES,산업용,451.0,172124.0
2019,경기,코원ES,수송용,8.0,56314.0
2019,경기,코원ES,업무난방용,6665.0,27151.0
2019,경기,코원ES,연료전지용,191.0,265.0
2019,경기,코원ES,열병합용,3.0,3768.0
2019,경기,코원ES,일반용1,20835.0,83104.0
2019,경기,코원ES,일반용2,248.0,15357.0
2019,경기,코원ES,집단에너지용,3.0,2738.0
2019,경기,코원ES,취사용,208741.0,70128.0
2019,경남,경남,개별난방용,724035.0,378103.192
2019,경남,경남,냉난방용,471.0,16226.4465
2019,경남,경남,산업용,824.0,376023.2794
2019,경남,경남,수송용,7.0,47380.10860000001
2019,경남,경남,업무난방용,1742.0,19992.3139
2019,경남,경남,연료전지용,4.0,1.9387
2019,경남,경남,열병합용,15.0,4386.941
2019,경남,경남,일반용1,46829.0,48299.6055
2019,경남,경남,일반용2,360.0,14062.85
2019,경남,경남,집단에너지용,2.0,14118.007
2019,경남,경남,취사용,60878.0,2361.4203
2019,경남,경동,개별난방용,82208.0,47382.747
2019,경남,경동,냉난방용,52.0,1546.28
2019,경남,경동,산업용,267.0,97724.639
2019,경남,경동,수송용,2.0,6496.300999999999
2019,경남,경동,업무난방용,280.0,868.4469999999999
2019,경남,경동,연료전지용,0.0,0.0
2019,경남,경동,열병합용,0.0,0.0
2019,경남,경동,일반용1,4095.0,11126.203
2019,경남,경동,일반용2,50.0,3162.111
2019,경남,경동,집단에너지용,1.0,25736.29200000001
2019,경남,경동,취사용,43302.0,2250.841
2019,경남,지에스이,개별난방용,161408.0,88427.0
2019,경남,지에스이,냉난방용,156.0,4004.0
2019,경남,지에스이,산업용,64.0,41126.0
2019,경남,지에스이,수송용,2.0,5931.0
2019,경남,지에스이,업무난방용,516.0,1597.0
2019,경남,지에스이,연료전지용,6.0,435.0
2019,경남,지에스이,열병합용,2.0,46848.0
2019,경남,지에스이,일반용1,4470.0,8928.0
2019,경남,지에스이,일반용2,75.0,2980.0
2019,경남,지에스이,집단에너지용,1.0,534.0
2019,경남,지에스이,취사용,12729.0,445.0
2019,경북,대성,개별난방용,122426.0,71862.16973200001
2019,경북,대성,냉난방용,174.0,3724.47867
2019,경북,대성,산업용,130.0,48439.737459
2019,경북,대성,수송용,3.0,20786.76561
2019,경북,대성,업무난방용,432.0,1492.450436
2019,경북,대성,연료전지용,3.0,0.286341
2019,경북,대성,열병합용,0.0,0.0
2019,경북,대성,일반용1,1885.0,4052.24983
2019,경북,대성,일반용2,99.0,2303.218467
2019,경북,대성,집단에너지용,0.0,0.0
2019,경북,대성,취사용,1844.0,121.068374
2019,경북,대성청정,개별난방용,77474.0,52017.0
2019,경북,대성청정,냉난방용,78.0,1811.0
2019,경북,대성청정,산업용,81.0,87110.0
2019,경북,대성청정,수송용,0.0,0.0
2019,경북,대성청정,업무난방용,771.0,1473.0
2019,경북,대성청정,연료전지용,1.0,69.0
2019,경북,대성청정,열병합용,0.0,0.0
2019,경북,대성청정,일반용1,1832.0,7904.0
2019,경북,대성청정,일반용2,0.0,0.0
2019,경북,대성청정,집단에너지용,0.0,0.0
2019,경북,대성청정,취사용,5930.0,528.0
2019,경북,서라벌,개별난방용,118233.0,50265.0
2019,경북,서라벌,냉난방용,98.0,2392.0
2019,경북,서라벌,산업용,285.0,99869.0
2019,경북,서라벌,수송용,1.0,4610.0
2019,경북,서라벌,업무난방용,840.0,3044.0
2019,경북,서라벌,연료전지용,0.0,0.0
2019,경북,서라벌,열병합용,0.0,0.0
2019,경북,서라벌,일반용1,4047.0,18538.0
2019,경북,서라벌,일반용2,0.0,0.0
2019,경북,서라벌,집단에너지용,0.0,0.0
2019,경북,서라벌,취사용,1954.0,14012.0
2019,경북,영남ES(구미),개별난방용,269604.0,136581.06750387
2019,경북,영남ES(구미),냉난방용,204.0,4707.506205
2019,경북,영남ES(구미),산업용,304.0,336711.72779121
2019,경북,영남ES(구미),수송용,1.0,7222.936089
2019,경북,영남ES(구미),업무난방용,1990.0,10766.885662
2019,경북,영남ES(구미),연료전지용,28.0,1165.7181585
2019,경북,영남ES(구미),열병합용,3.0,15866.117
2019,경북,영남ES(구미),일반용1,6765.0,14082.038117
2019,경북,영남ES(구미),일반용2,83.0,10114.8691958
2019,경북,영남ES(구미),집단에너지용,1.0,7984.502
2019,경북,영남ES(구미),취사용,2996.0,33375.46671973
2019,경북,영남ES(포항),개별난방용,190318.0,95847.0
2019,경북,영남ES(포항),냉난방용,148.0,4607.0
2019,경북,영남ES(포항),산업용,261.0,263083.0
2019,경북,영남ES(포항),수송용,1.0,4545.0
2019,경북,영남ES(포항),업무난방용,1311.0,3970.0
2019,경북,영남ES(포항),연료전지용,1.0,1169.0
2019,경북,영남ES(포항),열병합용,4.0,1497.0
2019,경북,영남ES(포항),일반용1,4694.0,15136.0
2019,경북,영남ES(포항),일반용2,81.0,4645.0
2019,경북,영남ES(포항),집단에너지용,2.0,2849.0
2019,경북,영남ES(포항),취사용,9429.0,23318.0
2019,광주,해양,개별난방용,567335.0,276409.0
2019,광주,해양,냉난방용,412.0,23486.0
2019,광주,해양,산업용,656.0,127998.0
2019,광주,해양,수송용,6.0,35194.0
2019,광주,해양,업무난방용,6028.0,14596.0
2019,광주,해양,연료전지용,94.0,147.202
2019,광주,해양,열병합용,3.0,889.0
2019,광주,해양,일반용1,16403.0,57423.0
2019,광주,해양,일반용2,164.0,7788.0
2019,광주,해양,집단에너지용,2.0,3081.0
2019,광주,해양,취사용,50677.0,73250.0
2019,대구,대성,개별난방용,838291.0,525881.147325
2019,대구,대성,냉난방용,828.0,30577.063587
2019,대구,대성,산업용,1193.0,221372.125004
2019,대구,대성,수송용,9.0,63353.2648
2019,대구,대성,업무난방용,4775.0,18967.13281699999
2019,대구,대성,연료전지용,40.0,7863.369923999999
2019,대구,대성,열병합용,19.0,8689.476
2019,대구,대성,일반용1,19792.0,48168.31508
2019,대구,대성,일반용2,1094.0,29105.74309
2019,대구,대성,집단에너지용,34.0,9058.686999999998
2019,대구,대성,취사용,162578.0,8878.598983999998
2019,대전,CNCITY,개별난방용,507640.0,306600.0
2019,대전,CNCITY,냉난방용,1076.0,44532.0
2019,대전,CNCITY,산업용,183.0,119403.0
2019,대전,CNCITY,수송용,5.0,36749.0
2019,대전,CNCITY,업무난방용,5271.0,33632.0
2019,대전,CNCITY,연료전지용,25.0,499.0
2019,대전,CNCITY,열병합용,22.0,59162.0
2019,대전,CNCITY,일반용1,18876.0,67996.0
2019,대전,CNCITY,일반용2,166.0,9126.0
2019,대전,CNCITY,집단에너지용,1.0,360.0
2019,대전,CNCITY,취사용,96571.0,56564.0
2019,부산,부산,개별난방용,1282869.0,504117.46756327
2019,부산,부산,냉난방용,1975.0,37317.15191390001
2019,부산,부산,산업용,863.0,383416.41031398
2019,부산,부산,수송용,14.0,106528.07206804
2019,부산,부산,업무난방용,3677.0,24089.92165158
2019,부산,부산,연료전지용,2.0,61998.18073148
2019,부산,부산,열병합용,21.0,7812.74299482
2019,부산,부산,일반용1,54183.0,117611.2775252
2019,부산,부산,일반용2,1089.0,27974.81507458
2019,부산,부산,집단에너지용,2.0,11813.926
2019,부산,부산,취사용,136515.0,145963.29649107
2019,서울,귀뚜라미,개별난방용,337138.0,187287.0
2019,서울,귀뚜라미,냉난방용,342.0,10590.0
2019,서울,귀뚜라미,산업용,101.0,3621.0
2019,서울,귀뚜라미,수송용,4.0,39280.0
2019,서울,귀뚜라미,업무난방용,7446.0,20585.0
2019,서울,귀뚜라미,연료전지용,4.0,0.0
2019,서울,귀뚜라미,열병합용,6.0,3249.0
2019,서울,귀뚜라미,일반용1,10820.0,33028.0
2019,서울,귀뚜라미,일반용2,57.0,2209.0
2019,서울,귀뚜라미,집단에너지용,6.0,2667.0
2019,서울,귀뚜라미,취사용,34359.0,39103.0
2019,서울,대륜,개별난방용,427444.0,259954.93622347
2019,서울,대륜,냉난방용,486.0,13578.99076
2019,서울,대륜,산업용,124.0,2296.72008
2019,서울,대륜,수송용,8.0,57196.02299999999
2019,서울,대륜,업무난방용,3895.0,22273.21256
2019,서울,대륜,연료전지용,7.0,3813.69306
2019,서울,대륜,열병합용,6.0,32769.421
2019,서울,대륜,일반용1,14030.0,41578.22848000001
2019,서울,대륜,일반용2,128.0,6682.77241
2019,서울,대륜,집단에너지용,6.0,31628.008
2019,서울,대륜,취사용,122532.0,66136.41440653
2019,서울,서울,개별난방용,1369978.0,811872.0
2019,서울,서울,냉난방용,1968.0,83868.0
2019,서울,서울,산업용,62.0,4946.47
2019,서울,서울,수송용,9.0,71583.0
2019,서울,서울,업무난방용,52558.0,77829.0
2019,서울,서울,연료전지용,209.0,35429.7397109
2019,서울,서울,열병합용,22.0,35835.4741829
2019,서울,서울,일반용1,73722.0,210401.2
2019,서울,서울,일반용2,402.0,18844.0
2019,서울,서울,집단에너지용,6.0,20192.0
2019,서울,서울,취사용,246735.0,134359.8
2019,서울,예스코,개별난방용,900641.0,539478.5148774999
2019,서울,예스코,냉난방용,1680.0,89133.22886819998
2019,서울,예스코,산업용,1658.0,9646.7217362
2019,서울,예스코,수송용,6.0,39160.10399999999
2019,서울,예스코,업무난방용,11472.0,55269.6944846
2019,서울,예스코,연료전지용,61.0,70.6109403
2019,서울,예스코,열병합용,19.0,4564.3478241
2019,서울,예스코,일반용1,48707.0,188065.2505034
2019,서울,예스코,일반용2,268.0,15560.03306
2019,서울,예스코,집단에너지용,9.0,726.7060000000001
2019,서울,예스코,취사용,60483.0,102155.6254352
2019,서울,코원ES,개별난방용,512435.0,306657.0
2019,서울,코원ES,냉난방용,2120.0,90909.0
2019,서울,코원ES,산업용,25.0,463.0
2019,서울,코원ES,수송용,5.0,54360.0
2019,서울,코원ES,업무난방용,17645.0,67557.0
2019,서울,코원ES,연료전지용,145.0,26206.0
2019,서울,코원ES,열병합용,23.0,21835.0
2019,서울,코원ES,일반용1,30873.0,164767.0
2019,서울,코원ES,일반용2,183.0,16298.0
2019,서울,코원ES,집단에너지용,13.0,46607.0
2019,서울,코원ES,취사용,238220.0,71623.0
2019,세종,JB,개별난방용,32539.0,14971.0
2019,세종,JB,냉난방용,357.0,2897.0
2019,세종,JB,산업용,55.0,37759.0
2019,세종,JB,수송용,1.0,1707.0
2019,세종,JB,업무난방용,290.0,803.0
2019,세종,JB,연료전지용,4.0,16.0
2019,세종,JB,열병합용,0.0,0.0
2019,세종,JB,일반용1,2415.0,6279.0
2019,세종,JB,일반용2,601.0,4018.0
2019,세종,JB,집단에너지용,1.0,12547.0
2019,세종,JB,취사용,73783.0,7898.0
2019,세종,충청ES,개별난방용,2090.0,1262.17074887
2019,세종,충청ES,냉난방용,7.0,74.25561195000002
2019,세종,충청ES,산업용,9.0,13628.4028518
2019,세종,충청ES,수송용,0.0,0.0
2019,세종,충청ES,업무난방용,14.0,147.31373262
2019,세종,충청ES,연료전지용,0.0,0.0
2019,세종,충청ES,열병합용,0.0,0.0
2019,세종,충청ES,일반용1,77.0,291.60564699
2019,세종,충청ES,일반용2,3.0,11.2989263
2019,세종,충청ES,집단에너지용,0.0,0.0
2019,세종,충청ES,취사용,0.0,0.0
2019,울산,경동,개별난방용,439889.0,285498.713
2019,울산,경동,냉난방용,330.0,11332.834
2019,울산,경동,산업용,307.0,1703451.745
2019,울산,경동,수송용,5.0,33276.09299999999
2019,울산,경동,업무난방용,3000.0,10011.429
2019,울산,경동,연료전지용,5.0,38.72000000000001
2019,울산,경동,열병합용,4.0,47528.043
2019,울산,경동,일반용1,17273.0,48932.07699999999
2019,울산,경동,일반용2,179.0,8210.261999999999
2019,울산,경동,집단에너지용,0.0,0.0
2019,울산,경동,취사용,5227.0,235.057
2019,인천,삼천리,개별난방용,304602.0,150792.28216764
2019,인천,삼천리,냉난방용,295.0,10174.03230098
2019,인천,삼천리,산업용,468.0,303274.1593246
2019,인천,삼천리,수송용,7.0,37173.1630728
2019,인천,삼천리,업무난방용,3136.0,15752.12260589
2019,인천,삼천리,연료전지용,51.0,70.6973381
2019,인천,삼천리,열병합용,11.0,7434.4097303
2019,인천,삼천리,일반용1,10031.0,42812.27276191
2019,인천,삼천리,일반용2,168.0,6952.464492810001
2019,인천,삼천리,집단에너지용,10.0,4195.6038463
2019,인천,삼천리,취사용,100873.0,61444.68858846001
2019,인천,인천,개별난방용,550421.0,334704.0
2019,인천,인천,냉난방용,527.0,20354.0
2019,인천,인천,산업용,302.0,256659.0
2019,인천,인천,수송용,9.0,58160.0
2019,인천,인천,업무난방용,10065.0,25970.0
2019,인천,인천,연료전지용,11.0,23.42
2019,인천,인천,열병합용,1.0,962.0
2019,인천,인천,일반용1,16774.0,66969.0
2019,인천,인천,일반용2,320.0,19465.0
2019,인천,인천,집단에너지용,0.0,0.0
2019,인천,인천,취사용,178972.0,81177.0
2019,전남,대화,개별난방용,88471.0,51309.6377397
2019,전남,대화,냉난방용,56.0,1906.7427316
2019,전남,대화,산업용,112.0,100597.3563787
2019,전남,대화,수송용,2.0,9420.395
2019,전남,대화,업무난방용,604.0,1934.2214355
2019,전남,대화,연료전지용,1.0,0.0178056
2019,전남,대화,열병합용,2.0,362.758
2019,전남,대화,일반용1,2354.0,6257.6724876
2019,전남,대화,일반용2,33.0,3483.4924027
2019,전남,대화,집단에너지용,1.0,3582.137
2019,전남,대화,취사용,584.0,31.6985723
2019,전남,목포,개별난방용,112935.0,55488.0
2019,전남,목포,냉난방용,140.0,3703.0
2019,전남,목포,산업용,158.0,31280.0
2019,전남,목포,수송용,3.0,6138.0
2019,전남,목포,업무난방용,346.0,2089.0
2019,전남,목포,연료전지용,3.0,0.0
2019,전남,목포,열병합용,0.0,0.0
2019,전남,목포,일반용1,3396.0,11393.0
2019,전남,목포,일반용2,27.0,2843.0
2019,전남,목포,집단에너지용,0.0,0.0
2019,전남,목포,취사용,13892.0,13543.0
2019,전남,전남,개별난방용,152848.0,87845.0
2019,전남,전남,냉난방용,165.0,2933.0
2019,전남,전남,산업용,142.0,167187.0
2019,전남,전남,수송용,2.0,7438.0
2019,전남,전남,업무난방용,1077.0,3711.0
2019,전남,전남,연료전지용,6.0,0.0
2019,전남,전남,열병합용,0.0,0.0
2019,전남,전남,일반용1,4074.0,12012.0
2019,전남,전남,일반용2,32.0,2218.0
2019,전남,전남,집단에너지용,0.0,0.0
2019,전남,전남,취사용,3525.0,165.0
2019,전남,해양,개별난방용,63340.0,29254.3
2019,전남,해양,냉난방용,31.0,2865.0
2019,전남,해양,산업용,239.0,74737.0
2019,전남,해양,수송용,1.0,6544.0
2019,전남,해양,업무난방용,599.0,2618.0
2019,전남,해양,연료전지용,15.0,11.913
2019,전남,해양,열병합용,3.0,326.0
2019,전남,해양,일반용1,2455.0,7046.0
2019,전남,해양,일반용2,27.0,1061.0
2019,전남,해양,집단에너지용,1.0,12415.0
2019,전남,해양,취사용,11440.0,7843.7
2019,전북,군산,개별난방용,102481.0,61917.67406508
2019,전북,군산,냉난방용,94.0,2180.167
2019,전북,군산,산업용,133.0,216853.1955584
2019,전북,군산,수송용,1.0,5511.740999999999
2019,전북,군산,업무난방용,711.0,3065.002
2019,전북,군산,연료전지용,1.0,1.131
2019,전북,군산,열병합용,2.0,1949.012
2019,전북,군산,일반용1,1491.0,7041.368999999999
2019,전북,군산,일반용2,0.0,0.0
2019,전북,군산,집단에너지용,0.0,0.0
2019,전북,군산,취사용,8638.0,8049.686934939999
2019,전북,전북,개별난방용,333089.0,195010.0
2019,전북,전북,냉난방용,270.0,11178.0
2019,전북,전북,산업용,354.0,149070.197
2019,전북,전북,수송용,5.0,17760.0
2019,전북,전북,업무난방용,2838.0,9225.0
2019,전북,전북,연료전지용,1.0,330.0
2019,전북,전북,열병합용,5.0,640.0
2019,전북,전북,일반용1,9150.0,34347.0
2019,전북,전북,일반용2,0.0,0.0
2019,전북,전북,집단에너지용,1.0,452.0
2019,전북,전북,취사용,13650.0,35318.0
2019,전북,전북ES,개별난방용,104778.0,54192.0
2019,전북,전북ES,냉난방용,140.0,3282.0
2019,전북,전북ES,산업용,121.0,58957.0
2019,전북,전북ES,수송용,1.0,5510.0
2019,전북,전북ES,업무난방용,765.0,4084.0
2019,전북,전북ES,연료전지용,0.0,0.0
2019,전북,전북ES,열병합용,4.0,807.0
2019,전북,전북ES,일반용1,1930.0,6443.0
2019,전북,전북ES,일반용2,122.0,2510.0
2019,전북,전북ES,집단에너지용,2.0,2447.0
2019,전북,전북ES,취사용,9024.0,10305.0
2019,제주,제주,개별난방용,29005.0,12256.2
2019,제주,제주,냉난방용,42.0,3819.3
2019,제주,제주,산업용,0.0,0.0
2019,제주,제주,수송용,0.0,0.0
2019,제주,제주,업무난방용,208.0,3561.5
2019,제주,제주,연료전지용,0.0,0.0
2019,제주,제주,열병합용,0.0,0.0
2019,제주,제주,일반용1,277.0,1764.8
2019,제주,제주,일반용2,0.0,0.0
2019,제주,제주,집단에너지용,0.0,0.0
2019,제주,제주,취사용,0.0,2445.4
2019,충남,CNCITY,개별난방용,15105.0,10039.0
2019,충남,CNCITY,냉난방용,19.0,396.0
2019,충남,CNCITY,산업용,4.0,1279.0
2019,충남,CNCITY,수송용,0.0,0.0
2019,충남,CNCITY,업무난방용,200.0,4413.0
2019,충남,CNCITY,연료전지용,0.0,0.0
2019,충남,CNCITY,열병합용,0.0,0.0
2019,충남,CNCITY,일반용1,445.0,1705.0
2019,충남,CNCITY,일반용2,7.0,300.0
2019,충남,CNCITY,집단에너지용,0.0,0.0
2019,충남,CNCITY,취사용,83.0,1409.0
2019,충남,JB,개별난방용,447874.0,230172.0
2019,충남,JB,냉난방용,385.0,12856.0
2019,충남,JB,산업용,456.0,487365.0
2019,충남,JB,수송용,2.0,15353.0
2019,충남,JB,업무난방용,3524.0,13851.0
2019,충남,JB,연료전지용,103.0,591.0
2019,충남,JB,열병합용,5.0,61625.0
2019,충남,JB,일반용1,6756.0,19031.0
2019,충남,JB,일반용2,2854.0,24937.0
2019,충남,JB,집단에너지용,5.0,3366.0
2019,충남,JB,취사용,34637.0,64295.0
2019,충남,서해,개별난방용,150219.0,71162.0
2019,충남,서해,냉난방용,82.0,1399.0
2019,충남,서해,산업용,170.0,488006.0
2019,충남,서해,수송용,0.0,0.0
2019,충남,서해,업무난방용,1074.0,2364.0
2019,충남,서해,연료전지용,2.0,1.0
2019,충남,서해,열병합용,2.0,0.0
2019,충남,서해,일반용1,2729.0,10572.0
2019,충남,서해,일반용2,0.0,0.0
2019,충남,서해,집단에너지용,1.0,8828.0
2019,충남,서해,취사용,12024.0,15594.0
2019,충북,참빛충북,개별난방용,72719.0,46725.6057397
2019,충북,참빛충북,냉난방용,67.0,1652.6714797
2019,충북,참빛충북,산업용,174.0,76661.70446580001
2019,충북,참빛충북,수송용,0.0,0.0
2019,충북,참빛충북,업무난방용,361.0,1538.9219263
2019,충북,참빛충북,연료전지용,1.0,3.5998054
2019,충북,참빛충북,열병합용,0.0,0.0
2019,충북,참빛충북,일반용1,1182.0,4891.4664897
2019,충북,참빛충북,일반용2,0.0,0.0
2019,충북,참빛충북,집단에너지용,0.0,0.0
2019,충북,참빛충북,취사용,1681.0,18.3496265
2019,충북,충청ES,개별난방용,339233.0,226339.7922484099
2019,충북,충청ES,냉난방용,504.0,14134.40028844
2019,충북,충청ES,산업용,430.0,436156.1649681799
2019,충북,충청ES,수송용,3.0,20933.51233071
2019,충북,충청ES,업무난방용,4404.0,16275.33173828
2019,충북,충청ES,연료전지용,4.0,1.0264534
2019,충북,충청ES,열병합용,1.0,0.777345
2019,충북,충청ES,일반용1,8730.0,25238.63966451
2019,충북,충청ES,일반용2,359.0,6379.18798859
2019,충북,충청ES,집단에너지용,2.0,1103.258
2019,충북,충청ES,취사용,73920.0,4408.34160663
2020,강원,강원,개별난방용,128263.0,90551.11578979
2020,강원,강원,냉난방용,248.0,4502.0081927
2020,강원,강원,산업용,96.0,15194.8354
2020,강원,강원,수송용,1.0,4573.4198772
2020,강원,강원,업무난방용,1429.0,6224.2338437
2020,강원,강원,연료전지용,22.0,40.1610544
2020,강원,강원,열병합용,2.0,728.957
2020,강원,강원,일반용1,4386.0,22903.5995887
2020,강원,강원,일반용2,38.0,1008.0330885
2020,강원,강원,집단에너지용,5.0,764.888
2020,강원,강원,취사용,7734.0,4206.401158889999
2020,강원,명성,개별난방용,1221.0,474.3049999999999
2020,강원,명성,냉난방용,1.0,18.526
2020,강원,명성,산업용,,
2020,강원,명성,수송용,,
2020,강원,명성,업무난방용,3.0,41.575
2020,강원,명성,연료전지용,1.0,187.688
2020,강원,명성,열병합용,0.0,0.0
2020,강원,명성,일반용1,34.0,9336.621
2020,강원,명성,일반용2,,
2020,강원,명성,집단에너지용,,
2020,강원,명성,취사용,7.0,
2020,강원,참빛,개별난방용,30063.0,15793.0
2020,강원,참빛,냉난방용,19.0,564.0
2020,강원,참빛,산업용,,
2020,강원,참빛,수송용,,
2020,강원,참빛,업무난방용,210.0,998.0
2020,강원,참빛,연료전지용,,
2020,강원,참빛,열병합용,0.0,0.0
2020,강원,참빛,일반용1,1421.0,1987.0
2020,강원,참빛,일반용2,74.0,5579.0
2020,강원,참빛,집단에너지용,,
2020,강원,참빛,취사용,448.0,12.0
2020,강원,참빛영동,개별난방용,63171.0,37755.0
2020,강원,참빛영동,냉난방용,69.0,5225.0
2020,강원,참빛영동,산업용,32.0,4371.0
2020,강원,참빛영동,수송용,,
2020,강원,참빛영동,업무난방용,85.0,846.0
2020,강원,참빛영동,연료전지용,2.0,7586.02
2020,강원,참빛영동,열병합용,0.0,0.0
2020,강원,참빛영동,일반용1,801.0,3770.0
2020,강원,참빛영동,일반용2,20.0,1660.0
2020,강원,참빛영동,집단에너지용,,
2020,강원,참빛영동,취사용,3372.0,36.0
2020,강원,참빛원주,개별난방용,146725.0,96562.9121366
2020,강원,참빛원주,냉난방용,157.0,3479.2075398
2020,강원,참빛원주,산업용,175.0,45225.4503032
2020,강원,참빛원주,수송용,2.0,6837.5273605
2020,강원,참빛원주,업무난방용,1107.0,4801.39409
2020,강원,참빛원주,연료전지용,5.0,6.4583376
2020,강원,참빛원주,열병합용,1.0,439.66
2020,강원,참빛원주,일반용1,3502.0,9348.101932
2020,강원,참빛원주,일반용2,20.0,1920.015513
2020,강원,참빛원주,집단에너지용,1.0,259.904
2020,강원,참빛원주,취사용,1878.0,84.96800839999999
2020,경기,대륜,개별난방용,305874.0,187212.78725
2020,경기,대륜,냉난방용,219.0,4799.26437
2020,경기,대륜,산업용,653.0,78853.79288
2020,경기,대륜,수송용,5.0,20795.88
2020,경기,대륜,업무난방용,2392.0,15806.3824
2020,경기,대륜,연료전지용,6.0,0.07991
2020,경기,대륜,열병합용,8.0,1519.1660000000002
2020,경기,대륜,일반용1,10327.0,27279.48351
2020,경기,대륜,일반용2,72.0,3027.68858
2020,경기,대륜,집단에너지용,9.0,3645.601
2020,경기,대륜,취사용,45889.0,44015.25989
2020,경기,삼천리,개별난방용,1880456.0,1076808.722898
2020,경기,삼천리,냉난방용,1893.0,79987.50896640003
2020,경기,삼천리,산업용,1955.0,1134703.347383
2020,경기,삼천리,수송용,32.0,158782.504577
2020,경기,삼천리,업무난방용,23713.0,108927.457547
2020,경기,삼천리,연료전지용,853.0,128518.836414
2020,경기,삼천리,열병합용,28.0,17396.03459
2020,경기,삼천리,일반용1,69678.0,217672.887221
2020,경기,삼천리,일반용2,910.0,45416.532117
2020,경기,삼천리,집단에너지용,36.0,9940.3943167
2020,경기,삼천리,취사용,851527.0,264584.314107
2020,경기,서울,개별난방용,338898.0,215400.0
2020,경기,서울,냉난방용,569.0,13245.0
2020,경기,서울,산업용,448.0,77581.0
2020,경기,서울,수송용,10.0,53317.0
2020,경기,서울,업무난방용,11704.0,15300.0
2020,경기,서울,연료전지용,27.0,4391.0
2020,경기,서울,열병합용,3.0,11000.0
2020,경기,서울,일반용1,28353.0,61245.0
2020,경기,서울,일반용2,381.0,9131.0
2020,경기,서울,집단에너지용,2.0,108.0
2020,경기,서울,취사용,375036.0,50967.0
2020,경기,예스코,개별난방용,258155.0,208100.3469923
2020,경기,예스코,냉난방용,203.0,5966.4113883
2020,경기,예스코,산업용,923.0,11073.0796057
2020,경기,예스코,수송용,6.0,18867.459
2020,경기,예스코,업무난방용,1717.0,3411.5916405
2020,경기,예스코,연료전지용,43.0,119.6910743
2020,경기,예스코,열병합용,1.0,0.0
2020,경기,예스코,일반용1,11570.0,29750.6840662
2020,경기,예스코,일반용2,95.0,5037.8522473
2020,경기,예스코,집단에너지용,1.0,0.0
2020,경기,예스코,취사용,92489.0,40013.4581553
2020,경기,인천,개별난방용,6192.0,2773.0
2020,경기,인천,냉난방용,10.0,365.0
2020,경기,인천,산업용,76.0,11901.0
2020,경기,인천,수송용,3.0,4333.0
2020,경기,인천,업무난방용,119.0,387.0
2020,경기,인천,연료전지용,,
2020,경기,인천,열병합용,0.0,0.0
2020,경기,인천,일반용1,498.0,1675.0
2020,경기,인천,일반용2,3.0,118.0
2020,경기,인천,집단에너지용,0.0,0.0
2020,경기,인천,취사용,5086.0,941.0
2020,경기,코원ES,개별난방용,498561.0,327815.0
2020,경기,코원ES,냉난방용,621.0,15915.0
2020,경기,코원ES,산업용,439.0,165109.0
2020,경기,코원ES,수송용,8.0,48347.0
2020,경기,코원ES,업무난방용,6342.0,21419.0
2020,경기,코원ES,연료전지용,201.0,290.0
2020,경기,코원ES,열병합용,3.0,3745.0
2020,경기,코원ES,일반용1,22127.0,79511.0
2020,경기,코원ES,일반용2,246.0,12822.0
2020,경기,코원ES,집단에너지용,3.0,856.0
2020,경기,코원ES,취사용,212265.0,74356.0
2020,경남,경남,개별난방용,744272.0,394945.3219
2020,경남,경남,냉난방용,493.0,14500.9643
2020,경남,경남,산업용,827.0,339584.3097
2020,경남,경남,수송용,8.0,42884.2369
2020,경남,경남,업무난방용,1773.0,17729.0167
2020,경남,경남,연료전지용,16.0,2462.327
2020,경남,경남,열병합용,15.0,4431.197
2020,경남,경남,일반용1,48456.0,46479.91020000001
2020,경남,경남,일반용2,377.0,9817.0919
2020,경남,경남,집단에너지용,2.0,15753.154
2020,경남,경남,취사용,61616.0,2472.1902
2020,경남,경동,개별난방용,87301.0,51108.272526303
2020,경남,경동,냉난방용,56.0,1639.227808
2020,경남,경동,산업용,271.0,91280.9534086
2020,경남,경동,수송용,2.0,5821.42118
2020,경남,경동,업무난방용,283.0,866.5089700000001
2020,경남,경동,연료전지용,1.0,0.009922
2020,경남,경동,열병합용,0.0,0.0
2020,경남,경동,일반용1,4212.0,10630.0972098
2020,경남,경동,일반용2,51.0,2311.9455734
2020,경남,경동,집단에너지용,1.0,28485.906
2020,경남,경동,취사용,42112.0,2355.366289593
2020,경남,지에스이,개별난방용,168742.0,95907.0
2020,경남,지에스이,냉난방용,180.0,4019.0
2020,경남,지에스이,산업용,67.0,40012.0
2020,경남,지에스이,수송용,2.0,6079.0
2020,경남,지에스이,업무난방용,554.0,1461.0
2020,경남,지에스이,연료전지용,5.0,665.0
2020,경남,지에스이,열병합용,2.0,21088.0
2020,경남,지에스이,일반용1,4890.0,8614.0
2020,경남,지에스이,일반용2,80.0,2530.0
2020,경남,지에스이,집단에너지용,1.0,584.0
2020,경남,지에스이,취사용,15614.0,537.0
2020,경북,대성,개별난방용,126518.0,73291.7029309
2020,경북,대성,냉난방용,177.0,2931.595309
2020,경북,대성,산업용,119.0,48249.05299600001
2020,경북,대성,수송용,3.0,18834.02446
2020,경북,대성,업무난방용,494.0,1372.7124394
2020,경북,대성,연료전지용,4.0,1.4188262
2020,경북,대성,열병합용,0.0,0.0
2020,경북,대성,일반용1,1924.0,3563.822546600001
2020,경북,대성,일반용2,100.0,1615.0705708
2020,경북,대성,집단에너지용,0.0,0.0
2020,경북,대성,취사용,1595.0,114.2115012
2020,경북,대성청정,개별난방용,83466.0,56969.0
2020,경북,대성청정,냉난방용,98.0,1804.0
2020,경북,대성청정,산업용,93.0,91117.0
2020,경북,대성청정,수송용,,
2020,경북,대성청정,업무난방용,804.0,1317.0
2020,경북,대성청정,연료전지용,3.0,30.0
2020,경북,대성청정,열병합용,0.0,0.0
2020,경북,대성청정,일반용1,1988.0,6531.0
2020,경북,대성청정,일반용2,,
2020,경북,대성청정,집단에너지용,,
2020,경북,대성청정,취사용,5827.0,506.0
2020,경북,서라벌,개별난방용,121505.0,54548.0
2020,경북,서라벌,냉난방용,103.0,1839.0
2020,경북,서라벌,산업용,297.0,96458.0
2020,경북,서라벌,수송용,1.0,3790.0
2020,경북,서라벌,업무난방용,881.0,2873.0
2020,경북,서라벌,연료전지용,,
2020,경북,서라벌,열병합용,0.0,0.0
2020,경북,서라벌,일반용1,4299.0,15415.0
2020,경북,서라벌,일반용2,,
2020,경북,서라벌,집단에너지용,,
2020,경북,서라벌,취사용,1463.0,14657.0
2020,경북,영남ES(구미),개별난방용,279464.0,144407.413416
2020,경북,영남ES(구미),냉난방용,222.0,4329.876568
2020,경북,영남ES(구미),산업용,260.0,317685.517843
2020,경북,영남ES(구미),수송용,1.0,6474.295686
2020,경북,영남ES(구미),업무난방용,1990.0,9524.167383
2020,경북,영남ES(구미),연료전지용,28.0,3936.67546
2020,경북,영남ES(구미),열병합용,3.0,12390.895005
2020,경북,영남ES(구미),일반용1,6912.0,14357.776714
2020,경북,영남ES(구미),일반용2,77.0,7616.046666999999
2020,경북,영남ES(구미),집단에너지용,1.0,5463.328
2020,경북,영남ES(구미),취사용,3390.0,34714.881865
2020,경북,영남ES(포항),개별난방용,193238.0,103820.0
2020,경북,영남ES(포항),냉난방용,149.0,4222.0
2020,경북,영남ES(포항),산업용,245.0,256300.0
2020,경북,영남ES(포항),수송용,1.0,4618.0
2020,경북,영남ES(포항),업무난방용,1287.0,3655.0
2020,경북,영남ES(포항),연료전지용,3.0,1701.0
2020,경북,영남ES(포항),열병합용,3.0,666.0
2020,경북,영남ES(포항),일반용1,4922.0,13588.0
2020,경북,영남ES(포항),일반용2,77.0,4146.0
2020,경북,영남ES(포항),집단에너지용,2.0,3219.0
2020,경북,영남ES(포항),취사용,12314.0,24591.0
2020,광주,해양,개별난방용,582897.0,293987.552
2020,광주,해양,냉난방용,432.0,20796.0
2020,광주,해양,산업용,661.0,127305.0
2020,광주,해양,수송용,6.0,31072.0
2020,광주,해양,업무난방용,5760.0,13072.0
2020,광주,해양,연료전지용,108.0,161.347
2020,광주,해양,열병합용,3.0,2115.0
2020,광주,해양,일반용1,16849.0,52558.0
2020,광주,해양,일반용2,161.0,6573.0
2020,광주,해양,집단에너지용,2.0,2507.0
2020,광주,해양,취사용,48784.0,77466.448
2020,대구,대성,개별난방용,870335.0,544192.5951059001
2020,대구,대성,냉난방용,829.0,27470.6628318
2020,대구,대성,산업용,1144.0,209174.7757989
2020,대구,대성,수송용,9.0,59622.54398999999
2020,대구,대성,업무난방용,5169.0,17902.9710112
2020,대구,대성,연료전지용,46.0,1267.8459148
2020,대구,대성,열병합용,17.0,8900.614
2020,대구,대성,일반용1,19801.0,42910.74847319999
2020,대구,대성,일반용2,1040.0,24460.186036
2020,대구,대성,집단에너지용,31.0,8105.527999999998
2020,대구,대성,취사용,157340.0,9105.5750449
2020,대전,CNCITY,개별난방용,530631.0,320324.0
2020,대전,CNCITY,냉난방용,1117.0,40550.0
2020,대전,CNCITY,산업용,198.0,110973.0
2020,대전,CNCITY,수송용,5.0,33506.0
2020,대전,CNCITY,업무난방용,5086.0,31032.0
2020,대전,CNCITY,연료전지용,43.0,1305.0
2020,대전,CNCITY,열병합용,16.0,54772.0
2020,대전,CNCITY,일반용1,19002.0,61422.0
2020,대전,CNCITY,일반용2,159.0,6562.0
2020,대전,CNCITY,집단에너지용,1.0,435.0
2020,대전,CNCITY,취사용,91602.0,57216.0
2020,부산,부산,개별난방용,1321634.0,541672.4123683701
2020,부산,부산,냉난방용,2024.0,34613.84797149999
2020,부산,부산,산업용,840.0,364345.9384952
2020,부산,부산,수송용,14.0,96543.69979379998
2020,부산,부산,업무난방용,3630.0,18539.4063037
2020,부산,부산,연료전지용,2.0,47684.81638
2020,부산,부산,열병합용,14.0,7491.762992800001
2020,부산,부산,일반용1,57368.0,106707.1268127
2020,부산,부산,일반용2,1081.0,21886.5664584
2020,부산,부산,집단에너지용,2.0,14696.042
2020,부산,부산,취사용,139221.0,154711.68286603
2020,서울,귀뚜라미,개별난방용,347644.0,194220.0
2020,서울,귀뚜라미,냉난방용,375.0,9603.0
2020,서울,귀뚜라미,산업용,99.0,3039.0
2020,서울,귀뚜라미,수송용,4.0,36085.0
2020,서울,귀뚜라미,업무난방용,7028.0,17958.0
2020,서울,귀뚜라미,연료전지용,11.0,2.0
2020,서울,귀뚜라미,열병합용,6.0,2516.0
2020,서울,귀뚜라미,일반용1,11002.0,30034.0
2020,서울,귀뚜라미,일반용2,53.0,1513.0
2020,서울,귀뚜라미,집단에너지용,6.0,2575.0
2020,서울,귀뚜라미,취사용,33542.0,39970.0
2020,서울,대륜,개별난방용,431226.0,275454.59714
2020,서울,대륜,냉난방용,497.0,11959.09796
2020,서울,대륜,산업용,118.0,2043.45096
2020,서울,대륜,수송용,8.0,54880.417
2020,서울,대륜,업무난방용,3725.0,20191.13875
2020,서울,대륜,연료전지용,11.0,3101.310390000001
2020,서울,대륜,열병합용,6.0,39675.780999999995
2020,서울,대륜,일반용1,14028.0,36383.41469000001
2020,서울,대륜,일반용2,121.0,5011.01082
2020,서울,대륜,집단에너지용,6.0,27413.838
2020,서울,대륜,취사용,119072.0,60854.52533999999
2020,서울,서울,개별난방용,1410066.0,851079.0
2020,서울,서울,냉난방용,1993.0,74992.0
2020,서울,서울,산업용,61.0,4307.0
2020,서울,서울,수송용,9.0,66840.0
2020,서울,서울,업무난방용,52637.0,68421.0
2020,서울,서울,연료전지용,245.0,35673.0
2020,서울,서울,열병합용,25.0,36169.0
2020,서울,서울,일반용1,75371.0,177455.0
2020,서울,서울,일반용2,389.0,15481.0
2020,서울,서울,집단에너지용,6.0,16559.0
2020,서울,서울,취사용,243589.0,133354.0
2020,서울,예스코,개별난방용,909355.0,550540.8390328
2020,서울,예스코,냉난방용,1708.0,76471.6208811
2020,서울,예스코,산업용,1681.0,8577.5040229
2020,서울,예스코,수송용,6.0,37530.39200000001
2020,서울,예스코,업무난방용,11172.0,49688.0757901
2020,서울,예스코,연료전지용,95.0,118.6745202
2020,서울,예스코,열병합용,20.0,4174.033009899999
2020,서울,예스코,일반용1,48623.0,159005.3481884
2020,서울,예스코,일반용2,253.0,12738.983138
2020,서울,예스코,집단에너지용,9.0,578.156
2020,서울,예스코,취사용,57450.0,96553.753398
2020,서울,코원ES,개별난방용,516546.0,316764.0
2020,서울,코원ES,냉난방용,2056.0,81894.0
2020,서울,코원ES,산업용,21.0,468.0
2020,서울,코원ES,수송용,5.0,53093.0
2020,서울,코원ES,업무난방용,16289.0,54610.0
2020,서울,코원ES,연료전지용,170.0,37928.0
2020,서울,코원ES,열병합용,22.0,23835.0
2020,서울,코원ES,일반용1,30943.0,151456.0
2020,서울,코원ES,일반용2,166.0,11672.0
2020,서울,코원ES,집단에너지용,13.0,24565.0
2020,서울,코원ES,취사용,241194.0,73150.0
2020,세종,JB,개별난방용,33739.0,15328.0
2020,세종,JB,냉난방용,378.0,2678.0
2020,세종,JB,산업용,57.0,42113.0
2020,세종,JB,수송용,1.0,4556.0
2020,세종,JB,업무난방용,316.0,1031.0
2020,세종,JB,연료전지용,8.0,36.0
2020,세종,JB,열병합용,0.0,0.0
2020,세종,JB,일반용1,2649.0,6506.0
2020,세종,JB,일반용2,575.0,2989.0
2020,세종,JB,집단에너지용,1.0,7535.0
2020,세종,JB,취사용,74939.0,8593.0
2020,세종,충청ES,개별난방용,2231.0,1293.2925002
2020,세종,충청ES,냉난방용,8.0,74.19808474999999
2020,세종,충청ES,산업용,9.0,11092.34532434
2020,세종,충청ES,수송용,,
2020,세종,충청ES,업무난방용,15.0,142.44816942
2020,세종,충청ES,연료전지용,,
2020,세종,충청ES,열병합용,0.0,0.0
2020,세종,충청ES,일반용1,78.0,296.14250742
2020,세종,충청ES,일반용2,3.0,11.44074919
2020,세종,충청ES,집단에너지용,,
2020,세종,충청ES,취사용,0.0,
2020,울산,경동,개별난방용,452303.0,297563.396214474
2020,울산,경동,냉난방용,347.0,10154.36658067
2020,울산,경동,산업용,307.0,1251238.7433548
2020,울산,경동,수송용,6.0,31387.13984
2020,울산,경동,업무난방용,3013.0,9340.57177392008
2020,울산,경동,연료전지용,7.0,2.328364
2020,울산,경동,열병합용,4.0,40931.14
2020,울산,경동,일반용1,17572.0,43766.1863891
2020,울산,경동,일반용2,181.0,6833.9796904
2020,울산,경동,집단에너지용,0.0,0.0
2020,울산,경동,취사용,5162.0,238.506936635
2020,인천,삼천리,개별난방용,307116.0,175180.25737
2020,인천,삼천리,냉난방용,311.0,9949.287298
2020,인천,삼천리,산업용,462.0,287122.992292
2020,인천,삼천리,수송용,7.0,29198.204664
2020,인천,삼천리,업무난방용,3009.0,12758.498893
2020,인천,삼천리,연료전지용,65.0,3212.393969
2020,인천,삼천리,열병합용,8.0,5505.304942
2020,인천,삼천리,일반용1,10272.0,38772.93821000001
2020,인천,삼천리,일반용2,152.0,5028.188141999999
2020,인천,삼천리,집단에너지용,9.0,4628.342457000001
2020,인천,삼천리,취사용,103186.0,40587.265203
2020,인천,인천,개별난방용,545457.0,337257.0
2020,인천,인천,냉난방용,550.0,17594.0
2020,인천,인천,산업용,313.0,189576.0
2020,인천,인천,수송용,10.0,53205.0
2020,인천,인천,업무난방용,9473.0,20155.0
2020,인천,인천,연료전지용,10.0,19.0
2020,인천,인천,열병합용,1.0,1156.0
2020,인천,인천,일반용1,17720.0,62938.0
2020,인천,인천,일반용2,322.0,14964.0
2020,인천,인천,집단에너지용,0.0,0.0
2020,인천,인천,취사용,188387.0,84335.0
2020,전남,대화,개별난방용,93857.0,56306.9876902
2020,전남,대화,냉난방용,55.0,1763.1076022
2020,전남,대화,산업용,116.0,147496.6932298
2020,전남,대화,수송용,2.0,9083.106000000002
2020,전남,대화,업무난방용,628.0,2001.2871337
2020,전남,대화,연료전지용,1.0,4207.937956
2020,전남,대화,열병합용,2.0,250.649
2020,전남,대화,일반용1,2608.0,6209.458349699999
2020,전남,대화,일반용2,30.0,2960.6858502
2020,전남,대화,집단에너지용,3.0,2612.434
2020,전남,대화,취사용,546.0,31.7145468
2020,전남,목포,개별난방용,123052.0,61917.0
2020,전남,목포,냉난방용,155.0,3437.0
2020,전남,목포,산업용,165.0,29925.8
2020,전남,목포,수송용,3.0,5284.0
2020,전남,목포,업무난방용,356.0,2072.2
2020,전남,목포,연료전지용,3.0,14.8
2020,전남,목포,열병합용,0.0,0.0
2020,전남,목포,일반용1,3592.0,10691.0
2020,전남,목포,일반용2,30.0,2629.0
2020,전남,목포,집단에너지용,,
2020,전남,목포,취사용,12302.0,14441.0
2020,전남,전남,개별난방용,158211.0,95630.0
2020,전남,전남,냉난방용,174.0,3080.0
2020,전남,전남,산업용,139.0,153489.0
2020,전남,전남,수송용,2.0,6258.0
2020,전남,전남,업무난방용,1057.0,2803.0
2020,전남,전남,연료전지용,9.0,23.0
2020,전남,전남,열병합용,0.0,0.0
2020,전남,전남,일반용1,4143.0,11005.0
2020,전남,전남,일반용2,31.0,1669.0
2020,전남,전남,집단에너지용,,
2020,전남,전남,취사용,3383.0,171.0
2020,전남,해양,개별난방용,66564.0,31987.0
2020,전남,해양,냉난방용,37.0,2739.0
2020,전남,해양,산업용,270.0,80570.0
2020,전남,해양,수송용,1.0,6366.0
2020,전남,해양,업무난방용,580.0,2262.0
2020,전남,해양,연료전지용,18.0,11.827
2020,전남,해양,열병합용,3.0,1374.0
2020,전남,해양,일반용1,2704.0,7152.0
2020,전남,해양,일반용2,26.0,1004.0
2020,전남,해양,집단에너지용,1.0,13654.0
2020,전남,해양,취사용,12726.0,8846.0
2020,전북,군산,개별난방용,109003.0,65629.12333665
2020,전북,군산,냉난방용,98.0,2025.012
2020,전북,군산,산업용,137.0,178503.7347768
2020,전북,군산,수송용,1.0,5044.380999999999
2020,전북,군산,업무난방용,712.0,2759.493
2020,전북,군산,연료전지용,4.0,97.177
2020,전북,군산,열병합용,1.0,1408.197
2020,전북,군산,일반용1,1584.0,6420.932000000001
2020,전북,군산,일반용2,,
2020,전북,군산,집단에너지용,,
2020,전북,군산,취사용,7416.0,6886.30866335
2020,전북,전북,개별난방용,345880.0,205462.0
2020,전북,전북,냉난방용,289.0,10082.0
2020,전북,전북,산업용,400.0,153086.0
2020,전북,전북,수송용,5.0,16368.0
2020,전북,전북,업무난방용,2765.0,9392.0
2020,전북,전북,연료전지용,4.0,453.0
2020,전북,전북,열병합용,5.0,1574.0
2020,전북,전북,일반용1,9369.0,30940.0
2020,전북,전북,일반용2,,
2020,전북,전북,집단에너지용,1.0,449.0
2020,전북,전북,취사용,13815.0,36716.0
2020,전북,전북ES,개별난방용,107191.0,56825.606882
2020,전북,전북ES,냉난방용,141.0,2644.4278005
2020,전북,전북ES,산업용,132.0,60768.97042219999
2020,전북,전북ES,수송용,1.0,5307.950005000001
2020,전북,전북ES,업무난방용,747.0,3790.4085542
2020,전북,전북ES,연료전지용,4.0,179.9008772
2020,전북,전북ES,열병합용,4.0,217.176
2020,전북,전북ES,일반용1,2023.0,5945.265541700001
2020,전북,전북ES,일반용2,125.0,2097.2760538
2020,전북,전북ES,집단에너지용,3.0,1485.35
2020,전북,전북ES,취사용,8881.0,10562.3145289
2020,제주,제주,개별난방용,31551.0,15426.37
2020,제주,제주,냉난방용,45.0,3513.2
2020,제주,제주,산업용,,
2020,제주,제주,수송용,,
2020,제주,제주,업무난방용,231.0,3462.33
2020,제주,제주,연료전지용,2.0,2.95
2020,제주,제주,열병합용,0.0,0.0
2020,제주,제주,일반용1,266.0,2171.37
2020,제주,제주,일반용2,,
2020,제주,제주,집단에너지용,,
2020,제주,제주,취사용,0.0,623.2
2020,충남,CNCITY,개별난방용,15653.0,10833.0
2020,충남,CNCITY,냉난방용,20.0,335.0
2020,충남,CNCITY,산업용,4.0,1604.0
2020,충남,CNCITY,수송용,,
2020,충남,CNCITY,업무난방용,200.0,4275.0
2020,충남,CNCITY,연료전지용,,
2020,충남,CNCITY,열병합용,0.0,0.0
2020,충남,CNCITY,일반용1,445.0,1601.0
2020,충남,CNCITY,일반용2,9.0,69.0
2020,충남,CNCITY,집단에너지용,0.0,0.0
2020,충남,CNCITY,취사용,68.0,1401.0
2020,충남,JB,개별난방용,465813.0,237182.0
2020,충남,JB,냉난방용,408.0,11355.0
2020,충남,JB,산업용,458.0,461053.0
2020,충남,JB,수송용,2.0,14114.0
2020,충남,JB,업무난방용,3631.0,12794.0
2020,충남,JB,연료전지용,115.0,9812.0
2020,충남,JB,열병합용,6.0,58671.0
2020,충남,JB,일반용1,7094.0,18004.0
2020,충남,JB,일반용2,2959.0,19740.0
2020,충남,JB,집단에너지용,5.0,2543.0
2020,충남,JB,취사용,34568.0,67108.0
2020,충남,서해,개별난방용,159459.0,70327.0
2020,충남,서해,냉난방용,94.0,1174.0
2020,충남,서해,산업용,192.0,438510.0
2020,충남,서해,수송용,,
2020,충남,서해,업무난방용,1094.0,2029.0
2020,충남,서해,연료전지용,3.0,1.0
2020,충남,서해,열병합용,0.0,0.0
2020,충남,서해,일반용1,3016.0,9423.0
2020,충남,서해,일반용2,,
2020,충남,서해,집단에너지용,1.0,9197.0
2020,충남,서해,취사용,12335.0,15392.0
2020,충북,참빛충북,개별난방용,74843.0,47750.60447736001
2020,충북,참빛충북,냉난방용,75.0,1428.5831414
2020,충북,참빛충북,산업용,193.0,79396.1387866
2020,충북,참빛충북,수송용,,
2020,충북,참빛충북,업무난방용,360.0,1303.3511386
2020,충북,참빛충북,연료전지용,1.0,
2020,충북,참빛충북,열병합용,0.0,0.0
2020,충북,참빛충북,일반용1,1324.0,4638.636755
2020,충북,참빛충북,일반용2,,
2020,충북,참빛충북,집단에너지용,,
2020,충북,참빛충북,취사용,1615.0,19.9986088
2020,충북,충청ES,개별난방용,357453.0,235707.5303886
2020,충북,충청ES,냉난방용,533.0,12692.00002584
2020,충북,충청ES,산업용,445.0,453507.0675734701
2020,충북,충청ES,수송용,3.0,16895.9940742
2020,충북,충청ES,업무난방용,4313.0,13611.42403968
2020,충북,충청ES,연료전지용,15.0,16.331584
2020,충북,충청ES,열병합용,2.0,0.0
2020,충북,충청ES,일반용1,8857.0,22957.25909838
2020,충북,충청ES,일반용2,359.0,5700.89957591
2020,충북,충청ES,집단에너지용,4.0,1027.668
2020,충북,충청ES,취사용,74715.0,4787.650987999999
2021,강원,강원,개별난방용,132684.0,96630.024337
2021,강원,강원,냉난방용,286.0,4989.162917399999
2021,강원,강원,산업용,96.0,14636.9913105
2021,강원,강원,수송용,1.0,4124.832041
2021,강원,강원,업무난방용,1401.0,6322.3696347
2021,강원,강원,연료전지용,6.0,21.709768
2021,강원,강원,열병합용,0.0,663.6048895000001
2021,강원,강원,일반용1,4584.0,24476.5656287
2021,강원,강원,일반용2,37.0,1434.6752388
2021,강원,강원,집단에너지용,3.0,473.48
2021,강원,강원,취사용,9707.0,3966.341445
2021,강원,명성,개별난방용,1615.0,796.4719999999999
2021,강원,명성,냉난방용,1.0,39.02
2021,강원,명성,산업용,,
2021,강원,명성,수송용,,
2021,강원,명성,업무난방용,4.0,33.695
2021,강원,명성,연료전지용,1.0,198.865
2021,강원,명성,열병합용,0.0,0.0
2021,강원,명성,일반용1,36.0,9268.539
2021,강원,명성,일반용2,,
2021,강원,명성,집단에너지용,,
2021,강원,명성,취사용,5.0,0.165
2021,강원,참빛,개별난방용,33756.0,18199.0
2021,강원,참빛,냉난방용,21.0,606.0
2021,강원,참빛,산업용,,
2021,강원,참빛,수송용,1.0,23.0
2021,강원,참빛,업무난방용,243.0,1166.0
2021,강원,참빛,연료전지용,,
2021,강원,참빛,열병합용,0.0,0.0
2021,강원,참빛,일반용1,2138.0,2414.0
2021,강원,참빛,일반용2,81.0,5982.0
2021,강원,참빛,집단에너지용,,
2021,강원,참빛,취사용,422.0,12.0
2021,강원,참빛영동,개별난방용,67888.0,41855.0
2021,강원,참빛영동,냉난방용,67.0,5177.0
2021,강원,참빛영동,산업용,34.0,4606.0
2021,강원,참빛영동,수송용,,
2021,강원,참빛영동,업무난방용,96.0,862.0
2021,강원,참빛영동,연료전지용,4.0,21844.87
2021,강원,참빛영동,열병합용,0.0,0.0
2021,강원,참빛영동,일반용1,828.0,3874.0
2021,강원,참빛영동,일반용2,21.0,1809.0
2021,강원,참빛영동,집단에너지용,,
2021,강원,참빛영동,취사용,3282.0,50.0
2021,강원,참빛원주,개별난방용,152543.0,106137.776051
2021,강원,참빛원주,냉난방용,169.0,4184.1958005
2021,강원,참빛원주,산업용,191.0,49927.97021749999
2021,강원,참빛원주,수송용,2.0,5873.142785599999
2021,강원,참빛원주,업무난방용,1108.0,4885.658252699999
2021,강원,참빛원주,연료전지용,7.0,29.8200811
2021,강원,참빛원주,열병합용,1.0,404.5060000000001
2021,강원,참빛원주,일반용1,3675.0,9746.1031076
2021,강원,참빛원주,일반용2,16.0,1793.3712685
2021,강원,참빛원주,집단에너지용,1.0,311.139
2021,강원,참빛원주,취사용,1828.0,82.3424637
2021,경기,대륜,개별난방용,313702.0,194820.25667
2021,경기,대륜,냉난방용,229.0,5496.24161
2021,경기,대륜,산업용,674.0,82467.27641
2021,경기,대륜,수송용,5.0,21179.052
2021,경기,대륜,업무난방용,2398.0,16042.84398
2021,경기,대륜,연료전지용,9.0,1.54057
2021,경기,대륜,열병합용,8.0,1400.636
2021,경기,대륜,일반용1,10570.0,27686.80964
2021,경기,대륜,일반용2,75.0,2416.32912
2021,경기,대륜,집단에너지용,9.0,4672.056999999999
2021,경기,대륜,취사용,48237.0,45408.99305999999
2021,경기,삼천리,개별난방용,1921720.0,1102664.425813
2021,경기,삼천리,냉난방용,2011.0,86192.123014
2021,경기,삼천리,산업용,1984.0,1196973.681933
2021,경기,삼천리,수송용,33.0,155279.266417
2021,경기,삼천리,업무난방용,23402.0,115198.393944
2021,경기,삼천리,연료전지용,946.0,181429.013396
2021,경기,삼천리,열병합용,28.0,18293.563847
2021,경기,삼천리,일반용1,73778.0,224856.304505
2021,경기,삼천리,일반용2,957.0,41702.624337
2021,경기,삼천리,집단에너지용,37.0,32478.56365900001
2021,경기,삼천리,취사용,845041.0,247512.376608
2021,경기,서울,개별난방용,347008.0,223912.0
2021,경기,서울,냉난방용,590.0,15480.0
2021,경기,서울,산업용,451.0,84734.0
2021,경기,서울,수송용,10.0,47625.0
2021,경기,서울,업무난방용,11978.0,14568.0
2021,경기,서울,연료전지용,32.0,11695.0
2021,경기,서울,열병합용,3.0,25852.0
2021,경기,서울,일반용1,29596.0,63288.0
2021,경기,서울,일반용2,445.0,10626.0
2021,경기,서울,집단에너지용,2.0,969.0
2021,경기,서울,취사용,385587.0,50369.0
2021,경기,예스코,개별난방용,262587.0,218339.4218072
2021,경기,예스코,냉난방용,228.0,6146.7231346
2021,경기,예스코,산업용,386.0,11301.3537432
2021,경기,예스코,수송용,5.0,18455.95
2021,경기,예스코,업무난방용,1775.0,3494.167889899999
2021,경기,예스코,연료전지용,42.0,110.7434119
2021,경기,예스코,열병합용,1.0,0.0
2021,경기,예스코,일반용1,12355.0,30874.2000358
2021,경기,예스코,일반용2,94.0,4643.4060995
2021,경기,예스코,집단에너지용,1.0,34.99
2021,경기,예스코,취사용,97334.0,41077.5507927
2021,경기,인천,개별난방용,6476.0,2925.0
2021,경기,인천,냉난방용,10.0,406.0
2021,경기,인천,산업용,74.0,12691.0
2021,경기,인천,수송용,3.0,3599.0
2021,경기,인천,업무난방용,116.0,377.0
2021,경기,인천,연료전지용,,
2021,경기,인천,열병합용,0.0,0.0
2021,경기,인천,일반용1,561.0,1841.0654
2021,경기,인천,일반용2,5.0,163.9346
2021,경기,인천,집단에너지용,,
2021,경기,인천,취사용,5069.0,965.0
2021,경기,코원ES,개별난방용,506216.0,330734.0
2021,경기,코원ES,냉난방용,663.0,18440.0
2021,경기,코원ES,산업용,442.0,190948.0
2021,경기,코원ES,수송용,8.0,49349.0
2021,경기,코원ES,업무난방용,6250.0,20724.0
2021,경기,코원ES,연료전지용,209.0,318.0
2021,경기,코원ES,열병합용,3.0,2930.0
2021,경기,코원ES,일반용1,22642.0,83941.0
2021,경기,코원ES,일반용2,244.0,12851.0
2021,경기,코원ES,집단에너지용,3.0,711.0
2021,경기,코원ES,취사용,217009.0,76805.0
2021,경남,경남,개별난방용,756223.0,415440.8799999999
2021,경남,경남,냉난방용,513.0,15308.315
2021,경남,경남,산업용,833.0,352470.3182
2021,경남,경남,수송용,8.0,39643.6422
2021,경남,경남,업무난방용,1789.0,20699.6367
2021,경남,경남,연료전지용,25.0,3374.9011
2021,경남,경남,열병합용,14.0,4229.425
2021,경남,경남,일반용1,49991.0,45197.2893
2021,경남,경남,일반용2,372.0,9148.2756
2021,경남,경남,집단에너지용,2.0,16099.521
2021,경남,경남,취사용,61807.0,2313.0397
2021,경남,경동,개별난방용,91749.0,54630.686953998
2021,경남,경동,냉난방용,62.0,1912.784575
2021,경남,경동,산업용,268.0,93635.5836364
2021,경남,경동,수송용,2.0,5389.71441
2021,경남,경동,업무난방용,280.0,860.7800084
2021,경남,경동,연료전지용,6.0,13.8964574
2021,경남,경동,열병합용,0.0,0.0
2021,경남,경동,일반용1,4383.0,10956.040427
2021,경남,경동,일반용2,50.0,2131.1592846
2021,경남,경동,집단에너지용,1.0,29272.00899999999
2021,경남,경동,취사용,40514.0,2187.798403983
2021,경남,지에스이,개별난방용,174371.0,96851.0
2021,경남,지에스이,냉난방용,202.0,4547.0
2021,경남,지에스이,산업용,65.0,40985.0
2021,경남,지에스이,수송용,2.0,5966.0
2021,경남,지에스이,업무난방용,576.0,1395.0
2021,경남,지에스이,연료전지용,6.0,673.0
2021,경남,지에스이,열병합용,2.0,29108.0
2021,경남,지에스이,일반용1,5207.0,9049.0
2021,경남,지에스이,일반용2,76.0,1866.0
2021,경남,지에스이,집단에너지용,1.0,581.0
2021,경남,지에스이,취사용,15613.0,548.0
2021,경북,대성,개별난방용,131957.0,78501.3552942
2021,경북,대성,냉난방용,179.0,3375.830979
2021,경북,대성,산업용,124.0,49001.147576
2021,경북,대성,수송용,3.0,19166.491
2021,경북,대성,업무난방용,589.0,1478.9272532
2021,경북,대성,연료전지용,5.0,0.2951708
2021,경북,대성,열병합용,0.0,0.0
2021,경북,대성,일반용1,1960.0,4104.4185244
2021,경북,대성,일반용2,83.0,1656.0454856
2021,경북,대성,집단에너지용,,
2021,경북,대성,취사용,759.0,124.2760568
2021,경북,대성청정,개별난방용,88676.0,63696.0
2021,경북,대성청정,냉난방용,104.0,2295.0
2021,경북,대성청정,산업용,112.0,97195.0
2021,경북,대성청정,수송용,,
2021,경북,대성청정,업무난방용,860.0,1324.0
2021,경북,대성청정,연료전지용,3.0,7.0
2021,경북,대성청정,열병합용,0.0,0.0
2021,경북,대성청정,일반용1,2146.0,7035.0
2021,경북,대성청정,일반용2,,
2021,경북,대성청정,집단에너지용,,
2021,경북,대성청정,취사용,5653.0,443.0
2021,경북,서라벌,개별난방용,123462.0,58255.0
2021,경북,서라벌,냉난방용,106.0,2106.0
2021,경북,서라벌,산업용,310.0,103161.0
2021,경북,서라벌,수송용,1.0,3960.0
2021,경북,서라벌,업무난방용,912.0,3053.0
2021,경북,서라벌,연료전지용,2.0,12.0
2021,경북,서라벌,열병합용,0.0,0.0
2021,경북,서라벌,일반용1,4562.0,16388.0
2021,경북,서라벌,일반용2,,
2021,경북,서라벌,집단에너지용,,
2021,경북,서라벌,취사용,1466.0,14960.0
2021,경북,영남ES(구미),개별난방용,289232.0,150140.43119503
2021,경북,영남ES(구미),냉난방용,220.0,4663.136368
2021,경북,영남ES(구미),산업용,262.0,350040.127672
2021,경북,영남ES(구미),수송용,1.0,6394.080285
2021,경북,영남ES(구미),업무난방용,1952.0,9041.04524
2021,경북,영남ES(구미),연료전지용,18.0,4316.465228
2021,경북,영남ES(구미),열병합용,3.0,14924.649
2021,경북,영남ES(구미),일반용1,6992.0,15243.060067
2021,경북,영남ES(구미),일반용2,74.0,8901.893444000001
2021,경북,영남ES(구미),집단에너지용,1.0,6133.749999999999
2021,경북,영남ES(구미),취사용,3325.0,35752.64373207001
2021,경북,영남ES(포항),개별난방용,199102.0,107621.0
2021,경북,영남ES(포항),냉난방용,156.0,4878.0
2021,경북,영남ES(포항),산업용,246.0,271053.0
2021,경북,영남ES(포항),수송용,1.0,4383.0
2021,경북,영남ES(포항),업무난방용,1233.0,3295.0
2021,경북,영남ES(포항),연료전지용,9.0,1706.0
2021,경북,영남ES(포항),열병합용,3.0,1466.0
2021,경북,영남ES(포항),일반용1,5153.0,14631.0
2021,경북,영남ES(포항),일반용2,78.0,3944.0
2021,경북,영남ES(포항),집단에너지용,2.0,2815.0
2021,경북,영남ES(포항),취사용,12811.0,24756.0
2021,광주,해양,개별난방용,600610.0,296464.0
2021,광주,해양,냉난방용,602.0,22183.0
2021,광주,해양,산업용,681.0,138719.0
2021,광주,해양,수송용,6.0,30779.0
2021,광주,해양,업무난방용,5534.0,12186.0
2021,광주,해양,연료전지용,117.0,297.0
2021,광주,해양,열병합용,2.0,2455.0
2021,광주,해양,일반용1,17172.0,51741.0
2021,광주,해양,일반용2,156.0,5874.0
2021,광주,해양,집단에너지용,2.0,2535.0
2021,광주,해양,취사용,45204.0,76604.0
2021,대구,대성,개별난방용,888493.0,575408.5726429999
2021,대구,대성,냉난방용,864.0,30372.3589595
2021,대구,대성,산업용,1117.0,224079.9642198
2021,대구,대성,수송용,9.0,58782.56558
2021,대구,대성,업무난방용,6114.0,19578.712954
2021,대구,대성,연료전지용,52.0,2239.075847000001
2021,대구,대성,열병합용,17.0,7648.513000000001
2021,대구,대성,일반용1,19814.0,45745.8661555
2021,대구,대성,일반용2,963.0,23652.0578248
2021,대구,대성,집단에너지용,31.0,8436.489000000001
2021,대구,대성,취사용,147718.0,8069.208831299999
2021,대전,CNCITY,개별난방용,545403.0,323472.0
2021,대전,CNCITY,냉난방용,1145.0,44213.0
2021,대전,CNCITY,산업용,198.0,104534.0
2021,대전,CNCITY,수송용,5.0,33882.0
2021,대전,CNCITY,업무난방용,4961.0,31124.0
2021,대전,CNCITY,연료전지용,59.0,2577.0
2021,대전,CNCITY,열병합용,7.0,29014.0
2021,대전,CNCITY,일반용1,19431.0,62113.0
2021,대전,CNCITY,일반용2,146.0,5711.0
2021,대전,CNCITY,집단에너지용,1.0,4277.0
2021,대전,CNCITY,취사용,88720.0,54680.0
2021,부산,부산,개별난방용,1356236.0,548342.5081686999
2021,부산,부산,냉난방용,2033.0,37377.40973219999
2021,부산,부산,산업용,844.0,364385.17376729
2021,부산,부산,수송용,14.0,91218.1429776
2021,부산,부산,업무난방용,3444.0,18451.0699916
2021,부산,부산,연료전지용,2.0,50671.8174634
2021,부산,부산,열병합용,14.0,10361.3298555
2021,부산,부산,일반용1,61249.0,108675.0943916
2021,부산,부산,일반용2,1060.0,20421.7024852
2021,부산,부산,집단에너지용,2.0,16289.334
2021,부산,부산,취사용,139169.0,155804.7790485
2021,서울,귀뚜라미,개별난방용,355344.0,195160.0
2021,서울,귀뚜라미,냉난방용,369.0,10736.0
2021,서울,귀뚜라미,산업용,79.0,2595.0
2021,서울,귀뚜라미,수송용,4.0,31899.0
2021,서울,귀뚜라미,업무난방용,6769.0,17439.0
2021,서울,귀뚜라미,연료전지용,17.0,34.0
2021,서울,귀뚜라미,열병합용,5.0,1434.0
2021,서울,귀뚜라미,일반용1,11184.0,29831.0
2021,서울,귀뚜라미,일반용2,50.0,1240.0
2021,서울,귀뚜라미,집단에너지용,5.0,2555.0
2021,서울,귀뚜라미,취사용,31666.0,41652.0
2021,서울,대륜,개별난방용,436322.0,271493.79008
2021,서울,대륜,냉난방용,493.0,13194.17534
2021,서울,대륜,산업용,114.0,2089.91604
2021,서울,대륜,수송용,8.0,53191.02099999999
2021,서울,대륜,업무난방용,3624.0,20318.78874
2021,서울,대륜,연료전지용,23.0,1761.31784
2021,서울,대륜,열병합용,6.0,34406.261
2021,서울,대륜,일반용1,14198.0,36099.02011
2021,서울,대륜,일반용2,116.0,3436.0589
2021,서울,대륜,집단에너지용,6.0,32625.42962
2021,서울,대륜,취사용,114221.0,62393.09045
2021,서울,서울,개별난방용,1437448.0,845003.0
2021,서울,서울,냉난방용,2002.0,80934.0
2021,서울,서울,산업용,62.0,4230.0
2021,서울,서울,수송용,9.0,66623.0
2021,서울,서울,업무난방용,52424.0,66148.0
2021,서울,서울,연료전지용,263.0,34766.0
2021,서울,서울,열병합용,26.0,27804.0
2021,서울,서울,일반용1,76986.0,175411.0
2021,서울,서울,일반용2,368.0,12426.0
2021,서울,서울,집단에너지용,6.0,32827.0
2021,서울,서울,취사용,243986.0,128043.0
2021,서울,예스코,개별난방용,918050.0,552355.8430008
2021,서울,예스코,냉난방용,1679.0,83511.725881
2021,서울,예스코,산업용,670.0,8364.866250899999
2021,서울,예스코,수송용,5.0,33872.688
2021,서울,예스코,업무난방용,10947.0,47842.38620209999
2021,서울,예스코,연료전지용,119.0,153.9699546
2021,서울,예스코,열병합용,19.0,4290.3366446
2021,서울,예스코,일반용1,49033.0,155749.4031939
2021,서울,예스코,일반용2,234.0,10795.2701326
2021,서울,예스코,집단에너지용,9.0,577.5160000000001
2021,서울,예스코,취사용,56668.0,101577.0983167
2021,서울,코원ES,개별난방용,518263.0,314019.0
2021,서울,코원ES,냉난방용,1961.0,86034.0
2021,서울,코원ES,산업용,19.0,468.0
2021,서울,코원ES,수송용,5.0,52777.0
2021,서울,코원ES,업무난방용,15874.0,54140.0
2021,서울,코원ES,연료전지용,199.0,54258.0
2021,서울,코원ES,열병합용,21.0,24439.0
2021,서울,코원ES,일반용1,30945.0,154409.0
2021,서울,코원ES,일반용2,154.0,10657.0
2021,서울,코원ES,집단에너지용,13.0,40797.0
2021,서울,코원ES,취사용,245623.0,70966.0
2021,세종,JB,개별난방용,34451.0,16308.0
2021,세종,JB,냉난방용,389.0,3220.0
2021,세종,JB,산업용,69.0,40464.0
2021,세종,JB,수송용,1.0,5059.0
2021,세종,JB,업무난방용,328.0,1450.0
2021,세종,JB,연료전지용,13.0,40.0
2021,세종,JB,열병합용,0.0,0.0
2021,세종,JB,일반용1,2866.0,7120.0
2021,세종,JB,일반용2,558.0,2812.0
2021,세종,JB,집단에너지용,1.0,4213.0
2021,세종,JB,취사용,75242.0,8472.0
2021,세종,충청ES,개별난방용,2273.0,1321.933
2021,세종,충청ES,냉난방용,8.0,92.454
2021,세종,충청ES,산업용,10.0,12522.927
2021,세종,충청ES,수송용,,
2021,세종,충청ES,업무난방용,16.0,184.89
2021,세종,충청ES,연료전지용,,
2021,세종,충청ES,열병합용,0.0,0.0
2021,세종,충청ES,일반용1,82.0,306.648
2021,세종,충청ES,일반용2,3.0,11.617
2021,세종,충청ES,집단에너지용,,
2021,세종,충청ES,취사용,5.0,
2021,울산,경동,개별난방용,459275.0,301465.615439013
2021,울산,경동,냉난방용,372.0,11002.59143481
2021,울산,경동,산업용,308.0,1665332.9494746
2021,울산,경동,수송용,6.0,30960.44002
2021,울산,경동,업무난방용,3104.0,9366.9670183
2021,울산,경동,연료전지용,11.0,1362.3538008
2021,울산,경동,열병합용,4.0,64327.207
2021,울산,경동,일반용1,17828.0,44641.88303720001
2021,울산,경동,일반용2,174.0,6116.5347232
2021,울산,경동,집단에너지용,,2.179484
2021,울산,경동,취사용,4977.0,224.98057872
2021,인천,삼천리,개별난방용,316235.0,180775.671822
2021,인천,삼천리,냉난방용,321.0,11356.865349
2021,인천,삼천리,산업용,479.0,294942.961043
2021,인천,삼천리,수송용,6.0,29163.128921
2021,인천,삼천리,업무난방용,3041.0,12948.537697
2021,인천,삼천리,연료전지용,73.0,62609.34622399999
2021,인천,삼천리,열병합용,8.0,7957.469595999999
2021,인천,삼천리,일반용1,10945.0,39599.474785
2021,인천,삼천리,일반용2,159.0,4264.41961
2021,인천,삼천리,집단에너지용,9.0,6170.281278999999
2021,인천,삼천리,취사용,103388.0,39594.83111
2021,인천,인천,개별난방용,603899.0,345169.0
2021,인천,인천,냉난방용,577.0,20186.0
2021,인천,인천,산업용,350.0,194808.0
2021,인천,인천,수송용,9.0,47340.0
2021,인천,인천,업무난방용,9125.0,20190.0
2021,인천,인천,연료전지용,12.0,16.0
2021,인천,인천,열병합용,1.0,883.0
2021,인천,인천,일반용1,18944.0,62500.0
2021,인천,인천,일반용2,334.0,8400.0
2021,인천,인천,집단에너지용,,
2021,인천,인천,취사용,141034.0,83653.0
2021,전남,대화,개별난방용,97486.0,57491.68851090001
2021,전남,대화,냉난방용,56.0,1973.4353351
2021,전남,대화,산업용,120.0,224069.3879205
2021,전남,대화,수송용,2.0,8917.885999999999
2021,전남,대화,업무난방용,638.0,2065.0888461
2021,전남,대화,연료전지용,2.0,25040.22
2021,전남,대화,열병합용,2.0,288.978
2021,전남,대화,일반용1,2792.0,6802.9686843
2021,전남,대화,일반용2,28.0,4088.4132239
2021,전남,대화,집단에너지용,3.0,8258.11
2021,전남,대화,취사용,535.0,29.515959
2021,전남,목포,개별난방용,127311.0,61668.2997
2021,전남,목포,냉난방용,168.0,3927.8950687
2021,전남,목포,산업용,177.0,33435.965
2021,전남,목포,수송용,3.0,5392.986000000001
2021,전남,목포,업무난방용,365.0,2014.0
2021,전남,목포,연료전지용,6.0,22.804
2021,전남,목포,열병합용,0.0,0.0
2021,전남,목포,일반용1,3885.0,11248.52352
2021,전남,목포,일반용2,31.0,2617.406682
2021,전남,목포,집단에너지용,,
2021,전남,목포,취사용,13838.0,14843.12
2021,전남,전남,개별난방용,160767.0,96918.0
2021,전남,전남,냉난방용,179.0,3527.0
2021,전남,전남,산업용,143.0,156725.0
2021,전남,전남,수송용,2.0,5799.0
2021,전남,전남,업무난방용,1053.0,2612.0
2021,전남,전남,연료전지용,9.0,24.0
2021,전남,전남,열병합용,0.0,0.0
2021,전남,전남,일반용1,4277.0,11478.0
2021,전남,전남,일반용2,31.0,1774.0
2021,전남,전남,집단에너지용,,
2021,전남,전남,취사용,6180.0,153.0
2021,전남,해양,개별난방용,71275.0,34253.0
2021,전남,해양,냉난방용,109.0,3082.0
2021,전남,해양,산업용,298.0,85226.0
2021,전남,해양,수송용,1.0,6107.0
2021,전남,해양,업무난방용,548.0,1784.0
2021,전남,해양,연료전지용,18.0,16.0
2021,전남,해양,열병합용,3.0,1068.0
2021,전남,해양,일반용1,2925.0,7833.0
2021,전남,해양,일반용2,26.0,956.0
2021,전남,해양,집단에너지용,1.0,13695.0
2021,전남,해양,취사용,13289.0,9051.0
2021,전북,군산,개별난방용,112626.0,69781.87932535
2021,전북,군산,냉난방용,105.0,2208.911
2021,전북,군산,산업용,142.0,216343.8315742
2021,전북,군산,수송용,1.0,4841.311000000001
2021,전북,군산,업무난방용,731.0,2866.099999999999
2021,전북,군산,연료전지용,5.0,466.966
2021,전북,군산,열병합용,2.0,2327.158
2021,전북,군산,일반용1,1687.0,6668.981
2021,전북,군산,일반용2,,
2021,전북,군산,집단에너지용,,
2021,전북,군산,취사용,7306.0,5047.44124995
2021,전북,전북,개별난방용,355717.0,205446.0
2021,전북,전북,냉난방용,316.0,9169.0
2021,전북,전북,산업용,419.0,161888.0
2021,전북,전북,수송용,5.0,15808.0
2021,전북,전북,업무난방용,2793.0,10605.0
2021,전북,전북,연료전지용,5.0,397.0
2021,전북,전북,열병합용,5.0,3457.0
2021,전북,전북,일반용1,9585.0,30896.0
2021,전북,전북,일반용2,,
2021,전북,전북,집단에너지용,1.0,464.0
2021,전북,전북,취사용,13157.0,37675.0
2021,전북,전북ES,개별난방용,111780.0,58079.3358831
2021,전북,전북ES,냉난방용,138.0,2860.598423100001
2021,전북,전북ES,산업용,140.0,68862.0015404
2021,전북,전북ES,수송용,1.0,5005.9541376
2021,전북,전북ES,업무난방용,745.0,3660.9195576
2021,전북,전북ES,연료전지용,2.0,446.6961317999999
2021,전북,전북ES,열병합용,3.0,594.475
2021,전북,전북ES,일반용1,2109.0,6225.458802799999
2021,전북,전북ES,일반용2,127.0,2081.4141999
2021,전북,전북ES,집단에너지용,2.0,2048.232
2021,전북,전북ES,취사용,10717.0,10982.8234455
2021,제주,제주,개별난방용,35829.0,16852.83
2021,제주,제주,냉난방용,39.0,3739.25
2021,제주,제주,산업용,,
2021,제주,제주,수송용,,
2021,제주,제주,업무난방용,251.0,5710.169999999999
2021,제주,제주,연료전지용,1.0,5.22
2021,제주,제주,열병합용,0.0,0.0
2021,제주,제주,일반용1,295.0,3485.44
2021,제주,제주,일반용2,,
2021,제주,제주,집단에너지용,,
2021,제주,제주,취사용,0.0,
2021,충남,CNCITY,개별난방용,16149.0,11099.0
2021,충남,CNCITY,냉난방용,24.0,368.0
2021,충남,CNCITY,산업용,4.0,2028.0
2021,충남,CNCITY,수송용,,
2021,충남,CNCITY,업무난방용,208.0,4291.0
2021,충남,CNCITY,연료전지용,,
2021,충남,CNCITY,열병합용,0.0,0.0
2021,충남,CNCITY,일반용1,462.0,1571.0
2021,충남,CNCITY,일반용2,10.0,40.0
2021,충남,CNCITY,집단에너지용,,
2021,충남,CNCITY,취사용,69.0,1398.0
2021,충남,JB,개별난방용,481744.0,243519.0
2021,충남,JB,냉난방용,425.0,12463.0
2021,충남,JB,산업용,468.0,477584.0
2021,충남,JB,수송용,2.0,13410.0
2021,충남,JB,업무난방용,3723.0,13413.0
2021,충남,JB,연료전지용,116.0,9559.0
2021,충남,JB,열병합용,4.0,15971.0
2021,충남,JB,일반용1,7513.0,18728.0
2021,충남,JB,일반용2,3064.0,20843.0
2021,충남,JB,집단에너지용,8.0,3412.0
2021,충남,JB,취사용,35147.0,69412.0
2021,충남,서해,개별난방용,165452.0,74613.0
2021,충남,서해,냉난방용,99.0,1507.0
2021,충남,서해,산업용,202.0,562333.0
2021,충남,서해,수송용,,
2021,충남,서해,업무난방용,1132.0,2133.0
2021,충남,서해,연료전지용,4.0,
2021,충남,서해,열병합용,0.0,0.0
2021,충남,서해,일반용1,3322.0,9191.0
2021,충남,서해,일반용2,,
2021,충남,서해,집단에너지용,1.0,8843.0
2021,충남,서해,취사용,12103.0,16703.0
2021,충북,참빛충북,개별난방용,77932.0,52151.44664218
2021,충북,참빛충북,냉난방용,75.0,1631.7240124
2021,충북,참빛충북,산업용,200.0,92793.4873836
2021,충북,참빛충북,수송용,,
2021,충북,참빛충북,업무난방용,357.0,1338.8783848
2021,충북,참빛충북,연료전지용,1.0,
2021,충북,참빛충북,열병합용,0.0,0.0
2021,충북,참빛충북,일반용1,1423.0,4846.051656999999
2021,충북,참빛충북,일반용2,,
2021,충북,참빛충북,집단에너지용,,
2021,충북,참빛충북,취사용,1533.0,22.0843008
2021,충북,충청ES,개별난방용,371800.0,238257.082
2021,충북,충청ES,냉난방용,546.0,13644.393
2021,충북,충청ES,산업용,464.0,482467.4369999999
2021,충북,충청ES,수송용,3.0,17952.364
2021,충북,충청ES,업무난방용,4328.0,13975.84
2021,충북,충청ES,연료전지용,23.0,8543.672
2021,충북,충청ES,열병합용,2.0,0.0
2021,충북,충청ES,일반용1,9036.0,24257.04
2021,충북,충청ES,일반용2,364.0,5738.445
2021,충북,충청ES,집단에너지용,4.0,1021.397
2021,충북,충청ES,취사용,74600.0,5385.63
2022,강원,강원,개별난방용,136005.0,100786.8
2022,강원,강원,냉난방용,289.0,6141.900000000001
2022,강원,강원,산업용,99.0,13509.3
2022,강원,강원,수송용,2.0,4091.6
2022,강원,강원,업무난방용,1374.0,6030.6
2022,강원,강원,연료전지용,6.0,1230.1
2022,강원,강원,열병합용,3.0,581.5
2022,강원,강원,일반용1,5059.0,28235.7
2022,강원,강원,일반용2,37.0,1543.5
2022,강원,강원,집단에너지용,,
2022,강원,강원,취사용,9970.0,3717.4
2022,강원,명성,개별난방용,1604.0,1047.933
2022,강원,명성,냉난방용,1.0,6.447000000000001
2022,강원,명성,산업용,,
2022,강원,명성,수송용,,
2022,강원,명성,업무난방용,5.0,153.153
2022,강원,명성,연료전지용,1.0,157.403
2022,강원,명성,열병합용,0.0,0.0
2022,강원,명성,일반용1,35.0,10257.183
2022,강원,명성,일반용2,,
2022,강원,명성,집단에너지용,,
2022,강원,명성,취사용,3.0,0.205
2022,강원,참빛,개별난방용,35117.0,19833.0
2022,강원,참빛,냉난방용,22.0,649.0
2022,강원,참빛,산업용,,
2022,강원,참빛,수송용,1.0,243.0
2022,강원,참빛,업무난방용,239.0,1302.0
2022,강원,참빛,연료전지용,,
2022,강원,참빛,열병합용,0.0,0.0
2022,강원,참빛,일반용1,2580.0,3528.0
2022,강원,참빛,일반용2,84.0,8108.0
2022,강원,참빛,집단에너지용,,
2022,강원,참빛,취사용,418.0,12.0
2022,강원,참빛영동,개별난방용,72718.0,45464.0
2022,강원,참빛영동,냉난방용,66.0,5365.0
2022,강원,참빛영동,산업용,38.0,4970.0
2022,강원,참빛영동,수송용,2.0,269.0
2022,강원,참빛영동,업무난방용,99.0,987.0
2022,강원,참빛영동,연료전지용,5.0,26085.62
2022,강원,참빛영동,열병합용,0.0,0.0
2022,강원,참빛영동,일반용1,1062.0,4233.0
2022,강원,참빛영동,일반용2,20.0,2161.0
2022,강원,참빛영동,집단에너지용,,
2022,강원,참빛영동,취사용,3346.0,21.0
2022,강원,참빛원주,개별난방용,158479.0,108188.1253153
2022,강원,참빛원주,냉난방용,166.0,4420.727816099999
2022,강원,참빛원주,산업용,187.0,53958.2459695
2022,강원,참빛원주,수송용,2.0,5719.1271511
2022,강원,참빛원주,업무난방용,1071.0,4682.9891534
2022,강원,참빛원주,연료전지용,8.0,34.6779942
2022,강원,참빛원주,열병합용,0.0,148.959
2022,강원,참빛원주,일반용1,3856.0,10924.7860489
2022,강원,참빛원주,일반용2,17.0,1383.7266409
2022,강원,참빛원주,집단에너지용,,337.446
2022,강원,참빛원주,취사용,1133.0,66.9495595
2022,경기,대륜,개별난방용,329678.0,206949.80709
2022,경기,대륜,냉난방용,240.0,5858.83605
2022,경기,대륜,산업용,655.0,74898.31173999999
2022,경기,대륜,수송용,5.0,20390.397
2022,경기,대륜,업무난방용,1915.0,13936.30302
2022,경기,대륜,연료전지용,9.0,14.79982
2022,경기,대륜,열병합용,8.0,458.248
2022,경기,대륜,일반용1,11347.0,32568.4884
2022,경기,대륜,일반용2,78.0,3286.39989
2022,경기,대륜,집단에너지용,9.0,3956.595
2022,경기,대륜,취사용,48417.0,46530.22456
2022,경기,삼천리,개별난방용,1959433.0,1156633.534572
2022,경기,삼천리,냉난방용,2073.0,91182.215181
2022,경기,삼천리,산업용,1973.0,1184615.080417
2022,경기,삼천리,수송용,32.0,147451.484473
2022,경기,삼천리,업무난방용,23369.0,121557.56078
2022,경기,삼천리,연료전지용,1034.0,194812.296407
2022,경기,삼천리,열병합용,29.0,22826.645773
2022,경기,삼천리,일반용1,76962.0,240531.90272
2022,경기,삼천리,일반용2,992.0,48246.60193
2022,경기,삼천리,집단에너지용,37.0,48307.11406099999
2022,경기,삼천리,취사용,844656.0,225844.407965
2022,경기,서울,개별난방용,357975.0,239823.0
2022,경기,서울,냉난방용,600.0,15405.0
2022,경기,서울,산업용,444.0,85074.0
2022,경기,서울,수송용,10.0,45465.0
2022,경기,서울,업무난방용,6686.0,11598.0
2022,경기,서울,연료전지용,34.0,10896.0
2022,경기,서울,열병합용,4.0,25156.0
2022,경기,서울,일반용1,30285.0,69175.0
2022,경기,서울,일반용2,457.0,13829.0
2022,경기,서울,집단에너지용,2.0,7584.0
2022,경기,서울,취사용,395362.0,48850.0
2022,경기,예스코,개별난방용,267910.0,226357.4385103001
2022,경기,예스코,냉난방용,229.0,6388.620878000001
2022,경기,예스코,산업용,382.0,9161.3339474
2022,경기,예스코,수송용,5.0,16856.603
2022,경기,예스코,업무난방용,1754.0,3491.7147682
2022,경기,예스코,연료전지용,34.0,79.8481459
2022,경기,예스코,열병합용,1.0,0.0
2022,경기,예스코,일반용1,12721.0,34543.9331767
2022,경기,예스코,일반용2,95.0,5534.1679644
2022,경기,예스코,집단에너지용,1.0,5.453
2022,경기,예스코,취사용,102743.0,41174.2631274
2022,경기,인천,개별난방용,6752.0,3129.0
2022,경기,인천,냉난방용,11.0,389.0
2022,경기,인천,산업용,78.0,13335.0
2022,경기,인천,수송용,3.0,3031.0
2022,경기,인천,업무난방용,125.0,350.0
2022,경기,인천,연료전지용,,
2022,경기,인천,열병합용,0.0,0.0
2022,경기,인천,일반용1,616.0,2051.0
2022,경기,인천,일반용2,6.0,202.0
2022,경기,인천,집단에너지용,,
2022,경기,인천,취사용,4866.0,990.0
2022,경기,코원ES,개별난방용,512607.0,335773.0
2022,경기,코원ES,냉난방용,677.0,18946.0
2022,경기,코원ES,산업용,442.0,198027.0
2022,경기,코원ES,수송용,8.0,47375.0
2022,경기,코원ES,업무난방용,6060.0,21039.0
2022,경기,코원ES,연료전지용,198.0,3270.0
2022,경기,코원ES,열병합용,3.0,2808.0
2022,경기,코원ES,일반용1,22896.0,84863.0
2022,경기,코원ES,일반용2,244.0,14684.0
2022,경기,코원ES,집단에너지용,3.0,1150.0
2022,경기,코원ES,취사용,218570.0,72773.0
2022,경남,경남,개별난방용,767141.0,415227.3942999999
2022,경남,경남,냉난방용,554.0,16106.2506
2022,경남,경남,산업용,827.0,355721.0525240999
2022,경남,경남,수송용,9.0,37471.9472
2022,경남,경남,업무난방용,1853.0,19559.6662
2022,경남,경남,연료전지용,30.0,3818.178
2022,경남,경남,열병합용,13.0,1601.1695
2022,경남,경남,일반용1,51275.0,46983.5946
2022,경남,경남,일반용2,385.0,11604.0977
2022,경남,경남,집단에너지용,2.0,16577.516
2022,경남,경남,취사용,61783.0,2049.3692
2022,경남,경동,개별난방용,93547.0,57370.79768196799
2022,경남,경동,냉난방용,68.0,2003.1176636
2022,경남,경동,산업용,259.0,95412.5423436
2022,경남,경동,수송용,2.0,4992.6058
2022,경남,경동,업무난방용,270.0,837.9884372
2022,경남,경동,연료전지용,7.0,3.9244276
2022,경남,경동,열병합용,0.0,0.0
2022,경남,경동,일반용1,4484.0,11722.2609782
2022,경남,경동,일반용2,48.0,1686.4524658
2022,경남,경동,집단에너지용,1.0,32417.988
2022,경남,경동,취사용,39921.0,1959.800575
2022,경남,지에스이,개별난방용,183402.0,102239.0
2022,경남,지에스이,냉난방용,211.0,5047.0
2022,경남,지에스이,산업용,68.0,40696.0
2022,경남,지에스이,수송용,1.0,5540.0
2022,경남,지에스이,업무난방용,594.0,1214.0
2022,경남,지에스이,연료전지용,9.0,668.0
2022,경남,지에스이,열병합용,2.0,20258.0
2022,경남,지에스이,일반용1,5558.0,10001.0
2022,경남,지에스이,일반용2,78.0,2295.0
2022,경남,지에스이,집단에너지용,1.0,548.0
2022,경남,지에스이,취사용,15618.0,493.0
2022,경북,대성,개별난방용,133980.0,77891.1327145
2022,경북,대성,냉난방용,178.0,3489.5022919
2022,경북,대성,산업용,122.0,46056.6847272
2022,경북,대성,수송용,3.0,18689.10893
2022,경북,대성,업무난방용,581.0,1521.2882235
2022,경북,대성,연료전지용,6.0,0.3889946
2022,경북,대성,열병합용,0.0,0.0
2022,경북,대성,일반용1,1974.0,4449.704744000001
2022,경북,대성,일반용2,87.0,1647.7440653
2022,경북,대성,집단에너지용,,
2022,경북,대성,취사용,718.0,59.971512
2022,경북,대성청정,개별난방용,92711.0,65037.0
2022,경북,대성청정,냉난방용,117.0,2487.0
2022,경북,대성청정,산업용,119.0,97441.0
2022,경북,대성청정,수송용,,
2022,경북,대성청정,업무난방용,897.0,1310.0
2022,경북,대성청정,연료전지용,3.0,1.0
2022,경북,대성청정,열병합용,0.0,0.0
2022,경북,대성청정,일반용1,2338.0,7806.0
2022,경북,대성청정,일반용2,,
2022,경북,대성청정,집단에너지용,,
2022,경북,대성청정,취사용,5618.0,376.0
2022,경북,서라벌,개별난방용,125533.0,60670.0
2022,경북,서라벌,냉난방용,109.0,2643.0
2022,경북,서라벌,산업용,315.0,107211.0
2022,경북,서라벌,수송용,1.0,4252.0
2022,경북,서라벌,업무난방용,876.0,3031.0
2022,경북,서라벌,연료전지용,2.0,1.0
2022,경북,서라벌,열병합용,0.0,0.0
2022,경북,서라벌,일반용1,4821.0,18886.0
2022,경북,서라벌,일반용2,,
2022,경북,서라벌,집단에너지용,,
2022,경북,서라벌,취사용,1466.0,14639.0
2022,경북,영남ES(구미),개별난방용,295111.0,147768.04279397
2022,경북,영남ES(구미),냉난방용,235.0,5061.5143
2022,경북,영남ES(구미),산업용,254.0,331487.651621
2022,경북,영남ES(구미),수송용,1.0,6442.695619000001
2022,경북,영남ES(구미),업무난방용,1897.0,8575.589818999999
2022,경북,영남ES(구미),연료전지용,17.0,3665.8597398
2022,경북,영남ES(구미),열병합용,3.0,14233.146
2022,경북,영남ES(구미),일반용1,7119.0,15693.713269
2022,경북,영남ES(구미),일반용2,74.0,7600.239226000001
2022,경북,영남ES(구미),집단에너지용,1.0,6684.092000000001
2022,경북,영남ES(구미),취사용,3224.0,40069.14979623001
2022,경북,영남ES(포항),개별난방용,202792.0,110552.0
2022,경북,영남ES(포항),냉난방용,169.0,4957.0
2022,경북,영남ES(포항),산업용,255.0,256782.0
2022,경북,영남ES(포항),수송용,1.0,3668.0
2022,경북,영남ES(포항),업무난방용,1246.0,3271.0
2022,경북,영남ES(포항),연료전지용,9.0,883.0
2022,경북,영남ES(포항),열병합용,3.0,941.0
2022,경북,영남ES(포항),일반용1,5370.0,15548.0
2022,경북,영남ES(포항),일반용2,73.0,4163.0
2022,경북,영남ES(포항),집단에너지용,2.0,2999.0
2022,경북,영남ES(포항),취사용,9104.0,25409.0
2022,광주,해양,개별난방용,616805.0,302974.0
2022,광주,해양,냉난방용,604.0,21905.0
2022,광주,해양,산업용,688.0,138396.0
2022,광주,해양,수송용,6.0,32014.0
2022,광주,해양,업무난방용,5374.0,11857.0
2022,광주,해양,연료전지용,83.0,4099.0
2022,광주,해양,열병합용,2.0,2852.0
2022,광주,해양,일반용1,17495.0,55017.0
2022,광주,해양,일반용2,147.0,5975.0
2022,광주,해양,집단에너지용,2.0,1651.0
2022,광주,해양,취사용,42397.0,76670.0
2022,대구,대성,개별난방용,905079.0,557134.3016107
2022,대구,대성,냉난방용,871.0,30274.6656919
2022,대구,대성,산업용,1102.0,210809.8461932
2022,대구,대성,수송용,9.0,59372.50816999999
2022,대구,대성,업무난방용,6009.0,18574.7928892
2022,대구,대성,연료전지용,55.0,2296.7216792
2022,대구,대성,열병합용,17.0,5086.119
2022,대구,대성,일반용1,19840.0,47148.22934509999
2022,대구,대성,일반용2,947.0,23284.9300264
2022,대구,대성,집단에너지용,31.0,9809.518
2022,대구,대성,취사용,139183.0,7159.1807803
2022,대전,CNCITY,개별난방용,555759.0,335591.9
2022,대전,CNCITY,냉난방용,1177.0,45459.5
2022,대전,CNCITY,산업용,198.0,97937.3
2022,대전,CNCITY,수송용,5.0,31856.5
2022,대전,CNCITY,업무난방용,4814.0,30331.1
2022,대전,CNCITY,연료전지용,56.0,12148.0
2022,대전,CNCITY,열병합용,10.0,38021.5
2022,대전,CNCITY,일반용1,19895.0,65000.5
2022,대전,CNCITY,일반용2,142.0,6059.5
2022,대전,CNCITY,집단에너지용,1.0,813.5
2022,대전,CNCITY,취사용,87367.0,53958.0
2022,부산,부산,개별난방용,1374283.0,570330.2385067
2022,부산,부산,냉난방용,2047.0,38125.55201000001
2022,부산,부산,산업용,779.0,348854.6353002
2022,부산,부산,수송용,14.0,88548.1523794
2022,부산,부산,업무난방용,3229.0,16603.5800595
2022,부산,부산,연료전지용,2.0,55234.5327085
2022,부산,부산,열병합용,11.0,4656.2989403
2022,부산,부산,일반용1,63761.0,118543.9917222
2022,부산,부산,일반용2,1049.0,23463.286998
2022,부산,부산,집단에너지용,2.0,20634.306
2022,부산,부산,취사용,134989.0,154564.2486338
2022,서울,귀뚜라미,개별난방용,363595.0,206318.0
2022,서울,귀뚜라미,냉난방용,370.0,10714.0
2022,서울,귀뚜라미,산업용,71.0,2517.0
2022,서울,귀뚜라미,수송용,4.0,29094.0
2022,서울,귀뚜라미,업무난방용,5492.0,16764.0
2022,서울,귀뚜라미,연료전지용,16.0,460.0
2022,서울,귀뚜라미,열병합용,5.0,449.0
2022,서울,귀뚜라미,일반용1,11050.0,31543.0
2022,서울,귀뚜라미,일반용2,45.0,1485.0
2022,서울,귀뚜라미,집단에너지용,5.0,3104.0
2022,서울,귀뚜라미,취사용,30460.0,38747.0
2022,서울,대륜,개별난방용,451717.0,285739.13848
2022,서울,대륜,냉난방용,512.0,13635.14464
2022,서울,대륜,산업용,94.0,1553.29269
2022,서울,대륜,수송용,8.0,52446.51600000001
2022,서울,대륜,업무난방용,2788.0,17332.42846
2022,서울,대륜,연료전지용,23.0,921.08528
2022,서울,대륜,열병합용,6.0,21319.191
2022,서울,대륜,일반용1,14764.0,41070.13033
2022,서울,대륜,일반용2,100.0,3814.181839999999
2022,서울,대륜,집단에너지용,6.0,48867.23012
2022,서울,대륜,취사용,110000.0,62665.924
2022,서울,서울,개별난방용,1465681.0,887382.0
2022,서울,서울,냉난방용,2005.0,82847.0
2022,서울,서울,산업용,62.0,4640.0
2022,서울,서울,수송용,9.0,64444.0
2022,서울,서울,업무난방용,43400.0,59779.0
2022,서울,서울,연료전지용,249.0,15394.0
2022,서울,서울,열병합용,27.0,47600.0
2022,서울,서울,일반용1,78461.0,190103.0
2022,서울,서울,일반용2,346.0,14749.0
2022,서울,서울,집단에너지용,6.0,44308.0
2022,서울,서울,취사용,239542.0,123702.0
2022,서울,예스코,개별난방용,929069.0,567410.9520507002
2022,서울,예스코,냉난방용,1671.0,86178.5726521
2022,서울,예스코,산업용,649.0,6440.660438100001
2022,서울,예스코,수송용,5.0,29629.955
2022,서울,예스코,업무난방용,10218.0,47469.3342877
2022,서울,예스코,연료전지용,141.0,91.6410819
2022,서울,예스코,열병합용,18.0,3520.320999999999
2022,서울,예스코,일반용1,49272.0,171776.0254194
2022,서울,예스코,일반용2,215.0,11220.0681693
2022,서울,예스코,집단에너지용,9.0,614.4649999999999
2022,서울,예스코,취사용,55510.0,100642.3372938
2022,서울,코원ES,개별난방용,522570.0,314715.0
2022,서울,코원ES,냉난방용,1901.0,84008.0
2022,서울,코원ES,산업용,20.0,459.0
2022,서울,코원ES,수송용,5.0,51359.0
2022,서울,코원ES,업무난방용,15343.0,54385.0
2022,서울,코원ES,연료전지용,185.0,50962.0
2022,서울,코원ES,열병합용,22.0,18601.0
2022,서울,코원ES,일반용1,30745.0,159039.0
2022,서울,코원ES,일반용2,133.0,12413.0
2022,서울,코원ES,집단에너지용,13.0,53924.0
2022,서울,코원ES,취사용,240272.0,67810.0
2022,세종,JB,개별난방용,35472.0,17736.0
2022,세종,JB,냉난방용,399.0,3709.0
2022,세종,JB,산업용,72.0,39016.0
2022,세종,JB,수송용,1.0,5599.0
2022,세종,JB,업무난방용,350.0,1450.0
2022,세종,JB,연료전지용,12.0,34.0
2022,세종,JB,열병합용,0.0,0.0
2022,세종,JB,일반용1,3048.0,7657.0
2022,세종,JB,일반용2,535.0,2936.0
2022,세종,JB,집단에너지용,1.0,9442.0
2022,세종,JB,취사용,75803.0,8051.0
2022,세종,충청ES,개별난방용,2352.0,1367.043
2022,세종,충청ES,냉난방용,8.0,98.736
2022,세종,충청ES,산업용,11.0,11797.18
2022,세종,충청ES,수송용,,
2022,세종,충청ES,업무난방용,19.0,194.016
2022,세종,충청ES,연료전지용,,
2022,세종,충청ES,열병합용,0.0,0.0
2022,세종,충청ES,일반용1,88.0,314.13
2022,세종,충청ES,일반용2,3.0,11.076
2022,세종,충청ES,집단에너지용,,
2022,세종,충청ES,취사용,4.0,
2022,울산,경동,개별난방용,466296.0,303258.332680542
2022,울산,경동,냉난방용,376.0,11389.1005592
2022,울산,경동,산업용,301.0,1580994.609636
2022,울산,경동,수송용,6.0,30666.25908
2022,울산,경동,업무난방용,3037.0,9223.093952800002
2022,울산,경동,연료전지용,11.0,28521.0712506
2022,울산,경동,열병합용,4.0,32977.12637
2022,울산,경동,일반용1,18188.0,47024.0089836
2022,울산,경동,일반용2,186.0,8808.303384
2022,울산,경동,집단에너지용,,0.274064
2022,울산,경동,취사용,4710.0,194.5888466
2022,인천,삼천리,개별난방용,322152.0,187460.488402
2022,인천,삼천리,냉난방용,346.0,11950.254514
2022,인천,삼천리,산업용,494.0,310059.811048
2022,인천,삼천리,수송용,6.0,28403.575133
2022,인천,삼천리,업무난방용,2882.0,12906.540629
2022,인천,삼천리,연료전지용,87.0,74206.35936199999
2022,인천,삼천리,열병합용,8.0,15878.250146
2022,인천,삼천리,일반용1,11793.0,42139.97739400001
2022,인천,삼천리,일반용2,171.0,5291.131936999999
2022,인천,삼천리,집단에너지용,9.0,5288.374714
2022,인천,삼천리,취사용,97360.0,36401.536033
2022,인천,인천,개별난방용,619185.0,358185.0
2022,인천,인천,냉난방용,611.0,20984.0
2022,인천,인천,산업용,367.0,203408.0
2022,인천,인천,수송용,9.0,48700.0
2022,인천,인천,업무난방용,8967.0,19457.0
2022,인천,인천,연료전지용,9.0,12.0
2022,인천,인천,열병합용,1.0,827.0
2022,인천,인천,일반용1,20448.0,67868.0
2022,인천,인천,일반용2,349.0,9625.0
2022,인천,인천,집단에너지용,,
2022,인천,인천,취사용,145081.0,84657.0
2022,전남,대화,개별난방용,100792.0,58522.24360690001
2022,전남,대화,냉난방용,54.0,2011.5508302
2022,전남,대화,산업용,120.0,184072.5538215
2022,전남,대화,수송용,2.0,8658.936
2022,전남,대화,업무난방용,644.0,1998.2944021
2022,전남,대화,연료전지용,2.0,40623.92399999999
2022,전남,대화,열병합용,2.0,369.659
2022,전남,대화,일반용1,2942.0,7289.6324622
2022,전남,대화,일반용2,28.0,4495.5116217
2022,전남,대화,집단에너지용,4.0,25526.68000000001
2022,전남,대화,취사용,548.0,27.492432
2022,전남,목포,개별난방용,134662.0,66419.0
2022,전남,목포,냉난방용,170.0,4030.0
2022,전남,목포,산업용,183.0,27917.0
2022,전남,목포,수송용,3.0,4851.0
2022,전남,목포,업무난방용,386.0,2016.0
2022,전남,목포,연료전지용,2.0,9.0
2022,전남,목포,열병합용,0.0,0.0
2022,전남,목포,일반용1,4165.0,11983.0
2022,전남,목포,일반용2,32.0,2634.0
2022,전남,목포,집단에너지용,,
2022,전남,목포,취사용,12524.0,15238.0
2022,전남,전남,개별난방용,165185.0,98855.0
2022,전남,전남,냉난방용,189.0,3599.0
2022,전남,전남,산업용,154.0,158988.0
2022,전남,전남,수송용,2.0,5599.0
2022,전남,전남,업무난방용,1011.0,2362.0
2022,전남,전남,연료전지용,11.0,4.0
2022,전남,전남,열병합용,0.0,0.0
2022,전남,전남,일반용1,4479.0,12708.0
2022,전남,전남,일반용2,31.0,1678.0
2022,전남,전남,집단에너지용,,
2022,전남,전남,취사용,7034.0,129.0
2022,전남,해양,개별난방용,74896.0,36945.0
2022,전남,해양,냉난방용,112.0,2949.0
2022,전남,해양,산업용,310.0,80669.0
2022,전남,해양,수송용,1.0,5868.0
2022,전남,해양,업무난방용,544.0,1957.0
2022,전남,해양,연료전지용,16.0,14.0
2022,전남,해양,열병합용,3.0,672.0
2022,전남,해양,일반용1,3128.0,8684.0
2022,전남,해양,일반용2,27.0,943.0
2022,전남,해양,집단에너지용,1.0,13165.0
2022,전남,해양,취사용,12901.0,9263.0
2022,전북,군산,개별난방용,116591.0,77216.9626162
2022,전북,군산,냉난방용,109.0,2382.087
2022,전북,군산,산업용,146.0,202617.1580765
2022,전북,군산,수송용,1.0,4503.899
2022,전북,군산,업무난방용,774.0,2855.619
2022,전북,군산,연료전지용,4.0,255.321
2022,전북,군산,열병합용,2.0,698.81
2022,전북,군산,일반용1,1838.0,8057.053
2022,전북,군산,일반용2,,
2022,전북,군산,집단에너지용,,
2022,전북,군산,취사용,7160.0,4923.6437494
2022,전북,전북,개별난방용,365570.0,219523.0
2022,전북,전북,냉난방용,350.0,9903.0
2022,전북,전북,산업용,434.0,175351.0
2022,전북,전북,수송용,5.0,15362.0
2022,전북,전북,업무난방용,2848.0,10580.0
2022,전북,전북,연료전지용,5.0,357.0
2022,전북,전북,열병합용,5.0,2698.0
2022,전북,전북,일반용1,9940.0,32865.0
2022,전북,전북,일반용2,,
2022,전북,전북,집단에너지용,1.0,435.0
2022,전북,전북,취사용,12824.0,38482.0
2022,전북,전북ES,개별난방용,114865.0,61205.0657219
2022,전북,전북ES,냉난방용,149.0,3056.6701197
2022,전북,전북ES,산업용,148.0,79460.946017
2022,전북,전북ES,수송용,1.0,4821.0046107
2022,전북,전북ES,업무난방용,738.0,3767.5232452
2022,전북,전북ES,연료전지용,3.0,16651.1353869
2022,전북,전북ES,열병합용,3.0,2391.3940000000002
2022,전북,전북ES,일반용1,2172.0,6388.9278311
2022,전북,전북ES,일반용2,124.0,2307.5944451
2022,전북,전북ES,집단에너지용,2.0,3313.944
2022,전북,전북ES,취사용,10399.0,11312.2010875
2022,제주,제주,개별난방용,45112.0,20280.17
2022,제주,제주,냉난방용,47.0,2057.95
2022,제주,제주,산업용,,
2022,제주,제주,수송용,,
2022,제주,제주,업무난방용,209.0,4693.33
2022,제주,제주,연료전지용,2.0,3.7
2022,제주,제주,열병합용,0.0,0.0
2022,제주,제주,일반용1,542.0,7240.799999999999
2022,제주,제주,일반용2,,
2022,제주,제주,집단에너지용,,
2022,제주,제주,취사용,0.0,
2022,충남,CNCITY,개별난방용,17003.0,11865.0
2022,충남,CNCITY,냉난방용,30.0,482.0
2022,충남,CNCITY,산업용,4.0,1841.0
2022,충남,CNCITY,수송용,,
2022,충남,CNCITY,업무난방용,204.0,4293.0
2022,충남,CNCITY,연료전지용,,
2022,충남,CNCITY,열병합용,0.0,0.0
2022,충남,CNCITY,일반용1,487.0,2137.0
2022,충남,CNCITY,일반용2,6.0,56.0
2022,충남,CNCITY,집단에너지용,,
2022,충남,CNCITY,취사용,74.0,1474.0
2022,충남,JB,개별난방용,499782.0,261330.0
2022,충남,JB,냉난방용,434.0,13924.0
2022,충남,JB,산업용,471.0,470329.0
2022,충남,JB,수송용,2.0,12138.0
2022,충남,JB,업무난방용,3800.0,13980.0
2022,충남,JB,연료전지용,120.0,9028.0
2022,충남,JB,열병합용,3.0,7101.0
2022,충남,JB,일반용1,7992.0,20310.0
2022,충남,JB,일반용2,3182.0,23106.0
2022,충남,JB,집단에너지용,7.0,6299.0
2022,충남,JB,취사용,34853.0,72110.0
2022,충남,서해,개별난방용,178051.0,78388.0
2022,충남,서해,냉난방용,110.0,1675.0
2022,충남,서해,산업용,215.0,520558.0
2022,충남,서해,수송용,,
2022,충남,서해,업무난방용,1171.0,2146.0
2022,충남,서해,연료전지용,6.0,7.0
2022,충남,서해,열병합용,0.0,0.0
2022,충남,서해,일반용1,3604.0,10463.0
2022,충남,서해,일반용2,,
2022,충남,서해,집단에너지용,2.0,9734.0
2022,충남,서해,취사용,12420.0,17134.0
2022,충북,참빛충북,개별난방용,78391.0,52949.58597977
2022,충북,참빛충북,냉난방용,77.0,1705.8955731
2022,충북,참빛충북,산업용,207.0,93451.7105964
2022,충북,참빛충북,수송용,,
2022,충북,참빛충북,업무난방용,367.0,1264.3269298
2022,충북,참빛충북,연료전지용,1.0,
2022,충북,참빛충북,열병합용,0.0,0.0
2022,충북,참빛충북,일반용1,1520.0,5209.5114523
2022,충북,참빛충북,일반용2,,
2022,충북,참빛충북,집단에너지용,,
2022,충북,참빛충북,취사용,1455.0,16.1583444
2022,충북,충청ES,개별난방용,382802.0,254820.545
2022,충북,충청ES,냉난방용,567.0,14622.757
2022,충북,충청ES,산업용,492.0,485314.243
2022,충북,충청ES,수송용,3.0,17950.573
2022,충북,충청ES,업무난방용,4732.0,13649.002
2022,충북,충청ES,연료전지용,32.0,33747.629
2022,충북,충청ES,열병합용,2.0,0.0
2022,충북,충청ES,일반용1,9313.0,26479.174
2022,충북,충청ES,일반용2,356.0,6371.241
2022,충북,충청ES,집단에너지용,4.0,1083.468
2022,충북,충청ES,취사용,74305.0,3187.193
2023,강원,강원,개별난방용,138241.0,91525.5
2023,강원,강원,냉난방용,291.0,5867.700000000002
2023,강원,강원,산업용,100.0,12724.1
2023,강원,강원,수송용,2.0,3551.7
2023,강원,강원,업무난방용,1372.0,5517.599999999999
2023,강원,강원,연료전지용,10.0,35437.6
2023,강원,강원,열병합용,2.0,616.3
2023,강원,강원,일반용1,5252.0,28099.7
2023,강원,강원,일반용2,36.0,1633.4
2023,강원,강원,집단에너지용,1.0,98.5
2023,강원,강원,취사용,10377.0,3680.2
2023,강원,명성,개별난방용,1885.0,1051.337
2023,강원,명성,냉난방용,3.0,64.47999999999999
2023,강원,명성,산업용,,
2023,강원,명성,수송용,,
2023,강원,명성,업무난방용,7.0,192.991
2023,강원,명성,연료전지용,1.0,201.658
2023,강원,명성,열병합용,0.0,0.0
2023,강원,명성,일반용1,40.0,9410.466
2023,강원,명성,일반용2,,
2023,강원,명성,집단에너지용,,
2023,강원,명성,취사용,2.0,0.079
2023,강원,참빛,개별난방용,37439.0,18213.0
2023,강원,참빛,냉난방용,20.0,638.0
2023,강원,참빛,산업용,,
2023,강원,참빛,수송용,1.0,223.0
2023,강원,참빛,업무난방용,211.0,1092.0
2023,강원,참빛,연료전지용,1.0,6.0
2023,강원,참빛,열병합용,0.0,0.0
2023,강원,참빛,일반용1,3479.0,3707.0
2023,강원,참빛,일반용2,87.0,8147.0
2023,강원,참빛,집단에너지용,,
2023,강원,참빛,취사용,436.0,12.0
2023,강원,참빛영동,개별난방용,75623.0,41823.0
2023,강원,참빛영동,냉난방용,77.0,5130.0
2023,강원,참빛영동,산업용,35.0,5215.0
2023,강원,참빛영동,수송용,2.0,1132.0
2023,강원,참빛영동,업무난방용,99.0,1133.0
2023,강원,참빛영동,연료전지용,7.0,39578.0
2023,강원,참빛영동,열병합용,0.0,0.0
2023,강원,참빛영동,일반용1,1133.0,4169.0
2023,강원,참빛영동,일반용2,26.0,2081.0
2023,강원,참빛영동,집단에너지용,,
2023,강원,참빛영동,취사용,3305.0,30.0
2023,강원,참빛원주,개별난방용,162562.0,104565.8765532
2023,강원,참빛원주,냉난방용,167.0,4611.2829732
2023,강원,참빛원주,산업용,193.0,57379.5615663
2023,강원,참빛원주,수송용,2.0,5800.412628200001
2023,강원,참빛원주,업무난방용,1042.0,4272.0818986
2023,강원,참빛원주,연료전지용,7.0,32.8467839
2023,강원,참빛원주,열병합용,0.0,0.0
2023,강원,참빛원주,일반용1,3982.0,11767.2239224
2023,강원,참빛원주,일반용2,16.0,1453.8265046
2023,강원,참빛원주,집단에너지용,,
2023,강원,참빛원주,취사용,1203.0,43.33328910000001
2023,경기,대륜,개별난방용,328590.0,176643.1856
2023,경기,대륜,냉난방용,246.0,5611.431
2023,경기,대륜,산업용,653.0,56018.29108
2023,경기,대륜,수송용,5.0,20213.121
2023,경기,대륜,업무난방용,1736.0,9835.78238
2023,경기,대륜,연료전지용,9.0,17.85224
2023,경기,대륜,열병합용,8.0,495.88199999999995
2023,경기,대륜,일반용1,11734.0,35837.49705
2023,경기,대륜,일반용2,84.0,6123.93112
2023,경기,대륜,집단에너지용,9.0,2047.368
2023,경기,대륜,취사용,54057.0,47513.64322000001
2023,경기,삼천리,개별난방용,1970371.0,1026727.100695
2023,경기,삼천리,냉난방용,2093.0,86081.57609399999
2023,경기,삼천리,산업용,1936.0,1106435.686982
2023,경기,삼천리,수송용,23.0,143940.838521
2023,경기,삼천리,업무난방용,22579.0,122214.693773
2023,경기,삼천리,연료전지용,1083.0,211109.820114
2023,경기,삼천리,열병합용,29.0,7921.553888
2023,경기,삼천리,일반용1,78809.0,246747.950366
2023,경기,삼천리,일반용2,1034.0,63897.73368600001
2023,경기,삼천리,집단에너지용,37.0,40708.238682
2023,경기,삼천리,취사용,840653.0,231019.533194
2023,경기,서울,개별난방용,362690.0,211715.0
2023,경기,서울,냉난방용,610.0,15447.0
2023,경기,서울,산업용,444.0,63245.0
2023,경기,서울,수송용,11.0,40336.0
2023,경기,서울,업무난방용,5908.0,8427.0
2023,경기,서울,연료전지용,39.0,10063.0
2023,경기,서울,열병합용,3.0,33979.0
2023,경기,서울,일반용1,31031.0,68369.0
2023,경기,서울,일반용2,479.0,14274.0
2023,경기,서울,집단에너지용,2.0,4105.0
2023,경기,서울,취사용,402601.0,46814.0
2023,경기,예스코,개별난방용,276209.0,204779.8449445
2023,경기,예스코,냉난방용,239.0,5869.6421379
2023,경기,예스코,산업용,1366.0,10102.9067525
2023,경기,예스코,수송용,5.0,16302.156
2023,경기,예스코,업무난방용,1626.0,2857.7994453
2023,경기,예스코,연료전지용,9.0,39.3690354
2023,경기,예스코,열병합용,1.0,0.0
2023,경기,예스코,일반용1,12221.0,34172.6172483
2023,경기,예스코,일반용2,88.0,6158.601133699999
2023,경기,예스코,집단에너지용,1.0,9.802
2023,경기,예스코,취사용,101293.0,40739.4956187
2023,경기,인천,개별난방용,6818.0,2860.0
2023,경기,인천,냉난방용,11.0,371.0
2023,경기,인천,산업용,76.0,10594.0
2023,경기,인천,수송용,2.0,1998.0
2023,경기,인천,업무난방용,119.0,304.0
2023,경기,인천,연료전지용,,
2023,경기,인천,열병합용,0.0,0.0
2023,경기,인천,일반용1,668.0,2123.0
2023,경기,인천,일반용2,9.0,230.0
2023,경기,인천,집단에너지용,1.0,1519.0
2023,경기,인천,취사용,4746.0,962.0
2023,경기,코원ES,개별난방용,518453.0,298961.0
2023,경기,코원ES,냉난방용,698.0,18504.0
2023,경기,코원ES,산업용,442.0,180951.0
2023,경기,코원ES,수송용,9.0,45319.0
2023,경기,코원ES,업무난방용,5688.0,18860.0
2023,경기,코원ES,연료전지용,170.0,25714.0
2023,경기,코원ES,열병합용,3.0,2607.0
2023,경기,코원ES,일반용1,23637.0,85786.0
2023,경기,코원ES,일반용2,251.0,14305.0
2023,경기,코원ES,집단에너지용,3.0,1617.0
2023,경기,코원ES,취사용,221529.0,68905.0
2023,경남,경남,개별난방용,782271.0,392810.0559
2023,경남,경남,냉난방용,571.0,15069.5162
2023,경남,경남,산업용,813.0,349439.5470162
2023,경남,경남,수송용,11.0,32885.2989
2023,경남,경남,업무난방용,1869.0,19515.8705
2023,경남,경남,연료전지용,38.0,5362.2566
2023,경남,경남,열병합용,13.0,301.051
2023,경남,경남,일반용1,51411.0,49341.11824929999
2023,경남,경남,일반용2,391.0,12281.3068345
2023,경남,경남,집단에너지용,1.0,13829.978
2023,경남,경남,취사용,61499.0,1926.098
2023,경남,경동,개별난방용,93741.0,51062.36674999999
2023,경남,경동,냉난방용,71.0,2049.10178
2023,경남,경동,산업용,252.0,81586.76571999998
2023,경남,경동,수송용,2.0,4707.31624
2023,경남,경동,업무난방용,260.0,742.4768599999999
2023,경남,경동,연료전지용,9.0,16.79041
2023,경남,경동,열병합용,0.0,0.0
2023,경남,경동,일반용1,4603.0,14414.12944
2023,경남,경동,일반용2,49.0,2415.01011
2023,경남,경동,집단에너지용,1.0,16194.01
2023,경남,경동,취사용,40543.0,1849.30756
2023,경남,지에스이,개별난방용,188322.0,96405.0
2023,경남,지에스이,냉난방용,219.0,4949.0
2023,경남,지에스이,산업용,70.0,35173.0
2023,경남,지에스이,수송용,1.0,4821.0
2023,경남,지에스이,업무난방용,622.0,1037.0
2023,경남,지에스이,연료전지용,10.0,687.0
2023,경남,지에스이,열병합용,2.0,17611.0
2023,경남,지에스이,일반용1,5887.0,10714.0
2023,경남,지에스이,일반용2,81.0,2664.0
2023,경남,지에스이,집단에너지용,1.0,497.0
2023,경남,지에스이,취사용,15611.0,454.0
2023,경북,대성,개별난방용,135959.0,73323.69075780001
2023,경북,대성,냉난방용,180.0,3563.5872908
2023,경북,대성,산업용,120.0,40426.88788820001
2023,경북,대성,수송용,3.0,18597.98617
2023,경북,대성,업무난방용,564.0,1262.4897422
2023,경북,대성,연료전지용,6.0,0.0237384
2023,경북,대성,열병합용,0.0,0.0
2023,경북,대성,일반용1,1984.0,5910.713941100001
2023,경북,대성,일반용2,90.0,1966.2740665
2023,경북,대성,집단에너지용,,
2023,경북,대성,취사용,666.0,41.9094855
2023,경북,대성청정,개별난방용,95021.0,62265.0
2023,경북,대성청정,냉난방용,122.0,2421.0
2023,경북,대성청정,산업용,118.0,100848.0
2023,경북,대성청정,수송용,,
2023,경북,대성청정,업무난방용,937.0,1201.0
2023,경북,대성청정,연료전지용,4.0,1.0
2023,경북,대성청정,열병합용,0.0,0.0
2023,경북,대성청정,일반용1,2439.0,8004.0
2023,경북,대성청정,일반용2,,0.0
2023,경북,대성청정,집단에너지용,,
2023,경북,대성청정,취사용,5259.0,299.0
2023,경북,서라벌,개별난방용,127883.0,53117.0
2023,경북,서라벌,냉난방용,113.0,2474.0
2023,경북,서라벌,산업용,313.0,101705.0
2023,경북,서라벌,수송용,1.0,4340.0
2023,경북,서라벌,업무난방용,906.0,2865.0
2023,경북,서라벌,연료전지용,3.0,
2023,경북,서라벌,열병합용,0.0,0.0
2023,경북,서라벌,일반용1,5124.0,20416.0
2023,경북,서라벌,일반용2,,0.0
2023,경북,서라벌,집단에너지용,,
2023,경북,서라벌,취사용,1463.0,14769.0
2023,경북,영남ES(구미),개별난방용,300945.0,122350.92548133
2023,경북,영남ES(구미),냉난방용,241.0,4867.577984
2023,경북,영남ES(구미),산업용,261.0,311072.812456
2023,경북,영남ES(구미),수송용,79.0,6362.885467999999
2023,경북,영남ES(구미),업무난방용,1843.0,7492.512809
2023,경북,영남ES(구미),연료전지용,17.0,13776.149309
2023,경북,영남ES(구미),열병합용,4.0,13806.596
2023,경북,영남ES(구미),일반용1,7137.0,16120.138172
2023,경북,영남ES(구미),일반용2,72.0,7473.372440000001
2023,경북,영남ES(구미),집단에너지용,2.0,4906.674
2023,경북,영남ES(구미),취사용,2332.0,47463.42341267001
2023,경북,영남ES(포항),개별난방용,206881.0,94905.0
2023,경북,영남ES(포항),냉난방용,182.0,4840.0
2023,경북,영남ES(포항),산업용,241.0,259040.0
2023,경북,영남ES(포항),수송용,1.0,3537.0
2023,경북,영남ES(포항),업무난방용,1210.0,2724.0
2023,경북,영남ES(포항),연료전지용,12.0,6800.0
2023,경북,영남ES(포항),열병합용,3.0,1261.0
2023,경북,영남ES(포항),일반용1,5531.0,16055.0
2023,경북,영남ES(포항),일반용2,72.0,4042.0
2023,경북,영남ES(포항),집단에너지용,2.0,2519.0
2023,경북,영남ES(포항),취사용,12937.0,24429.0
2023,광주,해양,개별난방용,626230.0,259639.0
2023,광주,해양,냉난방용,621.0,18532.0
2023,광주,해양,산업용,690.0,134267.0
2023,광주,해양,수송용,7.0,32480.0
2023,광주,해양,업무난방용,5233.0,11248.0
2023,광주,해양,연료전지용,79.0,14232.0
2023,광주,해양,열병합용,1.0,1653.0
2023,광주,해양,일반용1,17853.0,53780.0
2023,광주,해양,일반용2,146.0,6022.0
2023,광주,해양,집단에너지용,2.0,87.0
2023,광주,해양,취사용,39564.0,76441.0
2023,대구,대성,개별난방용,922049.0,528952.0827493
2023,대구,대성,냉난방용,884.0,29454.6343973
2023,대구,대성,산업용,1056.0,192726.5111297
2023,대구,대성,수송용,9.0,58277.12263999999
2023,대구,대성,업무난방용,5989.0,17425.2509018
2023,대구,대성,연료전지용,52.0,2423.6390177
2023,대구,대성,열병합용,17.0,4887.452
2023,대구,대성,일반용1,19836.0,50497.5726565
2023,대구,대성,일반용2,966.0,24036.1028716
2023,대구,대성,집단에너지용,31.0,9597.503
2023,대구,대성,취사용,132145.0,6469.621948299999
2023,대전,CNCITY,개별난방용,558439.0,292843.0
2023,대전,CNCITY,냉난방용,1190.0,40897.0
2023,대전,CNCITY,산업용,178.0,79122.0
2023,대전,CNCITY,수송용,5.0,31506.0
2023,대전,CNCITY,업무난방용,4731.0,25838.0
2023,대전,CNCITY,연료전지용,61.0,11937.0
2023,대전,CNCITY,열병합용,10.0,34552.0
2023,대전,CNCITY,일반용1,20232.0,65912.0
2023,대전,CNCITY,일반용2,141.0,6167.0
2023,대전,CNCITY,집단에너지용,1.0,920.0
2023,대전,CNCITY,취사용,84084.0,50923.0
2023,부산,부산,개별난방용,1390073.0,500870.4054286
2023,부산,부산,냉난방용,2063.0,35762.1111563
2023,부산,부산,산업용,748.0,320549.8097591
2023,부산,부산,수송용,15.0,85356.37172410001
2023,부산,부산,업무난방용,3162.0,13908.4974419
2023,부산,부산,연료전지용,2.0,57111.6427776
2023,부산,부산,열병합용,10.0,2292.7460033
2023,부산,부산,일반용1,66226.0,124895.1584459
2023,부산,부산,일반용2,1058.0,22811.0596333
2023,부산,부산,집단에너지용,2.0,13794.393
2023,부산,부산,취사용,132854.0,147778.2059891
2023,서울,귀뚜라미,개별난방용,368502.0,179595.0
2023,서울,귀뚜라미,냉난방용,364.0,10278.0
2023,서울,귀뚜라미,산업용,65.0,1899.0
2023,서울,귀뚜라미,수송용,4.0,27068.0
2023,서울,귀뚜라미,업무난방용,5067.0,14479.0
2023,서울,귀뚜라미,연료전지용,20.0,460.0
2023,서울,귀뚜라미,열병합용,5.0,1017.0
2023,서울,귀뚜라미,일반용1,11278.0,30942.0
2023,서울,귀뚜라미,일반용2,43.0,1471.0
2023,서울,귀뚜라미,집단에너지용,5.0,2407.0
2023,서울,귀뚜라미,취사용,29767.0,38534.0
2023,서울,대륜,개별난방용,446395.0,239724.80529
2023,서울,대륜,냉난방용,492.0,12477.90987
2023,서울,대륜,산업용,85.0,1005.92835
2023,서울,대륜,수송용,8.0,50818.188
2023,서울,대륜,업무난방용,2496.0,11288.74202
2023,서울,대륜,연료전지용,23.0,5.708950000000001
2023,서울,대륜,열병합용,6.0,31079.797
2023,서울,대륜,일반용1,14839.0,44333.40772
2023,서울,대륜,일반용2,94.0,4083.91638
2023,서울,대륜,집단에너지용,6.0,30286.315
2023,서울,대륜,취사용,107111.0,62559.29996
2023,서울,서울,개별난방용,1485477.0,779380.0
2023,서울,서울,냉난방용,2019.0,78255.0
2023,서울,서울,산업용,63.0,4524.0
2023,서울,서울,수송용,9.0,60977.0
2023,서울,서울,업무난방용,39881.0,48210.0
2023,서울,서울,연료전지용,270.0,10685.0
2023,서울,서울,열병합용,27.0,39798.0
2023,서울,서울,일반용1,78999.0,188121.0
2023,서울,서울,일반용2,333.0,15391.0
2023,서울,서울,집단에너지용,6.0,37994.0
2023,서울,서울,취사용,238285.0,117586.0
2023,서울,예스코,개별난방용,937452.0,508456.4513604
2023,서울,예스코,냉난방용,1652.0,81156.1589777
2023,서울,예스코,산업용,2177.0,7542.596312600001
2023,서울,예스코,수송용,5.0,27604.75
2023,서울,예스코,업무난방용,9781.0,39840.9718802
2023,서울,예스코,연료전지용,162.0,38.278791
2023,서울,예스코,열병합용,18.0,3416.0384226
2023,서울,예스코,일반용1,49667.0,172837.3619858
2023,서울,예스코,일반용2,205.0,11726.9398766
2023,서울,예스코,집단에너지용,9.0,575.98
2023,서울,예스코,취사용,57824.0,98215.69336849998
2023,서울,코원ES,개별난방용,526892.0,279616.0
2023,서울,코원ES,냉난방용,1836.0,77181.0
2023,서울,코원ES,산업용,16.0,382.0
2023,서울,코원ES,수송용,5.0,48308.0
2023,서울,코원ES,업무난방용,14086.0,46898.0
2023,서울,코원ES,연료전지용,217.0,72104.0
2023,서울,코원ES,열병합용,20.0,23154.0
2023,서울,코원ES,일반용1,31212.0,158625.0
2023,서울,코원ES,일반용2,126.0,12192.0
2023,서울,코원ES,집단에너지용,14.0,38235.0
2023,서울,코원ES,취사용,246342.0,64108.0
2023,세종,JB,개별난방용,35663.0,16392.0
2023,세종,JB,냉난방용,396.0,3604.0
2023,세종,JB,산업용,74.0,40340.0
2023,세종,JB,수송용,1.0,5927.0
2023,세종,JB,업무난방용,364.0,1144.0
2023,세종,JB,연료전지용,14.0,18.0
2023,세종,JB,열병합용,0.0,0.0
2023,세종,JB,일반용1,3256.0,8083.0
2023,세종,JB,일반용2,461.0,3257.0
2023,세종,JB,집단에너지용,1.0,3151.0
2023,세종,JB,취사용,74354.0,6952.0
2023,세종,충청ES,개별난방용,2367.0,1234.09
2023,세종,충청ES,냉난방용,8.0,107.694
2023,세종,충청ES,산업용,11.0,11490.151
2023,세종,충청ES,수송용,,
2023,세종,충청ES,업무난방용,20.0,265.88
2023,세종,충청ES,연료전지용,,
2023,세종,충청ES,열병합용,0.0,0.0
2023,세종,충청ES,일반용1,89.0,282.335
2023,세종,충청ES,일반용2,3.0,9.666
2023,세종,충청ES,집단에너지용,,
2023,세종,충청ES,취사용,0.0,
2023,울산,경동,개별난방용,472363.0,273735.15979
2023,울산,경동,냉난방용,370.0,10506.87342
2023,울산,경동,산업용,306.0,1220412.30287
2023,울산,경동,수송용,6.0,31217.59485
2023,울산,경동,업무난방용,2772.0,7987.21064
2023,울산,경동,연료전지용,12.0,38099.55053
2023,울산,경동,열병합용,4.0,17686.469
2023,울산,경동,일반용1,18476.0,48849.07447000001
2023,울산,경동,일반용2,188.0,9813.474880000002
2023,울산,경동,집단에너지용,,
2023,울산,경동,취사용,4602.0,177.59328
2023,인천,삼천리,개별난방용,325622.0,168370.596554
2023,인천,삼천리,냉난방용,391.0,12590.156688
2023,인천,삼천리,산업용,492.0,309589.743944
2023,인천,삼천리,수송용,3.0,28671.51916900001
2023,인천,삼천리,업무난방용,2783.0,11379.759473
2023,인천,삼천리,연료전지용,92.0,75990.45282
2023,인천,삼천리,열병합용,10.0,9503.278324
2023,인천,삼천리,일반용1,12186.0,43521.824675
2023,인천,삼천리,일반용2,174.0,6412.360920999999
2023,인천,삼천리,집단에너지용,9.0,4888.018309
2023,인천,삼천리,취사용,97922.0,37148.734637
2023,인천,인천,개별난방용,631624.0,323799.0
2023,인천,인천,냉난방용,658.0,21194.0
2023,인천,인천,산업용,372.0,155424.0
2023,인천,인천,수송용,10.0,46378.0
2023,인천,인천,업무난방용,8727.0,17124.0
2023,인천,인천,연료전지용,26.0,136902.0
2023,인천,인천,열병합용,1.0,669.0
2023,인천,인천,일반용1,21262.0,70144.0
2023,인천,인천,일반용2,364.0,14106.0
2023,인천,인천,집단에너지용,,
2023,인천,인천,취사용,152448.0,83418.0
2023,전남,MC에너지,개별난방용,136060.0,60247.0
2023,전남,MC에너지,냉난방용,181.0,3824.0
2023,전남,MC에너지,산업용,182.0,27530.0
2023,전남,MC에너지,수송용,3.0,4729.0
2023,전남,MC에너지,업무난방용,365.0,1542.0
2023,전남,MC에너지,연료전지용,2.0,
2023,전남,MC에너지,열병합용,0.0,0.0
2023,전남,MC에너지,일반용1,4339.0,12796.0
2023,전남,MC에너지,일반용2,33.0,3079.0
2023,전남,MC에너지,집단에너지용,,
2023,전남,MC에너지,취사용,15056.0,15628.0
2023,전남,대화,개별난방용,105748.0,53603.2274534
2023,전남,대화,냉난방용,56.0,2037.5760775
2023,전남,대화,산업용,123.0,122089.2031667
2023,전남,대화,수송용,2.0,8543.548999999999
2023,전남,대화,업무난방용,644.0,1878.5665542
2023,전남,대화,연료전지용,2.0,37589.102
2023,전남,대화,열병합용,1.0,225.449
2023,전남,대화,일반용1,3117.0,7603.780134
2023,전남,대화,일반용2,34.0,4245.5445857
2023,전남,대화,집단에너지용,4.0,17620.109
2023,전남,대화,취사용,516.0,26.6199461
2023,전남,전남,개별난방용,175158.0,89691.0
2023,전남,전남,냉난방용,204.0,3569.0
2023,전남,전남,산업용,150.0,161964.0
2023,전남,전남,수송용,2.0,5807.0
2023,전남,전남,업무난방용,996.0,2309.0
2023,전남,전남,연료전지용,13.0,
2023,전남,전남,열병합용,0.0,0.0
2023,전남,전남,일반용1,4560.0,12815.0
2023,전남,전남,일반용2,29.0,1617.0
2023,전남,전남,집단에너지용,,
2023,전남,전남,취사용,3888.0,108.0
2023,전남,해양,개별난방용,77102.0,32715.0
2023,전남,해양,냉난방용,122.0,2337.0
2023,전남,해양,산업용,291.0,78895.0
2023,전남,해양,수송용,1.0,5285.0
2023,전남,해양,업무난방용,546.0,2370.0
2023,전남,해양,연료전지용,15.0,8.0
2023,전남,해양,열병합용,3.0,980.0
2023,전남,해양,일반용1,3419.0,8728.0
2023,전남,해양,일반용2,28.0,916.0
2023,전남,해양,집단에너지용,1.0,6939.0
2023,전남,해양,취사용,12678.0,9508.0
2023,전북,군산,개별난방용,118929.0,67392.49412199999
2023,전북,군산,냉난방용,124.0,2279.546
2023,전북,군산,산업용,152.0,198940.6613011
2023,전북,군산,수송용,1.0,3926.219
2023,전북,군산,업무난방용,762.0,2441.008
2023,전북,군산,연료전지용,2.0,102.925
2023,전북,군산,열병합용,2.0,1264.304
2023,전북,군산,일반용1,1941.0,9203.011
2023,전북,군산,일반용2,,
2023,전북,군산,집단에너지용,,1.078
2023,전북,군산,취사용,7018.0,4792.152945000001
2023,전북,전북,개별난방용,370616.0,189612.0
2023,전북,전북,냉난방용,375.0,9465.0
2023,전북,전북,산업용,441.0,170451.0
2023,전북,전북,수송용,5.0,13885.0
2023,전북,전북,업무난방용,2765.0,9765.0
2023,전북,전북,연료전지용,5.0,361.0
2023,전북,전북,열병합용,5.0,1373.0
2023,전북,전북,일반용1,10103.0,33627.0
2023,전북,전북,일반용2,,
2023,전북,전북,집단에너지용,1.0,412.0
2023,전북,전북,취사용,12549.0,39509.0
2023,전북,전북ES,개별난방용,113222.0,52977.8523197
2023,전북,전북ES,냉난방용,141.0,2863.7825563
2023,전북,전북ES,산업용,149.0,73376.4099868
2023,전북,전북ES,수송용,1.0,4642.650061599999
2023,전북,전북ES,업무난방용,729.0,3324.1634438
2023,전북,전북ES,연료전지용,2.0,21678.8082518
2023,전북,전북ES,열병합용,1.0,599.6619999999999
2023,전북,전북ES,일반용1,2245.0,6709.7825908
2023,전북,전북ES,일반용2,126.0,2290.9424089
2023,전북,전북ES,집단에너지용,2.0,1923.378
2023,전북,전북ES,취사용,10094.0,11436.8722376
2023,제주,제주,개별난방용,48814.0,20692.13
2023,제주,제주,냉난방용,47.0,2025.82
2023,제주,제주,산업용,,
2023,제주,제주,수송용,,
2023,제주,제주,업무난방용,212.0,4026.79
2023,제주,제주,연료전지용,2.0,3.03
2023,제주,제주,열병합용,0.0,0.0
2023,제주,제주,일반용1,629.0,7832.949999999999
2023,제주,제주,일반용2,,0.0
2023,제주,제주,집단에너지용,,
2023,제주,제주,취사용,0.0,
2023,충남,CNCITY,개별난방용,19870.0,10920.0
2023,충남,CNCITY,냉난방용,40.0,537.0
2023,충남,CNCITY,산업용,4.0,1538.0
2023,충남,CNCITY,수송용,,
2023,충남,CNCITY,업무난방용,297.0,3965.0
2023,충남,CNCITY,연료전지용,,
2023,충남,CNCITY,열병합용,0.0,0.0
2023,충남,CNCITY,일반용1,541.0,2643.0
2023,충남,CNCITY,일반용2,8.0,70.0
2023,충남,CNCITY,집단에너지용,,
2023,충남,CNCITY,취사용,50.0,1516.0
2023,충남,JB,개별난방용,518221.0,241601.0
2023,충남,JB,냉난방용,452.0,13631.0
2023,충남,JB,산업용,475.0,447495.0
2023,충남,JB,수송용,2.0,10833.0
2023,충남,JB,업무난방용,3863.0,12995.0
2023,충남,JB,연료전지용,97.0,9402.0
2023,충남,JB,열병합용,3.0,7814.0
2023,충남,JB,일반용1,8361.0,21649.0
2023,충남,JB,일반용2,3267.0,23738.0
2023,충남,JB,집단에너지용,6.0,3314.0
2023,충남,JB,취사용,33458.0,62007.0
2023,충남,서해,개별난방용,183659.0,77002.0
2023,충남,서해,냉난방용,122.0,1699.0
2023,충남,서해,산업용,220.0,509652.0
2023,충남,서해,수송용,,
2023,충남,서해,업무난방용,1181.0,2104.0
2023,충남,서해,연료전지용,7.0,6167.0
2023,충남,서해,열병합용,0.0,0.0
2023,충남,서해,일반용1,4003.0,11979.0
2023,충남,서해,일반용2,,
2023,충남,서해,집단에너지용,1.0,8434.0
2023,충남,서해,취사용,13408.0,18988.0
2023,충북,참빛충북,개별난방용,81099.0,51007.65308523
2023,충북,참빛충북,냉난방용,89.0,1999.923416
2023,충북,참빛충북,산업용,223.0,90337.3797166
2023,충북,참빛충북,수송용,,
2023,충북,참빛충북,업무난방용,370.0,1246.401293
2023,충북,참빛충북,연료전지용,1.0,
2023,충북,참빛충북,열병합용,0.0,0.0
2023,충북,참빛충북,일반용1,1599.0,5548.233165600001
2023,충북,참빛충북,일반용2,,
2023,충북,참빛충북,집단에너지용,,
2023,충북,참빛충북,취사용,1422.0,15.4894452
2023,충북,충청ES,개별난방용,393202.0,226498.402
2023,충북,충청ES,냉난방용,589.0,14138.627
2023,충북,충청ES,산업용,502.0,470897.504
2023,충북,충청ES,수송용,3.0,17391.087
2023,충북,충청ES,업무난방용,5932.0,11528.13
2023,충북,충청ES,연료전지용,33.0,56062.63699999999
2023,충북,충청ES,열병합용,2.0,0.0
2023,충북,충청ES,일반용1,9531.0,28824.191
2023,충북,충청ES,일반용2,366.0,6044.913
2023,충북,충청ES,집단에너지용,4.0,943.758
2023,충북,충청ES,취사용,73064.0,4564.542
2024,강원,강원,개별난방용,141297.0,89066.29999999999
2024,강원,강원,냉난방용,305.0,6163.6
2024,강원,강원,산업용,98.0,12395.9
2024,강원,강원,수송용,2.0,2539.3
2024,강원,강원,업무난방용,1366.0,5116.4
2024,강원,강원,연료전지용,14.0,81882.6
2024,강원,강원,열병합용,2.0,414.4
2024,강원,강원,일반용1,6926.0,28399.6
2024,강원,강원,일반용2,35.0,1647.7
2024,강원,강원,집단에너지용,1.0,75.9
2024,강원,강원,취사용,10363.0,3561.3
2024,강원,명성,개별난방용,1980.0,1323.753
2024,강원,명성,냉난방용,3.0,97.154
2024,강원,명성,산업용,,
2024,강원,명성,수송용,,
2024,강원,명성,업무난방용,7.0,213.987
2024,강원,명성,연료전지용,1.0,200.73
2024,강원,명성,열병합용,0.0,0.0
2024,강원,명성,일반용1,45.0,9148.005
2024,강원,명성,일반용2,,
2024,강원,명성,집단에너지용,,
2024,강원,명성,취사용,2.0,0.062
2024,강원,참빛,개별난방용,37697.0,19094.0
2024,강원,참빛,냉난방용,24.0,742.0
2024,강원,참빛,산업용,,
2024,강원,참빛,수송용,1.0,20.0
2024,강원,참빛,업무난방용,210.0,1042.0
2024,강원,참빛,연료전지용,1.0,12.0
2024,강원,참빛,열병합용,0.0,0.0
2024,강원,참빛,일반용1,3423.0,4910.0
2024,강원,참빛,일반용2,90.0,7750.0
2024,강원,참빛,집단에너지용,,
2024,강원,참빛,취사용,409.0,12.0
2024,강원,참빛영동,개별난방용,79547.0,44693.0
2024,강원,참빛영동,냉난방용,82.0,5890.0
2024,강원,참빛영동,산업용,28.0,5003.0
2024,강원,참빛영동,수송용,2.0,1304.0
2024,강원,참빛영동,업무난방용,101.0,947.0
2024,강원,참빛영동,연료전지용,9.0,53499.0
2024,강원,참빛영동,열병합용,0.0,0.0
2024,강원,참빛영동,일반용1,1432.0,4307.0
2024,강원,참빛영동,일반용2,28.0,2092.0
2024,강원,참빛영동,집단에너지용,,
2024,강원,참빛영동,취사용,3373.0,31.0
2024,강원,참빛원주,개별난방용,165943.0,99037.5647728
2024,강원,참빛원주,냉난방용,173.0,4776.360285899999
2024,강원,참빛원주,산업용,187.0,54796.5699207
2024,강원,참빛원주,수송용,2.0,5905.4549296
2024,강원,참빛원주,업무난방용,1039.0,3962.539440100001
2024,강원,참빛원주,연료전지용,9.0,23.4279329
2024,강원,참빛원주,열병합용,0.0,0.0
2024,강원,참빛원주,일반용1,4042.0,12205.1804421
2024,강원,참빛원주,일반용2,15.0,1459.3155423
2024,강원,참빛원주,집단에너지용,,
2024,강원,참빛원주,취사용,1152.0,46.46487379999999
2024,경기,대륜,개별난방용,333834.0,167846.15042
2024,경기,대륜,냉난방용,250.0,5892.81981
2024,경기,대륜,산업용,657.0,56011.68113999999
2024,경기,대륜,수송용,5.0,19652.86
2024,경기,대륜,업무난방용,1733.0,8861.819509999998
2024,경기,대륜,연료전지용,9.0,8.775269999999999
2024,경기,대륜,열병합용,8.0,493.64300000000003
2024,경기,대륜,일반용1,11873.0,36708.26964
2024,경기,대륜,일반용2,85.0,6187.80848
2024,경기,대륜,집단에너지용,9.0,6179.817999999999
2024,경기,대륜,취사용,56702.0,47031.77517
2024,경기,삼천리,개별난방용,1991816.0,965536.0793240002
2024,경기,삼천리,냉난방용,2140.0,90986.988674
2024,경기,삼천리,산업용,1934.0,1077677.283186
2024,경기,삼천리,수송용,23.0,138798.811878
2024,경기,삼천리,업무난방용,22123.0,115180.944216
2024,경기,삼천리,연료전지용,1122.0,213250.7278349999
2024,경기,삼천리,열병합용,29.0,8687.535896000001
2024,경기,삼천리,일반용1,80124.0,249181.246553
2024,경기,삼천리,일반용2,1052.0,66929.792758
2024,경기,삼천리,집단에너지용,37.0,31704.446022
2024,경기,삼천리,취사용,802759.0,224230.270696
2024,경기,서울,개별난방용,366595.0,201488.0
2024,경기,서울,냉난방용,635.0,16190.0
2024,경기,서울,산업용,441.0,53176.0
2024,경기,서울,수송용,10.0,33656.0
2024,경기,서울,업무난방용,5631.0,8579.0
2024,경기,서울,연료전지용,45.0,10334.0
2024,경기,서울,열병합용,3.0,40487.0
2024,경기,서울,일반용1,31392.0,66977.0
2024,경기,서울,일반용2,500.0,16230.0
2024,경기,서울,집단에너지용,2.0,1734.0
2024,경기,서울,취사용,407187.0,45141.0
2024,경기,예스코,개별난방용,277814.0,193810.0670102
2024,경기,예스코,냉난방용,237.0,5587.0208934
2024,경기,예스코,산업용,1476.0,12265.717842
2024,경기,예스코,수송용,5.0,16016.91
2024,경기,예스코,업무난방용,1605.0,2528.6590988
2024,경기,예스코,연료전지용,9.0,6.5073137
2024,경기,예스코,열병합용,1.0,0.0
2024,경기,예스코,일반용1,12177.0,33155.16991999999
2024,경기,예스코,일반용2,91.0,6327.970734099999
2024,경기,예스코,집단에너지용,1.0,1418.476
2024,경기,예스코,취사용,100385.0,40552.6185936
2024,경기,인천,개별난방용,6675.0,2646.0
2024,경기,인천,냉난방용,9.0,420.0
2024,경기,인천,산업용,78.0,10518.0
2024,경기,인천,수송용,2.0,1581.0
2024,경기,인천,업무난방용,123.0,277.0
2024,경기,인천,연료전지용,,
2024,경기,인천,열병합용,0.0,0.0
2024,경기,인천,일반용1,670.0,2383.0
2024,경기,인천,일반용2,10.0,250.0
2024,경기,인천,집단에너지용,1.0,933.0
2024,경기,인천,취사용,4666.0,941.0
2024,경기,코원ES,개별난방용,528008.0,285397.0
2024,경기,코원ES,냉난방용,784.0,20246.0
2024,경기,코원ES,산업용,440.0,146487.0
2024,경기,코원ES,수송용,9.0,44146.0
2024,경기,코원ES,업무난방용,5606.0,18471.0
2024,경기,코원ES,연료전지용,125.0,26584.0
2024,경기,코원ES,열병합용,3.0,554.0
2024,경기,코원ES,일반용1,23835.0,85539.0
2024,경기,코원ES,일반용2,238.0,13950.0
2024,경기,코원ES,집단에너지용,3.0,1097.0
2024,경기,코원ES,취사용,217780.0,66106.0
2024,경남,경남,개별난방용,801047.0,377039.2847298
2024,경남,경남,냉난방용,618.0,15786.8193
2024,경남,경남,산업용,813.0,334097.2432
2024,경남,경남,수송용,12.0,28369.9009
2024,경남,경남,업무난방용,1868.0,19635.8105
2024,경남,경남,연료전지용,47.0,6522.502500000001
2024,경남,경남,열병합용,13.0,343.865
2024,경남,경남,일반용1,52357.0,49212.09329999999
2024,경남,경남,일반용2,388.0,12545.3335
2024,경남,경남,집단에너지용,1.0,13480.748
2024,경남,경남,취사용,61341.0,1779.8498
2024,경남,경동,개별난방용,96425.0,49403.69283000001
2024,경남,경동,냉난방용,78.0,2318.63895
2024,경남,경동,산업용,253.0,80885.59653
2024,경남,경동,수송용,2.0,4552.70121
2024,경남,경동,업무난방용,250.0,1880.39531
2024,경남,경동,연료전지용,10.0,16.86385
2024,경남,경동,열병합용,0.0,0.0
2024,경남,경동,일반용1,4538.0,14977.97633
2024,경남,경동,일반용2,48.0,2307.61858
2024,경남,경동,집단에너지용,1.0,2236.635
2024,경남,경동,취사용,40066.0,1897.54323
2024,경남,지에스이,개별난방용,193615.0,95813.0
2024,경남,지에스이,냉난방용,233.0,5292.0
2024,경남,지에스이,산업용,72.0,33499.0
2024,경남,지에스이,수송용,1.0,4314.0
2024,경남,지에스이,업무난방용,647.0,1041.0
2024,경남,지에스이,연료전지용,13.0,679.0
2024,경남,지에스이,열병합용,2.0,2137.0
2024,경남,지에스이,일반용1,6122.0,11028.0
2024,경남,지에스이,일반용2,86.0,2809.0
2024,경남,지에스이,집단에너지용,,548.0
2024,경남,지에스이,취사용,15612.0,430.0
2024,경북,대성,개별난방용,137560.0,70898.7756396
2024,경북,대성,냉난방용,181.0,3875.051192800001
2024,경북,대성,산업용,115.0,37746.42104969999
2024,경북,대성,수송용,3.0,18325.26924
2024,경북,대성,업무난방용,635.0,1356.9381592
2024,경북,대성,연료전지용,8.0,1.1351059
2024,경북,대성,열병합용,0.0,0.0
2024,경북,대성,일반용1,1942.0,6000.206848099999
2024,경북,대성,일반용2,89.0,2079.0914869
2024,경북,대성,집단에너지용,,
2024,경북,대성,취사용,645.0,33.5618223
2024,경북,대성청정,개별난방용,97573.0,60197.0
2024,경북,대성청정,냉난방용,127.0,2781.0
2024,경북,대성청정,산업용,104.0,100338.0
2024,경북,대성청정,수송용,,
2024,경북,대성청정,업무난방용,1095.0,1240.0
2024,경북,대성청정,연료전지용,5.0,1.0
2024,경북,대성청정,열병합용,0.0,0.0
2024,경북,대성청정,일반용1,2509.0,8380.0
2024,경북,대성청정,일반용2,,
2024,경북,대성청정,집단에너지용,,
2024,경북,대성청정,취사용,5228.0,251.0
2024,경북,서라벌,개별난방용,133215.0,53486.0
2024,경북,서라벌,냉난방용,119.0,3002.0
2024,경북,서라벌,산업용,329.0,101136.0
2024,경북,서라벌,수송용,1.0,4547.0
2024,경북,서라벌,업무난방용,962.0,2874.0
2024,경북,서라벌,연료전지용,3.0,
2024,경북,서라벌,열병합용,0.0,0.0
2024,경북,서라벌,일반용1,5435.0,20641.0
2024,경북,서라벌,일반용2,,
2024,경북,서라벌,집단에너지용,,
2024,경북,서라벌,취사용,1464.0,14943.0
2024,경북,영남ES(구미),개별난방용,302078.0,123208.47434107
2024,경북,영남ES(구미),냉난방용,260.0,5412.523555
2024,경북,영남ES(구미),산업용,276.0,303010.854682
2024,경북,영남ES(구미),수송용,71.0,6147.92756
2024,경북,영남ES(구미),업무난방용,1836.0,6802.832689000002
2024,경북,영남ES(구미),연료전지용,16.0,41609.00693700001
2024,경북,영남ES(구미),열병합용,4.0,18744.47
2024,경북,영남ES(구미),일반용1,7085.0,16202.766593
2024,경북,영남ES(구미),일반용2,71.0,8830.735204999999
2024,경북,영남ES(구미),집단에너지용,2.0,5823.548999999998
2024,경북,영남ES(구미),취사용,2708.0,41230.19790703
2024,경북,영남ES(포항),개별난방용,208203.0,120453.0
2024,경북,영남ES(포항),냉난방용,195.0,5594.0
2024,경북,영남ES(포항),산업용,255.0,255495.0
2024,경북,영남ES(포항),수송용,1.0,3386.0
2024,경북,영남ES(포항),업무난방용,1311.0,2618.0
2024,경북,영남ES(포항),연료전지용,12.0,37003.0
2024,경북,영남ES(포항),열병합용,3.0,1677.0
2024,경북,영남ES(포항),일반용1,5504.0,16615.0
2024,경북,영남ES(포항),일반용2,60.0,3907.0
2024,경북,영남ES(포항),집단에너지용,2.0,2424.0
2024,경북,영남ES(포항),취사용,16213.0,1930.0
2024,광주,해양,개별난방용,634052.0,256052.0
2024,광주,해양,냉난방용,591.0,18766.0
2024,광주,해양,산업용,669.0,127847.0
2024,광주,해양,수송용,7.0,32497.0
2024,광주,해양,업무난방용,5130.0,10867.0
2024,광주,해양,연료전지용,76.0,28198.0
2024,광주,해양,열병합용,1.0,825.0
2024,광주,해양,일반용1,17770.0,56674.0
2024,광주,해양,일반용2,150.0,12605.0
2024,광주,해양,집단에너지용,2.0,43.0
2024,광주,해양,취사용,38153.0,76934.0
2024,대구,대성,개별난방용,939456.0,513559.6254682
2024,대구,대성,냉난방용,902.0,29983.7028174
2024,대구,대성,산업용,1021.0,190304.5798874
2024,대구,대성,수송용,9.0,57531.78847000001
2024,대구,대성,업무난방용,6272.0,16408.1483696
2024,대구,대성,연료전지용,46.0,5107.5227731
2024,대구,대성,열병합용,18.0,5551.966
2024,대구,대성,일반용1,19684.0,51271.0377128
2024,대구,대성,일반용2,973.0,23941.6306057
2024,대구,대성,집단에너지용,31.0,11296.129
2024,대구,대성,취사용,124557.0,6040.408193900001
2024,대구,대성청정,개별난방용,1544.0,862.0
2024,대구,대성청정,냉난방용,,
2024,대구,대성청정,산업용,13.0,3565.0
2024,대구,대성청정,수송용,,
2024,대구,대성청정,업무난방용,28.0,12.0
2024,대구,대성청정,연료전지용,,
2024,대구,대성청정,열병합용,0.0,0.0
2024,대구,대성청정,일반용1,60.0,167.0
2024,대구,대성청정,일반용2,,
2024,대구,대성청정,집단에너지용,,
2024,대구,대성청정,취사용,10.0,
2024,대전,CNCITY,개별난방용,602235.0,284376.0
2024,대전,CNCITY,냉난방용,1220.0,43013.0
2024,대전,CNCITY,산업용,172.0,77597.0
2024,대전,CNCITY,수송용,5.0,30818.0
2024,대전,CNCITY,업무난방용,4490.0,25144.0
2024,대전,CNCITY,연료전지용,60.0,13707.0
2024,대전,CNCITY,열병합용,8.0,35657.0
2024,대전,CNCITY,일반용1,20059.0,68339.0
2024,대전,CNCITY,일반용2,137.0,6170.0
2024,대전,CNCITY,집단에너지용,1.0,725.0
2024,대전,CNCITY,취사용,56134.0,51097.0
2024,부산,부산,개별난방용,1396382.0,493648.2437368
2024,부산,부산,냉난방용,2089.0,37726.0821221
2024,부산,부산,산업용,659.0,301220.3314798
2024,부산,부산,수송용,15.0,80258.93346540001
2024,부산,부산,업무난방용,3387.0,13807.4171986
2024,부산,부산,연료전지용,2.0,57346.72941280001
2024,부산,부산,열병합용,10.0,2690.6352878000002
2024,부산,부산,일반용1,68844.0,126876.8316299
2024,부산,부산,일반용2,1045.0,21772.625977
2024,부산,부산,집단에너지용,2.0,12840.601
2024,부산,부산,취사용,134972.0,150343.6387127
2024,서울,귀뚜라미,개별난방용,369908.0,172209.0
2024,서울,귀뚜라미,냉난방용,354.0,10190.0
2024,서울,귀뚜라미,산업용,59.0,1392.0
2024,서울,귀뚜라미,수송용,4.0,26099.0
2024,서울,귀뚜라미,업무난방용,4811.0,13226.0
2024,서울,귀뚜라미,연료전지용,24.0,489.0
2024,서울,귀뚜라미,열병합용,5.0,1149.0
2024,서울,귀뚜라미,일반용1,11324.0,31917.0
2024,서울,귀뚜라미,일반용2,44.0,1492.0
2024,서울,귀뚜라미,집단에너지용,5.0,2121.0
2024,서울,귀뚜라미,취사용,28961.0,37213.0
2024,서울,대륜,개별난방용,446832.0,226545.50642
2024,서울,대륜,냉난방용,490.0,12841.57989
2024,서울,대륜,산업용,78.0,962.13007
2024,서울,대륜,수송용,8.0,47404.63999999999
2024,서울,대륜,업무난방용,2388.0,7746.928619999999
2024,서울,대륜,연료전지용,23.0,18.05319
2024,서울,대륜,열병합용,6.0,30090.251
2024,서울,대륜,일반용1,14817.0,46258.38329000001
2024,서울,대륜,일반용2,99.0,4077.62738
2024,서울,대륜,집단에너지용,6.0,28307.722
2024,서울,대륜,취사용,103688.0,65002.39152999999
2024,서울,서울,개별난방용,1490832.0,747348.0
2024,서울,서울,냉난방용,1997.0,79466.0
2024,서울,서울,산업용,57.0,4681.0
2024,서울,서울,수송용,9.0,58347.0
2024,서울,서울,업무난방용,38137.0,45750.0
2024,서울,서울,연료전지용,297.0,36311.0
2024,서울,서울,열병합용,25.0,48070.0
2024,서울,서울,일반용1,79143.0,185388.0
2024,서울,서울,일반용2,321.0,15523.0
2024,서울,서울,집단에너지용,6.0,25961.0
2024,서울,서울,취사용,235903.0,112859.0
2024,서울,예스코,개별난방용,925613.0,480731.8092248
2024,서울,예스코,냉난방용,1618.0,83137.99037190001
2024,서울,예스코,산업용,2373.0,9038.6054706
2024,서울,예스코,수송용,5.0,27013.845
2024,서울,예스코,업무난방용,9459.0,36057.2095383
2024,서울,예스코,연료전지용,185.0,31.3247069
2024,서울,예스코,열병합용,18.0,3539.482
2024,서울,예스코,일반용1,49179.0,172775.8295042
2024,서울,예스코,일반용2,189.0,12282.0302119
2024,서울,예스코,집단에너지용,8.0,617.325
2024,서울,예스코,취사용,54941.0,96247.06656
2024,서울,코원ES,개별난방용,528614.0,268346.0
2024,서울,코원ES,냉난방용,1752.0,77467.0
2024,서울,코원ES,산업용,16.0,317.0
2024,서울,코원ES,수송용,5.0,46338.0
2024,서울,코원ES,업무난방용,13621.0,42956.0
2024,서울,코원ES,연료전지용,215.0,90398.0
2024,서울,코원ES,열병합용,20.0,16053.0
2024,서울,코원ES,일반용1,30896.0,155928.0
2024,서울,코원ES,일반용2,120.0,11077.0
2024,서울,코원ES,집단에너지용,14.0,32562.0
2024,서울,코원ES,취사용,256151.0,63287.0
2024,세종,JB,개별난방용,36002.0,17506.0
2024,세종,JB,냉난방용,385.0,3806.0
2024,세종,JB,산업용,75.0,41533.0
2024,세종,JB,수송용,1.0,6053.0
2024,세종,JB,업무난방용,360.0,1140.0
2024,세종,JB,연료전지용,15.0,28.0
2024,세종,JB,열병합용,0.0,0.0
2024,세종,JB,일반용1,3218.0,8154.0
2024,세종,JB,일반용2,454.0,2824.0
2024,세종,JB,집단에너지용,1.0,7391.0
2024,세종,JB,취사용,71991.0,4755.0
2024,세종,충청ES,개별난방용,2310.0,1156.117
2024,세종,충청ES,냉난방용,10.0,130.751
2024,세종,충청ES,산업용,11.0,11297.18
2024,세종,충청ES,수송용,,
2024,세종,충청ES,업무난방용,19.0,249.518
2024,세종,충청ES,연료전지용,,
2024,세종,충청ES,열병합용,0.0,0.0
2024,세종,충청ES,일반용1,88.0,272.566
2024,세종,충청ES,일반용2,3.0,9.102
2024,세종,충청ES,집단에너지용,,
2024,세종,충청ES,취사용,0.0,
2024,울산,경동,개별난방용,482901.0,260397.80657
2024,울산,경동,냉난방용,383.0,11145.15156
2024,울산,경동,산업용,333.0,1410990.16676
2024,울산,경동,수송용,6.0,30942.91042
2024,울산,경동,업무난방용,2720.0,17822.56349
2024,울산,경동,연료전지용,12.0,38292.76858
2024,울산,경동,열병합용,4.0,6231.35701
2024,울산,경동,일반용1,18432.0,54071.94276999999
2024,울산,경동,일반용2,193.0,9326.14494
2024,울산,경동,집단에너지용,,
2024,울산,경동,취사용,4453.0,163.14826
2024,인천,삼천리,개별난방용,328489.0,156470.794915
2024,인천,삼천리,냉난방용,406.0,14005.2057
2024,인천,삼천리,산업용,487.0,279763.91793
2024,인천,삼천리,수송용,3.0,25185.764753
2024,인천,삼천리,업무난방용,2714.0,9708.996748
2024,인천,삼천리,연료전지용,101.0,78412.372851
2024,인천,삼천리,열병합용,10.0,9628.381806
2024,인천,삼천리,일반용1,12349.0,44317.89994699999
2024,인천,삼천리,일반용2,171.0,5666.284301
2024,인천,삼천리,집단에너지용,9.0,5262.735655
2024,인천,삼천리,취사용,97128.0,35196.160347
2024,인천,인천,개별난방용,637196.0,303192.0
2024,인천,인천,냉난방용,690.0,21890.0
2024,인천,인천,산업용,360.0,169630.0
2024,인천,인천,수송용,9.0,41251.0
2024,인천,인천,업무난방용,8464.0,15655.0
2024,인천,인천,연료전지용,27.0,331900.0
2024,인천,인천,열병합용,1.0,964.0
2024,인천,인천,일반용1,21581.0,71824.0
2024,인천,인천,일반용2,371.0,15131.0
2024,인천,인천,집단에너지용,,
2024,인천,인천,취사용,152419.0,83729.0
2024,전남,MC에너지,개별난방용,137915.0,60359.0
2024,전남,MC에너지,냉난방용,177.0,4142.0
2024,전남,MC에너지,산업용,185.0,27757.0
2024,전남,MC에너지,수송용,3.0,4706.0
2024,전남,MC에너지,업무난방용,371.0,1375.0
2024,전남,MC에너지,연료전지용,4.0,
2024,전남,MC에너지,열병합용,0.0,0.0
2024,전남,MC에너지,일반용1,4381.0,13454.0
2024,전남,MC에너지,일반용2,33.0,3040.0
2024,전남,MC에너지,집단에너지용,,
2024,전남,MC에너지,취사용,16942.0,15894.0
2024,전남,대화,개별난방용,107838.0,54119.6849432
2024,전남,대화,냉난방용,57.0,2073.8973574
2024,전남,대화,산업용,118.0,164204.5856603
2024,전남,대화,수송용,2.0,7790.956999999999
2024,전남,대화,업무난방용,676.0,1657.2976738
2024,전남,대화,연료전지용,2.0,37281.088
2024,전남,대화,열병합용,1.0,215.12
2024,전남,대화,일반용1,3191.0,7615.462404299999
2024,전남,대화,일반용2,36.0,4446.0434233
2024,전남,대화,집단에너지용,4.0,7607.803000000001
2024,전남,대화,취사용,511.0,25.2637398
2024,전남,전남,개별난방용,180416.0,88230.0
2024,전남,전남,냉난방용,202.0,3757.0
2024,전남,전남,산업용,183.0,186915.0
2024,전남,전남,수송용,2.0,5778.0
2024,전남,전남,업무난방용,989.0,2313.0
2024,전남,전남,연료전지용,11.0,9.0
2024,전남,전남,열병합용,0.0,0.0
2024,전남,전남,일반용1,4656.0,13739.0
2024,전남,전남,일반용2,28.0,1498.0
2024,전남,전남,집단에너지용,,
2024,전남,전남,취사용,2745.0,101.0
2024,전남,해양,개별난방용,78866.0,32817.0
2024,전남,해양,냉난방용,131.0,2506.0
2024,전남,해양,산업용,282.0,86061.0
2024,전남,해양,수송용,1.0,4964.0
2024,전남,해양,업무난방용,542.0,2310.0
2024,전남,해양,연료전지용,16.0,5.0
2024,전남,해양,열병합용,3.0,928.0
2024,전남,해양,일반용1,3496.0,10438.0
2024,전남,해양,일반용2,28.0,1149.0
2024,전남,해양,집단에너지용,1.0,5580.0
2024,전남,해양,취사용,12247.0,9642.0
2024,전북,군산,개별난방용,125109.0,69956.46245099998
2024,전북,군산,냉난방용,131.0,2699.9729
2024,전북,군산,산업용,155.0,205597.7852878
2024,전북,군산,수송용,1.0,2831.650000000001
2024,전북,군산,업무난방용,751.0,2274.028
2024,전북,군산,연료전지용,2.0,7.81
2024,전북,군산,열병합용,2.0,872.342
2024,전북,군산,일반용1,2011.0,9645.585
2024,전북,군산,일반용2,,
2024,전북,군산,집단에너지용,,1.322
2024,전북,군산,취사용,4958.0,4821.593122999999
2024,전북,전북,개별난방용,372961.0,187538.0
2024,전북,전북,냉난방용,398.0,10437.0
2024,전북,전북,산업용,443.0,176368.0
2024,전북,전북,수송용,6.0,13818.0
2024,전북,전북,업무난방용,2735.0,9459.0
2024,전북,전북,연료전지용,5.0,277.0
2024,전북,전북,열병합용,5.0,1496.0
2024,전북,전북,일반용1,9996.0,34291.0
2024,전북,전북,일반용2,,
2024,전북,전북,집단에너지용,1.0,407.0
2024,전북,전북,취사용,11921.0,40140.0
2024,전북,전북ES,개별난방용,120031.0,52646.14465739999
2024,전북,전북ES,냉난방용,157.0,3046.9528853
2024,전북,전북ES,산업용,151.0,70278.8961331
2024,전북,전북ES,수송용,1.0,4393.9953262
2024,전북,전북ES,업무난방용,746.0,3174.591947
2024,전북,전북ES,연료전지용,2.0,20578.3742318
2024,전북,전북ES,열병합용,1.0,277.122
2024,전북,전북ES,일반용1,2291.0,7081.0661636
2024,전북,전북ES,일반용2,115.0,1929.1373926
2024,전북,전북ES,집단에너지용,1.0,1487.322
2024,전북,전북ES,취사용,9642.0,11646.2001445
2024,제주,제주,개별난방용,53417.0,22095.75
2024,제주,제주,냉난방용,57.0,2385.02
2024,제주,제주,산업용,1.0,2.96
2024,제주,제주,수송용,,
2024,제주,제주,업무난방용,210.0,3626.87
2024,제주,제주,연료전지용,2.0,2.16
2024,제주,제주,열병합용,0.0,0.0
2024,제주,제주,일반용1,724.0,8762.11
2024,제주,제주,일반용2,,0.0
2024,제주,제주,집단에너지용,,
2024,제주,제주,취사용,0.0,
2024,충남,CNCITY,개별난방용,18603.0,10176.0
2024,충남,CNCITY,냉난방용,33.0,616.0
2024,충남,CNCITY,산업용,4.0,1650.0
2024,충남,CNCITY,수송용,,
2024,충남,CNCITY,업무난방용,196.0,3776.0
2024,충남,CNCITY,연료전지용,,
2024,충남,CNCITY,열병합용,0.0,0.0
2024,충남,CNCITY,일반용1,521.0,2689.0
2024,충남,CNCITY,일반용2,6.0,78.0
2024,충남,CNCITY,집단에너지용,,
2024,충남,CNCITY,취사용,32.0,1540.0
2024,충남,JB,개별난방용,533245.0,275286.0
2024,충남,JB,냉난방용,471.0,14196.0
2024,충남,JB,산업용,477.0,432247.0
2024,충남,JB,수송용,2.0,8982.0
2024,충남,JB,업무난방용,3965.0,12309.0
2024,충남,JB,연료전지용,92.0,9328.0
2024,충남,JB,열병합용,3.0,10156.0
2024,충남,JB,일반용1,8551.0,22528.0
2024,충남,JB,일반용2,3368.0,25739.0
2024,충남,JB,집단에너지용,6.0,1792.0
2024,충남,JB,취사용,32585.0,26513.0
2024,충남,서해,개별난방용,190471.0,72532.0
2024,충남,서해,냉난방용,137.0,2001.0
2024,충남,서해,산업용,225.0,480646.0
2024,충남,서해,수송용,,
2024,충남,서해,업무난방용,1213.0,2023.0
2024,충남,서해,연료전지용,9.0,22671.0
2024,충남,서해,열병합용,0.0,0.0
2024,충남,서해,일반용1,4334.0,11887.0
2024,충남,서해,일반용2,,
2024,충남,서해,집단에너지용,1.0,1263.0
2024,충남,서해,취사용,14761.0,18310.0
2024,충북,참빛충북,개별난방용,82110.0,47649.07255326
2024,충북,참빛충북,냉난방용,96.0,2133.1858651
2024,충북,참빛충북,산업용,224.0,94575.5451642
2024,충북,참빛충북,수송용,,
2024,충북,참빛충북,업무난방용,358.0,1228.2378631
2024,충북,참빛충북,연료전지용,1.0,
2024,충북,참빛충북,열병합용,0.0,0.0
2024,충북,참빛충북,일반용1,1642.0,5605.263271
2024,충북,참빛충북,일반용2,,
2024,충북,참빛충북,집단에너지용,,
2024,충북,참빛충북,취사용,1439.0,14.143333
2024,충북,충청ES,개별난방용,409444.0,222096.482
2024,충북,충청ES,냉난방용,637.0,15160.467
2024,충북,충청ES,산업용,517.0,488352.085
2024,충북,충청ES,수송용,3.0,15208.128
2024,충북,충청ES,업무난방용,6133.0,10882.698
2024,충북,충청ES,연료전지용,43.0,57012.54300000001
2024,충북,충청ES,열병합용,2.0,0.0
2024,충북,충청ES,일반용1,9593.0,29144.27
2024,충북,충청ES,일반용2,356.0,6070.73
2024,충북,충청ES,집단에너지용,4.0,918.941
2024,충북,충청ES,취사용,70816.0,4268.891000000001
